omitted_video_id,omitted_n_frames,ema_alpha,metric,delta_after_omission
video_test_0000004,249,0.25,accuracy,0.0053523185393291595
video_test_0000004,249,0.25,global_ece,-0.02198594483583488
video_test_0000004,249,0.25,mean_tfi,-1.576212353581914
video_test_0000004,249,0.25,mean_predicted_switches,-43.44761904761904
video_test_0000004,249,0.25,mean_transition_delay,0.2326013513513514
video_test_0000004,249,0.25,ptsm,-0.00544656819018105
video_test_0000004,249,0.25,missed_transition_rate,0.013513513513513514
video_test_0000004,249,0.5,accuracy,0.014688175778886592
video_test_0000004,249,0.5,global_ece,-0.051512461299665135
video_test_0000004,249,0.5,mean_tfi,-3.2778284662341015
video_test_0000004,249,0.5,mean_predicted_switches,-93.87142857142857
video_test_0000004,249,0.5,mean_transition_delay,0.6489864864864865
video_test_0000004,249,0.5,ptsm,-0.009322739783780287
video_test_0000004,249,0.5,missed_transition_rate,0.03851351351351351
video_test_0000006,499,0.25,accuracy,0.0053383449631920765
video_test_0000006,499,0.25,global_ece,-0.021995031946714344
video_test_0000006,499,0.25,mean_tfi,-1.5659419111609347
video_test_0000006,499,0.25,mean_predicted_switches,-43.428571428571445
video_test_0000006,499,0.25,mean_transition_delay,0.23271500843170312
video_test_0000006,499,0.25,ptsm,-0.005431598186274117
video_test_0000006,499,0.25,missed_transition_rate,0.013490725126475561
video_test_0000006,499,0.5,accuracy,0.01470217969930221
video_test_0000006,499,0.5,global_ece,-0.05158214673515191
video_test_0000006,499,0.5,mean_tfi,-3.2641489526411513
video_test_0000006,499,0.5,mean_predicted_switches,-93.8857142857143
video_test_0000006,499,0.5,mean_transition_delay,0.6489038785834742
video_test_0000006,499,0.5,ptsm,-0.00929766496548845
video_test_0000006,499,0.5,missed_transition_rate,0.038448566610455315
video_test_0000007,3617,0.25,accuracy,0.005376604358165893
video_test_0000007,3617,0.25,global_ece,-0.021965933578534935
video_test_0000007,3617,0.25,mean_tfi,-1.5566370400066019
video_test_0000007,3617,0.25,mean_predicted_switches,-42.74285714285713
video_test_0000007,3617,0.25,mean_transition_delay,0.2322274881516586
video_test_0000007,3617,0.25,ptsm,-0.005462669293753913
video_test_0000007,3617,0.25,missed_transition_rate,0.013371699390656716
video_test_0000007,3617,0.5,accuracy,0.014813649373990101
video_test_0000007,3617,0.5,global_ece,-0.05151955380741202
video_test_0000007,3617,0.5,mean_tfi,-3.2400867781490854
video_test_0000007,3617,0.5,mean_predicted_switches,-92.5142857142857
video_test_0000007,3617,0.5,mean_transition_delay,0.6455653351387953
video_test_0000007,3617,0.5,ptsm,-0.009365706963752968
video_test_0000007,3617,0.5,missed_transition_rate,0.03825321597833445
video_test_0000011,590,0.25,accuracy,0.00534879607115335
video_test_0000011,590,0.25,global_ece,-0.021982524911784346
video_test_0000011,590,0.25,mean_tfi,-1.5701807478635672
video_test_0000011,590,0.25,mean_predicted_switches,-43.366666666666674
video_test_0000011,590,0.25,mean_transition_delay,0.23295070898041903
video_test_0000011,590,0.25,ptsm,-0.005438391131645459
video_test_0000011,590,0.25,missed_transition_rate,0.013504388926401073
video_test_0000011,590,0.5,accuracy,0.014700194583444515
video_test_0000011,590,0.5,global_ece,-0.05152713688221136
video_test_0000011,590,0.5,mean_tfi,-3.2691834105548665
video_test_0000011,590,0.5,mean_predicted_switches,-93.78095238095239
video_test_0000011,590,0.5,mean_transition_delay,0.6495611073598919
video_test_0000011,590,0.5,ptsm,-0.009311528130087954
video_test_0000011,590,0.5,missed_transition_rate,0.03848750844024307
video_test_0000026,1555,0.25,accuracy,0.0053583026629141495
video_test_0000026,1555,0.25,global_ece,-0.022060191188825795
video_test_0000026,1555,0.25,mean_tfi,-1.5783732495668357
video_test_0000026,1555,0.25,mean_predicted_switches,-43.461904761904776
video_test_0000026,1555,0.25,mean_transition_delay,0.23548497267759494
video_test_0000026,1555,0.25,ptsm,-0.005484615782971547
video_test_0000026,1555,0.25,missed_transition_rate,0.013661202185792365
video_test_0000026,1555,0.5,accuracy,0.01474585648649307
video_test_0000026,1555,0.5,global_ece,-0.05171174501490472
video_test_0000026,1555,0.5,mean_tfi,-3.282592291758929
video_test_0000026,1555,0.5,mean_predicted_switches,-93.91904761904763
video_test_0000026,1555,0.5,mean_transition_delay,0.656079234972677
video_test_0000026,1555,0.5,ptsm,-0.009394972083323794
video_test_0000026,1555,0.5,missed_transition_rate,0.0387636612021858
video_test_0000028,1090,0.25,accuracy,0.005344815678926751
video_test_0000028,1090,0.25,global_ece,-0.021999351180461424
video_test_0000028,1090,0.25,mean_tfi,-1.5759749240874417
video_test_0000028,1090,0.25,mean_predicted_switches,-43.36190476190478
video_test_0000028,1090,0.25,mean_transition_delay,0.23289295392953946
video_test_0000028,1090,0.25,ptsm,-0.005470154029410923
video_test_0000028,1090,0.25,missed_transition_rate,0.013380758807588072
video_test_0000028,1090,0.5,accuracy,0.014719262055111648
video_test_0000028,1090,0.5,global_ece,-0.05158539944273269
video_test_0000028,1090,0.5,mean_tfi,-3.278743546948057
video_test_0000028,1090,0.5,mean_predicted_switches,-93.76190476190476
video_test_0000028,1090,0.5,mean_transition_delay,0.6460027100271004
video_test_0000028,1090,0.5,ptsm,-0.00939861100399017
video_test_0000028,1090,0.5,missed_transition_rate,0.03827913279132791
video_test_0000039,1701,0.25,accuracy,0.005375697156024484
video_test_0000039,1701,0.25,global_ece,-0.022096164137202307
video_test_0000039,1701,0.25,mean_tfi,-1.5784217737913346
video_test_0000039,1701,0.25,mean_predicted_switches,-43.480952380952374
video_test_0000039,1701,0.25,mean_transition_delay,0.23381904439173162
video_test_0000039,1701,0.25,ptsm,-0.00546783463379219
video_test_0000039,1701,0.25,missed_transition_rate,0.013554727211114864
video_test_0000039,1701,0.5,accuracy,0.014797456245374763
video_test_0000039,1701,0.5,global_ece,-0.051817163115457227
video_test_0000039,1701,0.5,mean_tfi,-3.282193158062161
video_test_0000039,1701,0.5,mean_predicted_switches,-93.91904761904763
video_test_0000039,1701,0.5,mean_transition_delay,0.6519823788546262
video_test_0000039,1701,0.5,ptsm,-0.009368503900101327
video_test_0000039,1701,0.5,missed_transition_rate,0.038630972551677384
video_test_0000045,1761,0.25,accuracy,0.005331536096184308
video_test_0000045,1761,0.25,global_ece,-0.021967960731924807
video_test_0000045,1761,0.25,mean_tfi,-1.5749300349277355
video_test_0000045,1761,0.25,mean_predicted_switches,-43.26190476190476
video_test_0000045,1761,0.25,mean_transition_delay,0.2333276769048025
video_test_0000045,1761,0.25,ptsm,-0.005472137548510919
video_test_0000045,1761,0.25,missed_transition_rate,0.013575428474461249
video_test_0000045,1761,0.5,accuracy,0.014758004826063154
video_test_0000045,1761,0.5,global_ece,-0.05158629942316592
video_test_0000045,1761,0.5,mean_tfi,-3.275131866500775
video_test_0000045,1761,0.5,mean_predicted_switches,-93.46666666666667
video_test_0000045,1761,0.5,mean_transition_delay,0.6512811810622772
video_test_0000045,1761,0.5,ptsm,-0.009380312180289202
video_test_0000045,1761,0.5,missed_transition_rate,0.03868997115221451
video_test_0000046,1330,0.25,accuracy,0.005369704290655197
video_test_0000046,1330,0.25,global_ece,-0.0220021860889259
video_test_0000046,1330,0.25,mean_tfi,-1.5619255796317466
video_test_0000046,1330,0.25,mean_predicted_switches,-43.23809523809524
video_test_0000046,1330,0.25,mean_transition_delay,0.2327819041188386
video_test_0000046,1330,0.25,ptsm,-0.005437462572043639
video_test_0000046,1330,0.25,missed_transition_rate,0.013504388926401073
video_test_0000046,1330,0.5,accuracy,0.014729877130829072
video_test_0000046,1330,0.5,global_ece,-0.0515552122727351
video_test_0000046,1330,0.5,mean_tfi,-3.2459066922539925
video_test_0000046,1330,0.5,mean_predicted_switches,-93.45238095238093
video_test_0000046,1330,0.5,mean_transition_delay,0.6493923024983115
video_test_0000046,1330,0.5,ptsm,-0.009319631084580587
video_test_0000046,1330,0.5,missed_transition_rate,0.03848750844024307
video_test_0000051,866,0.25,accuracy,0.005332221078626964
video_test_0000051,866,0.25,global_ece,-0.021997914221938253
video_test_0000051,866,0.25,mean_tfi,-1.572729585607168
video_test_0000051,866,0.25,mean_predicted_switches,-43.395238095238085
video_test_0000051,866,0.25,mean_transition_delay,0.23134076325565722
video_test_0000051,866,0.25,ptsm,-0.005448600943095433
video_test_0000051,866,0.25,missed_transition_rate,0.01350894967916244
video_test_0000051,866,0.5,accuracy,0.01470936844537396
video_test_0000051,866,0.5,global_ece,-0.051600703111269214
video_test_0000051,866,0.5,mean_tfi,-3.2701472525954163
video_test_0000051,866,0.5,mean_predicted_switches,-93.75714285714284
video_test_0000051,866,0.5,mean_transition_delay,0.6469098277608918
video_test_0000051,866,0.5,ptsm,-0.00934277050091728
video_test_0000051,866,0.5,missed_transition_rate,0.038500506585612965
video_test_0000058,852,0.25,accuracy,0.005340998766769411
video_test_0000058,852,0.25,global_ece,-0.022021873499690564
video_test_0000058,852,0.25,mean_tfi,-1.577746846292877
video_test_0000058,852,0.25,mean_predicted_switches,-43.49047619047619
video_test_0000058,852,0.25,mean_transition_delay,0.2327935222672064
video_test_0000058,852,0.25,ptsm,-0.005441703470416365
video_test_0000058,852,0.25,missed_transition_rate,0.013495276653171379
video_test_0000058,852,0.5,accuracy,0.014702749414140404
video_test_0000058,852,0.5,global_ece,-0.051632909979817204
video_test_0000058,852,0.5,mean_tfi,-3.2783677412898076
video_test_0000058,852,0.5,mean_predicted_switches,-93.93809523809523
video_test_0000058,852,0.5,mean_transition_delay,0.6491228070175437
video_test_0000058,852,0.5,ptsm,-0.009323056866532287
video_test_0000058,852,0.5,missed_transition_rate,0.038461538461538464
video_test_0000062,108,0.25,accuracy,0.005338083618999123
video_test_0000062,108,0.25,global_ece,-0.021974649750796882
video_test_0000062,108,0.25,mean_tfi,-1.5707700181395792
video_test_0000062,108,0.25,mean_predicted_switches,-43.44761904761904
video_test_0000062,108,0.25,mean_transition_delay,0.23144399460188936
video_test_0000062,108,0.25,ptsm,-0.005444989447301679
video_test_0000062,108,0.25,missed_transition_rate,0.013326585695006748
video_test_0000062,108,0.5,accuracy,0.014693950870469874
video_test_0000062,108,0.5,global_ece,-0.05152619415550613
video_test_0000062,108,0.5,mean_tfi,-3.265473916936225
video_test_0000062,108,0.5,mean_predicted_switches,-93.87619047619049
video_test_0000062,108,0.5,mean_transition_delay,0.6477732793522266
video_test_0000062,108,0.5,ptsm,-0.009333293200253306
video_test_0000062,108,0.5,missed_transition_rate,0.038292847503373806
video_test_0000073,738,0.25,accuracy,0.005348171033489835
video_test_0000073,738,0.25,global_ece,-0.021996469358704307
video_test_0000073,738,0.25,mean_tfi,-1.575012781911754
video_test_0000073,738,0.25,mean_predicted_switches,-43.457142857142856
video_test_0000073,738,0.25,mean_transition_delay,0.2321066846725186
video_test_0000073,738,0.25,ptsm,-0.0054350066618763515
video_test_0000073,738,0.25,missed_transition_rate,0.0135043889264011
video_test_0000073,738,0.5,accuracy,0.014706720458328992
video_test_0000073,738,0.5,global_ece,-0.051557593929204476
video_test_0000073,738,0.5,mean_tfi,-3.2753216317252365
video_test_0000073,738,0.5,mean_predicted_switches,-93.87142857142857
video_test_0000073,738,0.5,mean_transition_delay,0.6466914247130315
video_test_0000073,738,0.5,ptsm,-0.009323349189411773
video_test_0000073,738,0.5,missed_transition_rate,0.038487508440243096
video_test_0000085,1652,0.25,accuracy,0.005374904878921782
video_test_0000085,1652,0.25,global_ece,-0.0220258036187736
video_test_0000085,1652,0.25,mean_tfi,-1.5442565386737188
video_test_0000085,1652,0.25,mean_predicted_switches,-43.166666666666686
video_test_0000085,1652,0.25,mean_transition_delay,0.23346828609986492
video_test_0000085,1652,0.25,ptsm,-0.005430403582121074
video_test_0000085,1652,0.25,missed_transition_rate,0.013495276653171379
video_test_0000085,1652,0.5,accuracy,0.014783244252882244
video_test_0000085,1652,0.5,global_ece,-0.05164507198142049
video_test_0000085,1652,0.5,mean_tfi,-3.2287074770269273
video_test_0000085,1652,0.5,mean_predicted_switches,-93.44761904761907
video_test_0000085,1652,0.5,mean_transition_delay,0.6496288798920373
video_test_0000085,1652,0.5,ptsm,-0.009299308387773236
video_test_0000085,1652,0.5,missed_transition_rate,0.038461538461538464
video_test_0000113,642,0.25,accuracy,0.005346631442271099
video_test_0000113,642,0.25,global_ece,-0.022022741922419625
video_test_0000113,642,0.25,mean_tfi,-1.5787065260760862
video_test_0000113,642,0.25,mean_predicted_switches,-43.5
video_test_0000113,642,0.25,mean_transition_delay,0.23271500843170312
video_test_0000113,642,0.25,ptsm,-0.005442323556792139
video_test_0000113,642,0.25,missed_transition_rate,0.013490725126475533
video_test_0000113,642,0.5,accuracy,0.014714481484702335
video_test_0000113,642,0.5,global_ece,-0.051633375019318195
video_test_0000113,642,0.5,mean_tfi,-3.2832112906735977
video_test_0000113,642,0.5,mean_predicted_switches,-93.9857142857143
video_test_0000113,642,0.5,mean_transition_delay,0.6489038785834733
video_test_0000113,642,0.5,ptsm,-0.009323915804369337
video_test_0000113,642,0.5,missed_transition_rate,0.038448566610455315
video_test_0000129,1436,0.25,accuracy,0.005320316092904065
video_test_0000129,1436,0.25,global_ece,-0.02193784230286344
video_test_0000129,1436,0.25,mean_tfi,-1.5653274779533835
video_test_0000129,1436,0.25,mean_predicted_switches,-43.095238095238074
video_test_0000129,1436,0.25,mean_transition_delay,0.2327469553450605
video_test_0000129,1436,0.25,ptsm,-0.005450026419371479
video_test_0000129,1436,0.25,missed_transition_rate,0.013362652232746935
video_test_0000129,1436,0.5,accuracy,0.01466844210924978
video_test_0000129,1436,0.5,global_ece,-0.05146436457616624
video_test_0000129,1436,0.5,mean_tfi,-3.253462434822765
video_test_0000129,1436,0.5,mean_predicted_switches,-93.14285714285714
video_test_0000129,1436,0.5,mean_transition_delay,0.6473274695534501
video_test_0000129,1436,0.5,ptsm,-0.009338450232682288
video_test_0000129,1436,0.5,missed_transition_rate,0.0378890392422192
video_test_0000131,976,0.25,accuracy,0.005318973306078112
video_test_0000131,976,0.25,global_ece,-0.021963278964367144
video_test_0000131,976,0.25,mean_tfi,-1.5764517492019108
video_test_0000131,976,0.25,mean_predicted_switches,-43.40952380952382
video_test_0000131,976,0.25,mean_transition_delay,0.23036560595802325
video_test_0000131,976,0.25,ptsm,-0.005419735083754734
video_test_0000131,976,0.25,missed_transition_rate,0.013371699390656744
video_test_0000131,976,0.5,accuracy,0.014669200082846334
video_test_0000131,976,0.5,global_ece,-0.05152203073612227
video_test_0000131,976,0.5,mean_tfi,-3.2771575381302744
video_test_0000131,976,0.5,mean_predicted_switches,-93.74761904761905
video_test_0000131,976,0.5,mean_transition_delay,0.6509817197020986
video_test_0000131,976,0.5,ptsm,-0.009277014908050135
video_test_0000131,976,0.5,missed_transition_rate,0.03859174001354096
video_test_0000173,1433,0.25,accuracy,0.005323273918662941
video_test_0000173,1433,0.25,global_ece,-0.02198298365199336
video_test_0000173,1433,0.25,mean_tfi,-1.57210033264173
video_test_0000173,1433,0.25,mean_predicted_switches,-43.35714285714286
video_test_0000173,1433,0.25,mean_transition_delay,0.2331081081081079
video_test_0000173,1433,0.25,ptsm,-0.005451527071879042
video_test_0000173,1433,0.25,missed_transition_rate,0.013513513513513514
video_test_0000173,1433,0.5,accuracy,0.014683338843968774
video_test_0000173,1433,0.5,global_ece,-0.051565871518475026
video_test_0000173,1433,0.5,mean_tfi,-3.2699605215312886
video_test_0000173,1433,0.5,mean_predicted_switches,-93.6952380952381
video_test_0000173,1433,0.5,mean_transition_delay,0.6494932432432439
video_test_0000173,1433,0.5,ptsm,-0.009340563536627489
video_test_0000173,1433,0.5,missed_transition_rate,0.03851351351351351
video_test_0000179,1260,0.25,accuracy,0.005347545386540364
video_test_0000179,1260,0.25,global_ece,-0.021991599821426788
video_test_0000179,1260,0.25,mean_tfi,-1.5771965184352492
video_test_0000179,1260,0.25,mean_predicted_switches,-43.35238095238097
video_test_0000179,1260,0.25,mean_transition_delay,0.22940776038121147
video_test_0000179,1260,0.25,ptsm,-0.005421724267382189
video_test_0000179,1260,0.25,missed_transition_rate,0.013274336283185834
video_test_0000179,1260,0.5,accuracy,0.01470274557400486
video_test_0000179,1260,0.5,global_ece,-0.05154584110944527
video_test_0000179,1260,0.5,mean_tfi,-3.280611581862776
video_test_0000179,1260,0.5,mean_predicted_switches,-93.72857142857143
video_test_0000179,1260,0.5,mean_transition_delay,0.6482300884955752
video_test_0000179,1260,0.5,ptsm,-0.009280655896630519
video_test_0000179,1260,0.5,missed_transition_rate,0.038461538461538464
video_test_0000188,4037,0.25,accuracy,0.0053107372018201815
video_test_0000188,4037,0.25,global_ece,-0.02188658795323703
video_test_0000188,4037,0.25,mean_tfi,-1.521567276436837
video_test_0000188,4037,0.25,mean_predicted_switches,-42.538095238095224
video_test_0000188,4037,0.25,mean_transition_delay,0.2316784869976356
video_test_0000188,4037,0.25,ptsm,-0.005446756560494287
video_test_0000188,4037,0.25,missed_transition_rate,0.01350894967916244
video_test_0000188,4037,0.5,accuracy,0.014684052034924289
video_test_0000188,4037,0.5,global_ece,-0.05137749949728099
video_test_0000188,4037,0.5,mean_tfi,-3.1701584383016392
video_test_0000188,4037,0.5,mean_predicted_switches,-92.17142857142855
video_test_0000188,4037,0.5,mean_transition_delay,0.6472475515028702
video_test_0000188,4037,0.5,ptsm,-0.009340574368960242
video_test_0000188,4037,0.5,missed_transition_rate,0.03833164471462344
video_test_0000211,737,0.25,accuracy,0.005339156413286639
video_test_0000211,737,0.25,global_ece,-0.02200205058099347
video_test_0000211,737,0.25,mean_tfi,-1.5763766155896706
video_test_0000211,737,0.25,mean_predicted_switches,-43.41428571428571
video_test_0000211,737,0.25,mean_transition_delay,0.23317551572539763
video_test_0000211,737,0.25,ptsm,-0.00545278916955011
video_test_0000211,737,0.25,missed_transition_rate,0.01352722353736896
video_test_0000211,737,0.5,accuracy,0.014703676819062594
video_test_0000211,737,0.5,global_ece,-0.05159660422635401
video_test_0000211,737,0.5,mean_tfi,-3.278882537896596
video_test_0000211,737,0.5,mean_predicted_switches,-93.82380952380953
video_test_0000211,737,0.5,mean_transition_delay,0.6487994589110588
video_test_0000211,737,0.5,ptsm,-0.009354265787779203
video_test_0000211,737,0.5,missed_transition_rate,0.03838349678728442
video_test_0000220,1841,0.25,accuracy,0.005326800729500869
video_test_0000220,1841,0.25,global_ece,-0.02194918826151082
video_test_0000220,1841,0.25,mean_tfi,-1.5706472866575476
video_test_0000220,1841,0.25,mean_predicted_switches,-43.190476190476176
video_test_0000220,1841,0.25,mean_transition_delay,0.23053486797562606
video_test_0000220,1841,0.25,ptsm,-0.005444644129210058
video_test_0000220,1841,0.25,missed_transition_rate,0.013371699390656716
video_test_0000220,1841,0.5,accuracy,0.014662244719846451
video_test_0000220,1841,0.5,global_ece,-0.051461216908701785
video_test_0000220,1841,0.5,mean_tfi,-3.266462018938764
video_test_0000220,1841,0.5,mean_predicted_switches,-93.35714285714283
video_test_0000220,1841,0.5,mean_transition_delay,0.6448882870683814
video_test_0000220,1841,0.5,ptsm,-0.009332254668718759
video_test_0000220,1841,0.5,missed_transition_rate,0.038422477995937704
video_test_0000238,766,0.25,accuracy,0.005330621525871604
video_test_0000238,766,0.25,global_ece,-0.02200251728078015
video_test_0000238,766,0.25,mean_tfi,-1.5749941202860622
video_test_0000238,766,0.25,mean_predicted_switches,-43.457142857142884
video_test_0000238,766,0.25,mean_transition_delay,0.23295070898041903
video_test_0000238,766,0.25,ptsm,-0.005441298833100322
video_test_0000238,766,0.25,missed_transition_rate,0.013504388926401073
video_test_0000238,766,0.5,accuracy,0.014668958503946228
video_test_0000238,766,0.5,global_ece,-0.05158462541517886
video_test_0000238,766,0.5,mean_tfi,-3.27509183233982
video_test_0000238,766,0.5,mean_predicted_switches,-93.87619047619049
video_test_0000238,766,0.5,mean_transition_delay,0.6495611073598919
video_test_0000238,766,0.5,ptsm,-0.00931314331591293
video_test_0000238,766,0.5,missed_transition_rate,0.03848750844024307
video_test_0000242,348,0.25,accuracy,0.005335929892891889
video_test_0000242,348,0.25,global_ece,-0.021972417538527605
video_test_0000242,348,0.25,mean_tfi,-1.565885758880321
video_test_0000242,348,0.25,mean_predicted_switches,-43.423809523809524
video_test_0000242,348,0.25,mean_transition_delay,0.2329229212346089
video_test_0000242,348,0.25,ptsm,-0.0054256032109907815
video_test_0000242,348,0.25,missed_transition_rate,0.013493000505987535
video_test_0000242,348,0.5,accuracy,0.014671560182757837
video_test_0000242,348,0.5,global_ece,-0.051504558573074316
video_test_0000242,348,0.5,mean_tfi,-3.2591916200813476
video_test_0000242,348,0.5,mean_predicted_switches,-93.85238095238097
video_test_0000242,348,0.5,mean_transition_delay,0.6490133243379992
video_test_0000242,348,0.5,ptsm,-0.00928793413801604
video_test_0000242,348,0.5,missed_transition_rate,0.03845505144206443
video_test_0000250,1587,0.25,accuracy,0.005292660042822472
video_test_0000250,1587,0.25,global_ece,-0.02195189239837389
video_test_0000250,1587,0.25,mean_tfi,-1.5752190307531722
video_test_0000250,1587,0.25,mean_predicted_switches,-43.24285714285713
video_test_0000250,1587,0.25,mean_transition_delay,0.23232494901427625
video_test_0000250,1587,0.25,ptsm,-0.005414683302509021
video_test_0000250,1587,0.25,missed_transition_rate,0.013596193065941536
video_test_0000250,1587,0.5,accuracy,0.0146450309139462
video_test_0000250,1587,0.5,global_ece,-0.05153539789932007
video_test_0000250,1587,0.5,mean_tfi,-3.277292438314488
video_test_0000250,1587,0.5,mean_predicted_switches,-93.54761904761904
video_test_0000250,1587,0.5,mean_transition_delay,0.6449694085656024
video_test_0000250,1587,0.5,ptsm,-0.009265929858759347
video_test_0000250,1587,0.5,missed_transition_rate,0.03806934058463629
video_test_0000254,1569,0.25,accuracy,0.005355521208585734
video_test_0000254,1569,0.25,global_ece,-0.022037445309557868
video_test_0000254,1569,0.25,mean_tfi,-1.5781697188023047
video_test_0000254,1569,0.25,mean_predicted_switches,-43.39047619047619
video_test_0000254,1569,0.25,mean_transition_delay,0.23394022672621073
video_test_0000254,1569,0.25,ptsm,-0.00543546779503612
video_test_0000254,1569,0.25,missed_transition_rate,0.013397457918241179
video_test_0000254,1569,0.5,accuracy,0.014692350715973967
video_test_0000254,1569,0.5,global_ece,-0.05163144498591665
video_test_0000254,1569,0.5,mean_tfi,-3.282011940590122
video_test_0000254,1569,0.5,mean_predicted_switches,-93.76190476190476
video_test_0000254,1569,0.5,mean_transition_delay,0.6602542081758846
video_test_0000254,1569,0.5,ptsm,-0.009295404428691117
video_test_0000254,1569,0.5,missed_transition_rate,0.038990037787701826
video_test_0000273,960,0.25,accuracy,0.005363740871585421
video_test_0000273,960,0.25,global_ece,-0.021958983117527003
video_test_0000273,960,0.25,mean_tfi,-1.574074790464759
video_test_0000273,960,0.25,mean_predicted_switches,-43.28571428571428
video_test_0000273,960,0.25,mean_transition_delay,0.23262122753475722
video_test_0000273,960,0.25,ptsm,-0.0053990016778247
video_test_0000273,960,0.25,missed_transition_rate,0.013563919972872152
video_test_0000273,960,0.5,accuracy,0.014737530878278782
video_test_0000273,960,0.5,global_ece,-0.05147565861293432
video_test_0000273,960,0.5,mean_tfi,-3.27366911100897
video_test_0000273,960,0.5,mean_predicted_switches,-93.50952380952381
video_test_0000273,960,0.5,mean_transition_delay,0.6444557477110884
video_test_0000273,960,0.5,ptsm,-0.00922051474404223
video_test_0000273,960,0.5,missed_transition_rate,0.03814852492370294
video_test_0000278,1610,0.25,accuracy,0.005350166760397346
video_test_0000278,1610,0.25,global_ece,-0.021965644842064674
video_test_0000278,1610,0.25,mean_tfi,-1.5769367752281092
video_test_0000278,1610,0.25,mean_predicted_switches,-43.304761904761904
video_test_0000278,1610,0.25,mean_transition_delay,0.22994195971321219
video_test_0000278,1610,0.25,ptsm,-0.005474492821400362
video_test_0000278,1610,0.25,missed_transition_rate,0.01331512461590989
video_test_0000278,1610,0.5,accuracy,0.01471822154321778
video_test_0000278,1610,0.5,global_ece,-0.0514877500832146
video_test_0000278,1610,0.5,mean_tfi,-3.2791075133692598
video_test_0000278,1610,0.5,mean_predicted_switches,-93.52857142857144
video_test_0000278,1610,0.5,mean_transition_delay,0.6403209286445888
video_test_0000278,1610,0.5,ptsm,-0.009391492645747124
video_test_0000278,1610,0.5,missed_transition_rate,0.03772618641174463
video_test_0000285,1443,0.25,accuracy,0.005302392689671698
video_test_0000285,1443,0.25,global_ece,-0.02194792508998536
video_test_0000285,1443,0.25,mean_tfi,-1.5703324244980914
video_test_0000285,1443,0.25,mean_predicted_switches,-43.32857142857142
video_test_0000285,1443,0.25,mean_transition_delay,0.23277027027027053
video_test_0000285,1443,0.25,ptsm,-0.005436440468237574
video_test_0000285,1443,0.25,missed_transition_rate,0.013513513513513514
video_test_0000285,1443,0.5,accuracy,0.014674762534567676
video_test_0000285,1443,0.5,global_ece,-0.05151552694591546
video_test_0000285,1443,0.5,mean_tfi,-3.2663959841652668
video_test_0000285,1443,0.5,mean_predicted_switches,-93.64285714285714
video_test_0000285,1443,0.5,mean_transition_delay,0.6491554054054056
video_test_0000285,1443,0.5,ptsm,-0.009305163964788837
video_test_0000285,1443,0.5,missed_transition_rate,0.03851351351351351
video_test_0000292,566,0.25,accuracy,0.005357405181123487
video_test_0000292,566,0.25,global_ece,-0.0219992315213203
video_test_0000292,566,0.25,mean_tfi,-1.5533241306936914
video_test_0000292,566,0.25,mean_predicted_switches,-43.36190476190475
video_test_0000292,566,0.25,mean_transition_delay,0.23254637436762238
video_test_0000292,566,0.25,ptsm,-0.005444466054322555
video_test_0000292,566,0.25,missed_transition_rate,0.013490725126475561
video_test_0000292,566,0.5,accuracy,0.01472012279760282
video_test_0000292,566,0.5,global_ece,-0.051554905522795846
video_test_0000292,566,0.5,mean_tfi,-3.2438728513351585
video_test_0000292,566,0.5,mean_predicted_switches,-93.79047619047617
video_test_0000292,566,0.5,mean_transition_delay,0.6487352445193926
video_test_0000292,566,0.5,ptsm,-0.009329459889678232
video_test_0000292,566,0.5,missed_transition_rate,0.038448566610455315
video_test_0000293,1747,0.25,accuracy,0.005343346089970447
video_test_0000293,1747,0.25,global_ece,-0.022015240883225706
video_test_0000293,1747,0.25,mean_tfi,-1.5587065260760875
video_test_0000293,1747,0.25,mean_predicted_switches,-43.366666666666674
video_test_0000293,1747,0.25,mean_transition_delay,0.23195006747638391
video_test_0000293,1747,0.25,ptsm,-0.005439645410488914
video_test_0000293,1747,0.25,missed_transition_rate,0.013495276653171379
video_test_0000293,1747,0.5,accuracy,0.014712253592317204
video_test_0000293,1747,0.5,global_ece,-0.051605866244624626
video_test_0000293,1747,0.5,mean_tfi,-3.234877957340265
video_test_0000293,1747,0.5,mean_predicted_switches,-93.64285714285714
video_test_0000293,1747,0.5,mean_transition_delay,0.6481106612685563
video_test_0000293,1747,0.5,ptsm,-0.009316890583320109
video_test_0000293,1747,0.5,missed_transition_rate,0.038461538461538464
video_test_0000308,1812,0.25,accuracy,0.005371474311714031
video_test_0000308,1812,0.25,global_ece,-0.022044239130621562
video_test_0000308,1812,0.25,mean_tfi,-1.5733499195344
video_test_0000308,1812,0.25,mean_predicted_switches,-43.22857142857143
video_test_0000308,1812,0.25,mean_transition_delay,0.23357046070460719
video_test_0000308,1812,0.25,ptsm,-0.005441990211003139
video_test_0000308,1812,0.25,missed_transition_rate,0.013550135501355004
video_test_0000308,1812,0.5,accuracy,0.014703094390495663
video_test_0000308,1812,0.5,global_ece,-0.05162297707942606
video_test_0000308,1812,0.5,mean_tfi,-3.2721431287898914
video_test_0000308,1812,0.5,mean_predicted_switches,-93.43809523809523
video_test_0000308,1812,0.5,mean_transition_delay,0.648204607046071
video_test_0000308,1812,0.5,ptsm,-0.00932600954402249
video_test_0000308,1812,0.5,missed_transition_rate,0.038448509485094845
video_test_0000319,1037,0.25,accuracy,0.0053349585392361565
video_test_0000319,1037,0.25,global_ece,-0.021973011350464117
video_test_0000319,1037,0.25,mean_tfi,-1.5678322504399063
video_test_0000319,1037,0.25,mean_predicted_switches,-43.35714285714286
video_test_0000319,1037,0.25,mean_transition_delay,0.23295070898041814
video_test_0000319,1037,0.25,ptsm,-0.005452842696978405
video_test_0000319,1037,0.25,missed_transition_rate,0.013335584064821049
video_test_0000319,1037,0.5,accuracy,0.014686897678077182
video_test_0000319,1037,0.5,global_ece,-0.051518639729908056
video_test_0000319,1037,0.5,mean_tfi,-3.2640603835503406
video_test_0000319,1037,0.5,mean_predicted_switches,-93.71904761904761
video_test_0000319,1037,0.5,mean_transition_delay,0.6493923024983115
video_test_0000319,1037,0.5,ptsm,-0.009347834110639025
video_test_0000319,1037,0.5,missed_transition_rate,0.03831870357866307
video_test_0000324,1114,0.25,accuracy,0.0053512067241425765
video_test_0000324,1114,0.25,global_ece,-0.022022830228549894
video_test_0000324,1114,0.25,mean_tfi,-1.5720398594094211
video_test_0000324,1114,0.25,mean_predicted_switches,-43.43333333333334
video_test_0000324,1114,0.25,mean_transition_delay,0.2327935222672064
video_test_0000324,1114,0.25,ptsm,-0.005446041256840228
video_test_0000324,1114,0.25,missed_transition_rate,0.013495276653171406
video_test_0000324,1114,0.5,accuracy,0.014741343327057232
video_test_0000324,1114,0.5,global_ece,-0.05164644757257411
video_test_0000324,1114,0.5,mean_tfi,-3.270873344000676
video_test_0000324,1114,0.5,mean_predicted_switches,-93.86666666666667
video_test_0000324,1114,0.5,mean_transition_delay,0.6489541160593797
video_test_0000324,1114,0.5,ptsm,-0.009334297409700987
video_test_0000324,1114,0.5,missed_transition_rate,0.038461538461538464
video_test_0000353,538,0.25,accuracy,0.005308991711257982
video_test_0000353,538,0.25,global_ece,-0.021938776889154743
video_test_0000353,538,0.25,mean_tfi,-1.576132452002013
video_test_0000353,538,0.25,mean_predicted_switches,-43.38095238095238
video_test_0000353,538,0.25,mean_transition_delay,0.23377943418600644
video_test_0000353,538,0.25,ptsm,-0.005433692937590301
video_test_0000353,538,0.25,missed_transition_rate,0.01355243096730474
video_test_0000353,538,0.5,accuracy,0.014676918926210702
video_test_0000353,538,0.5,global_ece,-0.05149367120097556
video_test_0000353,538,0.5,mean_tfi,-3.278009065927133
video_test_0000353,538,0.5,mean_predicted_switches,-93.74285714285713
video_test_0000353,538,0.5,mean_transition_delay,0.6457733355920716
video_test_0000353,538,0.5,ptsm,-0.009310533096285156
video_test_0000353,538,0.5,missed_transition_rate,0.038285617482635925
video_test_0000355,4841,0.25,accuracy,0.00529333519597186
video_test_0000355,4841,0.25,global_ece,-0.02201737062938719
video_test_0000355,4841,0.25,mean_tfi,-1.5138970022665648
video_test_0000355,4841,0.25,mean_predicted_switches,-42.93809523809523
video_test_0000355,4841,0.25,mean_transition_delay,0.2312753036437245
video_test_0000355,4841,0.25,ptsm,-0.005440724579119538
video_test_0000355,4841,0.25,missed_transition_rate,0.013495276653171379
video_test_0000355,4841,0.5,accuracy,0.014555912561269646
video_test_0000355,4841,0.5,global_ece,-0.051605477939154126
video_test_0000355,4841,0.5,mean_tfi,-3.1529735161024908
video_test_0000355,4841,0.5,mean_predicted_switches,-92.83333333333331
video_test_0000355,4841,0.5,mean_transition_delay,0.6474358974358969
video_test_0000355,4841,0.5,ptsm,-0.009327137247125611
video_test_0000355,4841,0.5,missed_transition_rate,0.038461538461538464
video_test_0000357,948,0.25,accuracy,0.005348540556764481
video_test_0000357,948,0.25,global_ece,-0.02201005589931082
video_test_0000357,948,0.25,mean_tfi,-1.5730128368356855
video_test_0000357,948,0.25,mean_predicted_switches,-43.35238095238094
video_test_0000357,948,0.25,mean_transition_delay,0.23326572008113633
video_test_0000357,948,0.25,ptsm,-0.00544359706161085
video_test_0000357,948,0.25,missed_transition_rate,0.013522650439486139
video_test_0000357,948,0.5,accuracy,0.014688977264200487
video_test_0000357,948,0.5,global_ece,-0.051551356971331785
video_test_0000357,948,0.5,mean_tfi,-3.2711352757527985
video_test_0000357,948,0.5,mean_predicted_switches,-93.67619047619047
video_test_0000357,948,0.5,mean_transition_delay,0.6502704530087895
video_test_0000357,948,0.5,ptsm,-0.009327152708775377
video_test_0000357,948,0.5,missed_transition_rate,0.03853955375253548
video_test_0000367,1664,0.25,accuracy,0.005335996318343028
video_test_0000367,1664,0.25,global_ece,-0.021931708539129152
video_test_0000367,1664,0.25,mean_tfi,-1.5731310032743746
video_test_0000367,1664,0.25,mean_predicted_switches,-43.247619047619054
video_test_0000367,1664,0.25,mean_transition_delay,0.23428765034728105
video_test_0000367,1664,0.25,ptsm,-0.005447241309496781
video_test_0000367,1664,0.25,missed_transition_rate,0.013552430967304768
video_test_0000367,1664,0.5,accuracy,0.014636391254259973
video_test_0000367,1664,0.5,global_ece,-0.051367520724914184
video_test_0000367,1664,0.5,mean_tfi,-3.2697736701376803
video_test_0000367,1664,0.5,mean_predicted_switches,-93.39523809523808
video_test_0000367,1664,0.5,mean_transition_delay,0.6479756056242589
video_test_0000367,1664,0.5,ptsm,-0.009339378739932902
video_test_0000367,1664,0.5,missed_transition_rate,0.03828561748263595
video_test_0000372,2201,0.25,accuracy,0.005380782231970138
video_test_0000372,2201,0.25,global_ece,-0.02200527848359196
video_test_0000372,2201,0.25,mean_tfi,-1.5720406458589178
video_test_0000372,2201,0.25,mean_predicted_switches,-43.166666666666686
video_test_0000372,2201,0.25,mean_transition_delay,0.23092573753814882
video_test_0000372,2201,0.25,ptsm,-0.005458326453623957
video_test_0000372,2201,0.25,missed_transition_rate,0.01339437097321125
video_test_0000372,2201,0.5,accuracy,0.014786606491886678
video_test_0000372,2201,0.5,global_ece,-0.05158505975190153
video_test_0000372,2201,0.5,mean_tfi,-3.2651734192611412
video_test_0000372,2201,0.5,mean_predicted_switches,-93.08571428571429
video_test_0000372,2201,0.5,mean_transition_delay,0.6456425907087144
video_test_0000372,2201,0.5,ptsm,-0.009358080082079417
video_test_0000372,2201,0.5,missed_transition_rate,0.03831807392336384
video_test_0000374,909,0.25,accuracy,0.005359918850948664
video_test_0000374,909,0.25,global_ece,-0.02201376199149946
video_test_0000374,909,0.25,mean_tfi,-1.5739587230873253
video_test_0000374,909,0.25,mean_predicted_switches,-43.41428571428571
video_test_0000374,909,0.25,mean_transition_delay,0.2327819041188386
video_test_0000374,909,0.25,ptsm,-0.0054401626900820454
video_test_0000374,909,0.25,missed_transition_rate,0.013504388926401073
video_test_0000374,909,0.5,accuracy,0.014714267707839346
video_test_0000374,909,0.5,global_ece,-0.051579489614966834
video_test_0000374,909,0.5,mean_tfi,-3.273888838416573
video_test_0000374,909,0.5,mean_predicted_switches,-93.83333333333331
video_test_0000374,909,0.5,mean_transition_delay,0.6487170830519924
video_test_0000374,909,0.5,ptsm,-0.009324522308994193
video_test_0000374,909,0.5,missed_transition_rate,0.03831870357866307
video_test_0000379,6352,0.25,accuracy,0.005214006120126569
video_test_0000379,6352,0.25,global_ece,-0.021778584647907717
video_test_0000379,6352,0.25,mean_tfi,-1.5669500183849907
video_test_0000379,6352,0.25,mean_predicted_switches,-42.39047619047619
video_test_0000379,6352,0.25,mean_transition_delay,0.23220973782771548
video_test_0000379,6352,0.25,ptsm,-0.005494549458575804
video_test_0000379,6352,0.25,missed_transition_rate,0.013449097718760628
video_test_0000379,6352,0.5,accuracy,0.01436978866342653
video_test_0000379,6352,0.5,global_ece,-0.05109760500319527
video_test_0000379,6352,0.5,mean_tfi,-3.2567024056760356
video_test_0000379,6352,0.5,mean_predicted_switches,-91.45238095238093
video_test_0000379,6352,0.5,mean_transition_delay,0.6486210418794691
video_test_0000379,6352,0.5,ptsm,-0.00946645420672404
video_test_0000379,6352,0.5,missed_transition_rate,0.038304392236976514
video_test_0000392,824,0.25,accuracy,0.005328548840530578
video_test_0000392,824,0.25,global_ece,-0.02198771131238375
video_test_0000392,824,0.25,mean_tfi,-1.5763200664061543
video_test_0000392,824,0.25,mean_predicted_switches,-43.41904761904763
video_test_0000392,824,0.25,mean_transition_delay,0.2334518368037921
video_test_0000392,824,0.25,ptsm,-0.005453586086486578
video_test_0000392,824,0.25,missed_transition_rate,0.013373963094633484
video_test_0000392,824,0.5,accuracy,0.014698513946936553
video_test_0000392,824,0.5,global_ece,-0.051583907536768864
video_test_0000392,824,0.5,mean_tfi,-3.2778580124132626
video_test_0000392,824,0.5,mean_predicted_switches,-93.7761904761905
video_test_0000392,824,0.5,mean_transition_delay,0.6485525647536816
video_test_0000392,824,0.5,ptsm,-0.009341170412657362
video_test_0000392,824,0.5,missed_transition_rate,0.038259691890976805
video_test_0000405,1375,0.25,accuracy,0.0053103249305780365
video_test_0000405,1375,0.25,global_ece,-0.02192828648624298
video_test_0000405,1375,0.25,mean_tfi,-1.5759269045129551
video_test_0000405,1375,0.25,mean_predicted_switches,-43.31904761904761
video_test_0000405,1375,0.25,mean_transition_delay,0.2339449541284404
video_test_0000405,1375,0.25,ptsm,-0.005493922308967808
video_test_0000405,1375,0.25,missed_transition_rate,0.013421678559293243
video_test_0000405,1375,0.5,accuracy,0.01465373195330999
video_test_0000405,1375,0.5,global_ece,-0.051446348429579014
video_test_0000405,1375,0.5,mean_tfi,-3.2770038592384454
video_test_0000405,1375,0.5,mean_predicted_switches,-93.57142857142856
video_test_0000405,1375,0.5,mean_transition_delay,0.647468569486918
video_test_0000405,1375,0.5,ptsm,-0.009451663011999373
video_test_0000405,1375,0.5,missed_transition_rate,0.038056405028882107
video_test_0000412,1552,0.25,accuracy,0.0053221718069224044
video_test_0000412,1552,0.25,global_ece,-0.02199185730171835
video_test_0000412,1552,0.25,mean_tfi,-1.5682430477554652
video_test_0000412,1552,0.25,mean_predicted_switches,-43.35714285714286
video_test_0000412,1552,0.25,mean_transition_delay,0.2328720890988869
video_test_0000412,1552,0.25,ptsm,-0.0054380767773760386
video_test_0000412,1552,0.25,missed_transition_rate,0.013499831252109351
video_test_0000412,1552,0.5,accuracy,0.01469761344194176
video_test_0000412,1552,0.5,global_ece,-0.051598207737759
video_test_0000412,1552,0.5,mean_tfi,-3.2611971511965177
video_test_0000412,1552,0.5,mean_predicted_switches,-93.68095238095239
video_test_0000412,1552,0.5,mean_transition_delay,0.6488356395545054
video_test_0000412,1552,0.5,ptsm,-0.009314262995907957
video_test_0000412,1552,0.5,missed_transition_rate,0.03847451906851165
video_test_0000413,317,0.25,accuracy,0.005338430106109571
video_test_0000413,317,0.25,global_ece,-0.021982653900083193
video_test_0000413,317,0.25,mean_tfi,-1.5763388021413363
video_test_0000413,317,0.25,mean_predicted_switches,-43.43809523809526
video_test_0000413,317,0.25,mean_transition_delay,0.2311591753970932
video_test_0000413,317,0.25,ptsm,-0.005435262434245858
video_test_0000413,317,0.25,missed_transition_rate,0.013349104427171354
video_test_0000413,317,0.5,accuracy,0.014715133940072955
video_test_0000413,317,0.5,global_ece,-0.051563051302486784
video_test_0000413,317,0.5,mean_tfi,-3.277763152155509
video_test_0000413,317,0.5,mean_predicted_switches,-93.86190476190478
video_test_0000413,317,0.5,mean_transition_delay,0.6439675566069614
video_test_0000413,317,0.5,ptsm,-0.009300112272629668
video_test_0000413,317,0.5,missed_transition_rate,0.03801960121662726
video_test_0000423,1566,0.25,accuracy,0.005382535926171994
video_test_0000423,1566,0.25,global_ece,-0.022068488839556394
video_test_0000423,1566,0.25,mean_tfi,-1.576768401135399
video_test_0000423,1566,0.25,mean_predicted_switches,-43.4047619047619
video_test_0000423,1566,0.25,mean_transition_delay,0.23332204537758283
video_test_0000423,1566,0.25,ptsm,-0.0054551857091162115
video_test_0000423,1566,0.25,missed_transition_rate,0.013545546901456151
video_test_0000423,1566,0.5,accuracy,0.014806484301939205
video_test_0000423,1566,0.5,global_ece,-0.05174390590232855
video_test_0000423,1566,0.5,mean_tfi,-3.278474045021955
video_test_0000423,1566,0.5,mean_predicted_switches,-93.75714285714287
video_test_0000423,1566,0.5,mean_transition_delay,0.6510328479512362
video_test_0000423,1566,0.5,ptsm,-0.009343945032817935
video_test_0000423,1566,0.5,missed_transition_rate,0.038604808669150004
video_test_0000426,1144,0.25,accuracy,0.005345682460455414
video_test_0000426,1144,0.25,global_ece,-0.02192795695742719
video_test_0000426,1144,0.25,mean_tfi,-1.5692077792089192
video_test_0000426,1144,0.25,mean_predicted_switches,-43.26666666666668
video_test_0000426,1144,0.25,mean_transition_delay,0.23317551572539763
video_test_0000426,1144,0.25,ptsm,-0.005407973950346201
video_test_0000426,1144,0.25,missed_transition_rate,0.01352722353736896
video_test_0000426,1144,0.5,accuracy,0.014679604419497894
video_test_0000426,1144,0.5,global_ece,-0.05139179357360907
video_test_0000426,1144,0.5,mean_tfi,-3.2605449330824285
video_test_0000426,1144,0.5,mean_predicted_switches,-93.40476190476193
video_test_0000426,1144,0.5,mean_transition_delay,0.6482921880284076
video_test_0000426,1144,0.5,ptsm,-0.009247825506299462
video_test_0000426,1144,0.5,missed_transition_rate,0.03855258708150153
video_test_0000429,1034,0.25,accuracy,0.005352923693066947
video_test_0000429,1034,0.25,global_ece,-0.021969734941081287
video_test_0000429,1034,0.25,mean_tfi,-1.5761968488045044
video_test_0000429,1034,0.25,mean_predicted_switches,-43.276190476190465
video_test_0000429,1034,0.25,mean_transition_delay,0.23274396463787816
video_test_0000429,1034,0.25,ptsm,-0.005366424913807094
video_test_0000429,1034,0.25,missed_transition_rate,0.013600816048962933
video_test_0000429,1034,0.5,accuracy,0.014704778602715796
video_test_0000429,1034,0.5,global_ece,-0.0514862584872296
video_test_0000429,1034,0.5,mean_tfi,-3.277186867082328
video_test_0000429,1034,0.5,mean_predicted_switches,-93.50476190476192
video_test_0000429,1034,0.5,mean_transition_delay,0.6465487929275762
video_test_0000429,1034,0.5,ptsm,-0.009151921804696456
video_test_0000429,1034,0.5,missed_transition_rate,0.03859231553893233
video_test_0000437,1530,0.25,accuracy,0.005339859828679572
video_test_0000437,1530,0.25,global_ece,-0.021986512568959116
video_test_0000437,1530,0.25,mean_tfi,-1.575752619910376
video_test_0000437,1530,0.25,mean_predicted_switches,-43.27142857142857
video_test_0000437,1530,0.25,mean_transition_delay,0.23097826086956452
video_test_0000437,1530,0.25,ptsm,-0.005484348839715741
video_test_0000437,1530,0.25,missed_transition_rate,0.013417119565217406
video_test_0000437,1530,0.5,accuracy,0.014684614528868711
video_test_0000437,1530,0.5,global_ece,-0.051532474471547185
video_test_0000437,1530,0.5,mean_tfi,-3.2761614900417877
video_test_0000437,1530,0.5,mean_predicted_switches,-93.45238095238096
video_test_0000437,1530,0.5,mean_transition_delay,0.6440217391304346
video_test_0000437,1530,0.5,ptsm,-0.009426459094325296
video_test_0000437,1530,0.5,missed_transition_rate,0.0382133152173913
video_test_0000442,1159,0.25,accuracy,0.005321896661500958
video_test_0000442,1159,0.25,global_ece,-0.02196553188121425
video_test_0000442,1159,0.25,mean_tfi,-1.5718764607166094
video_test_0000442,1159,0.25,mean_predicted_switches,-43.342857142857156
video_test_0000442,1159,0.25,mean_transition_delay,0.23326572008113544
video_test_0000442,1159,0.25,ptsm,-0.005443758096108753
video_test_0000442,1159,0.25,missed_transition_rate,0.013522650439486139
video_test_0000442,1159,0.5,accuracy,0.014680265734433817
video_test_0000442,1159,0.5,global_ece,-0.051533706726210604
video_test_0000442,1159,0.5,mean_tfi,-3.2674804133065303
video_test_0000442,1159,0.5,mean_predicted_switches,-93.5809523809524
video_test_0000442,1159,0.5,mean_transition_delay,0.6495943204868153
video_test_0000442,1159,0.5,ptsm,-0.009327093558945565
video_test_0000442,1159,0.5,missed_transition_rate,0.03853955375253548
video_test_0000443,2182,0.25,accuracy,0.005320222569673572
video_test_0000443,2182,0.25,global_ece,-0.021952512679377673
video_test_0000443,2182,0.25,mean_tfi,-1.5645432836207291
video_test_0000443,2182,0.25,mean_predicted_switches,-43.14285714285714
video_test_0000443,2182,0.25,mean_transition_delay,0.23152376120412654
video_test_0000443,2182,0.25,ptsm,-0.005455575829100112
video_test_0000443,2182,0.25,missed_transition_rate,0.013529511246406223
video_test_0000443,2182,0.5,accuracy,0.01462910577482146
video_test_0000443,2182,0.5,global_ece,-0.051462938315664064
video_test_0000443,2182,0.5,mean_tfi,-3.2552981143229696
video_test_0000443,2182,0.5,mean_predicted_switches,-93.19999999999999
video_test_0000443,2182,0.5,mean_transition_delay,0.6467106375782175
video_test_0000443,2182,0.5,ptsm,-0.009352315733436062
video_test_0000443,2182,0.5,missed_transition_rate,0.03838998816167766
video_test_0000444,1174,0.25,accuracy,0.005298108719353434
video_test_0000444,1174,0.25,global_ece,-0.02192300128000252
video_test_0000444,1174,0.25,mean_tfi,-1.5709317554699744
video_test_0000444,1174,0.25,mean_predicted_switches,-43.32380952380953
video_test_0000444,1174,0.25,mean_transition_delay,0.23318688746198024
video_test_0000444,1174,0.25,ptsm,-0.005454430107113772
video_test_0000444,1174,0.25,missed_transition_rate,0.013518080432578572
video_test_0000444,1174,0.5,accuracy,0.014659902868006891
video_test_0000444,1174,0.5,global_ece,-0.05147488435113928
video_test_0000444,1174,0.5,mean_tfi,-3.266317450849222
video_test_0000444,1174,0.5,mean_predicted_switches,-93.56666666666669
video_test_0000444,1174,0.5,mean_transition_delay,0.6480229807367355
video_test_0000444,1174,0.5,ptsm,-0.009362549461295916
video_test_0000444,1174,0.5,missed_transition_rate,0.03852652923284894
video_test_0000448,750,0.25,accuracy,0.005327366043440862
video_test_0000448,750,0.25,global_ece,-0.021966714383481745
video_test_0000448,750,0.25,mean_tfi,-1.575002822372383
video_test_0000448,750,0.25,mean_predicted_switches,-43.44761904761904
video_test_0000448,750,0.25,mean_transition_delay,0.23295070898041814
video_test_0000448,750,0.25,ptsm,-0.005442712152867291
video_test_0000448,750,0.25,missed_transition_rate,0.013504388926401073
video_test_0000448,750,0.5,accuracy,0.014674253763802159
video_test_0000448,750,0.5,global_ece,-0.05151466575517322
video_test_0000448,750,0.5,mean_tfi,-3.2706458211636846
video_test_0000448,750,0.5,mean_predicted_switches,-93.8095238095238
video_test_0000448,750,0.5,mean_transition_delay,0.648548278190411
video_test_0000448,750,0.5,ptsm,-0.009318550400545245
video_test_0000448,750,0.5,missed_transition_rate,0.03848750844024307
video_test_0000450,209,0.25,accuracy,0.005333708679480353
video_test_0000450,209,0.25,global_ece,-0.021978832407463317
video_test_0000450,209,0.25,mean_tfi,-1.5723573197268816
video_test_0000450,209,0.25,mean_predicted_switches,-43.46666666666664
video_test_0000450,209,0.25,mean_transition_delay,0.232715008431704
video_test_0000450,209,0.25,ptsm,-0.005442714143974042
video_test_0000450,209,0.25,missed_transition_rate,0.013490725126475561
video_test_0000450,209,0.5,accuracy,0.014677431913606487
video_test_0000450,209,0.5,global_ece,-0.051527377017989956
video_test_0000450,209,0.5,mean_tfi,-3.2673907958089865
video_test_0000450,209,0.5,mean_predicted_switches,-93.89999999999998
video_test_0000450,209,0.5,mean_transition_delay,0.6483979763912311
video_test_0000450,209,0.5,ptsm,-0.009327199600002445
video_test_0000450,209,0.5,missed_transition_rate,0.038448566610455315
video_test_0000461,927,0.25,accuracy,0.005357207169353728
video_test_0000461,927,0.25,global_ece,-0.02198693321068429
video_test_0000461,927,0.25,mean_tfi,-1.5761933297399713
video_test_0000461,927,0.25,mean_predicted_switches,-43.38095238095238
video_test_0000461,927,0.25,mean_transition_delay,0.23323170731707332
video_test_0000461,927,0.25,ptsm,-0.005455824732101905
video_test_0000461,927,0.25,missed_transition_rate,0.013550135501355032
video_test_0000461,927,0.5,accuracy,0.014727067551831285
video_test_0000461,927,0.5,global_ece,-0.051544055366352176
video_test_0000461,927,0.5,mean_tfi,-3.2757837318289083
video_test_0000461,927,0.5,mean_predicted_switches,-93.65714285714284
video_test_0000461,927,0.5,mean_transition_delay,0.6478658536585371
video_test_0000461,927,0.5,ptsm,-0.009367265563318489
video_test_0000461,927,0.5,missed_transition_rate,0.038617886178861804
video_test_0000464,5322,0.25,accuracy,0.005358864480339176
video_test_0000464,5322,0.25,global_ece,-0.022112506347835015
video_test_0000464,5322,0.25,mean_tfi,-1.5747698228995635
video_test_0000464,5322,0.25,mean_predicted_switches,-42.985714285714295
video_test_0000464,5322,0.25,mean_transition_delay,0.22831284153005438
video_test_0000464,5322,0.25,ptsm,-0.0054533497515041884
video_test_0000464,5322,0.25,missed_transition_rate,0.013319672131147542
video_test_0000464,5322,0.5,accuracy,0.014723191231170274
video_test_0000464,5322,0.5,global_ece,-0.05180472885050347
video_test_0000464,5322,0.5,mean_tfi,-3.274407383000563
video_test_0000464,5322,0.5,mean_predicted_switches,-92.89047619047619
video_test_0000464,5322,0.5,mean_transition_delay,0.6478825136612025
video_test_0000464,5322,0.5,ptsm,-0.009333678362059145
video_test_0000464,5322,0.5,missed_transition_rate,0.038251366120218566
video_test_0000504,542,0.25,accuracy,0.0053540219616824425
video_test_0000504,542,0.25,global_ece,-0.022014981580454063
video_test_0000504,542,0.25,mean_tfi,-1.5717400357762639
video_test_0000504,542,0.25,mean_predicted_switches,-43.46190476190475
video_test_0000504,542,0.25,mean_transition_delay,0.23271500843170312
video_test_0000504,542,0.25,ptsm,-0.005438867499299699
video_test_0000504,542,0.25,missed_transition_rate,0.013490725126475533
video_test_0000504,542,0.5,accuracy,0.014710070417679688
video_test_0000504,542,0.5,global_ece,-0.051593447926472275
video_test_0000504,542,0.5,mean_tfi,-3.2651016225639307
video_test_0000504,542,0.5,mean_predicted_switches,-93.88095238095238
video_test_0000504,542,0.5,mean_transition_delay,0.6489038785834733
video_test_0000504,542,0.5,ptsm,-0.009317851125522969
video_test_0000504,542,0.5,missed_transition_rate,0.038448566610455315
video_test_0000505,1783,0.25,accuracy,0.005340915929469836
video_test_0000505,1783,0.25,global_ece,-0.022001681305581222
video_test_0000505,1783,0.25,mean_tfi,-1.5768577471452039
video_test_0000505,1783,0.25,mean_predicted_switches,-43.428571428571445
video_test_0000505,1783,0.25,mean_transition_delay,0.23644986449864547
video_test_0000505,1783,0.25,ptsm,-0.0053859594512524755
video_test_0000505,1783,0.25,missed_transition_rate,0.013719512195121936
video_test_0000505,1783,0.5,accuracy,0.014692784497803535
video_test_0000505,1783,0.5,global_ece,-0.051572023995817784
video_test_0000505,1783,0.5,mean_tfi,-3.2778137228093014
video_test_0000505,1783,0.5,mean_predicted_switches,-93.71904761904761
video_test_0000505,1783,0.5,mean_transition_delay,0.6498983739837403
video_test_0000505,1783,0.5,ptsm,-0.009189045555185432
video_test_0000505,1783,0.5,missed_transition_rate,0.03861788617886178
video_test_0000538,1365,0.25,accuracy,0.005307160158433466
video_test_0000538,1365,0.25,global_ece,-0.02191118269545078
video_test_0000538,1365,0.25,mean_tfi,-1.5727149880151554
video_test_0000538,1365,0.25,mean_predicted_switches,-43.22380952380951
video_test_0000538,1365,0.25,mean_transition_delay,0.23351974241654005
video_test_0000538,1365,0.25,ptsm,-0.005428822580471088
video_test_0000538,1365,0.25,missed_transition_rate,0.01372648703609558
video_test_0000538,1365,0.5,accuracy,0.01459619302916837
video_test_0000538,1365,0.5,global_ece,-0.051357336295849265
video_test_0000538,1365,0.5,mean_tfi,-3.269149687397996
video_test_0000538,1365,0.5,mean_predicted_switches,-93.3047619047619
video_test_0000538,1365,0.5,mean_transition_delay,0.6451448906964927
video_test_0000538,1365,0.5,ptsm,-0.009292384362794698
video_test_0000538,1365,0.5,missed_transition_rate,0.03829859345873582
video_test_0000541,216,0.25,accuracy,0.005342805032538922
video_test_0000541,216,0.25,global_ece,-0.021988652227194816
video_test_0000541,216,0.25,mean_tfi,-1.576801764171325
video_test_0000541,216,0.25,mean_predicted_switches,-43.49047619047619
video_test_0000541,216,0.25,mean_transition_delay,0.2324561403508767
video_test_0000541,216,0.25,ptsm,-0.005444299397530661
video_test_0000541,216,0.25,missed_transition_rate,0.013495276653171406
video_test_0000541,216,0.5,accuracy,0.014698703531222712
video_test_0000541,216,0.5,global_ece,-0.05154635001111574
video_test_0000541,216,0.5,mean_tfi,-3.2794017668640745
video_test_0000541,216,0.5,mean_predicted_switches,-93.95714285714286
video_test_0000541,216,0.5,mean_transition_delay,0.6484480431848851
video_test_0000541,216,0.5,ptsm,-0.009330061295990122
video_test_0000541,216,0.5,missed_transition_rate,0.038461538461538464
video_test_0000549,533,0.25,accuracy,0.005323900596540643
video_test_0000549,533,0.25,global_ece,-0.021961054157656368
video_test_0000549,533,0.25,mean_tfi,-1.5770448197268818
video_test_0000549,533,0.25,mean_predicted_switches,-43.46666666666667
video_test_0000549,533,0.25,mean_transition_delay,0.23457833361500757
video_test_0000549,533,0.25,ptsm,-0.005420775030024305
video_test_0000549,533,0.25,missed_transition_rate,0.013520365049856348
video_test_0000549,533,0.5,accuracy,0.014703678167810708
video_test_0000549,533,0.5,global_ece,-0.05153320764991179
video_test_0000549,533,0.5,mean_tfi,-3.277699276332549
video_test_0000549,533,0.5,mean_predicted_switches,-93.85714285714283
video_test_0000549,533,0.5,mean_transition_delay,0.6489775223931042
video_test_0000549,533,0.5,ptsm,-0.009283185387161219
video_test_0000549,533,0.5,missed_transition_rate,0.038364035828967386
video_test_0000556,504,0.25,accuracy,0.005338424969800859
video_test_0000556,504,0.25,global_ece,-0.021989382397977486
video_test_0000556,504,0.25,mean_tfi,-1.5757419146627019
video_test_0000556,504,0.25,mean_predicted_switches,-43.43333333333334
video_test_0000556,504,0.25,mean_transition_delay,0.23252279635258333
video_test_0000556,504,0.25,ptsm,-0.005438653007890704
video_test_0000556,504,0.25,missed_transition_rate,0.013340087808172918
video_test_0000556,504,0.5,accuracy,0.014714389767968794
video_test_0000556,504,0.5,global_ece,-0.05157740489573326
video_test_0000556,504,0.5,mean_tfi,-3.2772541710449383
video_test_0000556,504,0.5,mean_predicted_switches,-93.84761904761905
video_test_0000556,504,0.5,mean_transition_delay,0.6438703140830802
video_test_0000556,504,0.5,ptsm,-0.009318697519672514
video_test_0000556,504,0.5,missed_transition_rate,0.037993920972644396
video_test_0000558,1503,0.25,accuracy,0.005372497143887878
video_test_0000558,1503,0.25,global_ece,-0.022041918801359084
video_test_0000558,1503,0.25,mean_tfi,-1.5766641331826223
video_test_0000558,1503,0.25,mean_predicted_switches,-43.36190476190478
video_test_0000558,1503,0.25,mean_transition_delay,0.23430607397353231
video_test_0000558,1503,0.25,ptsm,-0.005428699400575249
video_test_0000558,1503,0.25,missed_transition_rate,0.013573125212080067
video_test_0000558,1503,0.5,accuracy,0.014749564067103593
video_test_0000558,1503,0.5,global_ece,-0.051639091732241654
video_test_0000558,1503,0.5,mean_tfi,-3.27981131382602
video_test_0000558,1503,0.5,mean_predicted_switches,-93.75238095238097
video_test_0000558,1503,0.5,mean_transition_delay,0.650152697658636
video_test_0000558,1503,0.5,ptsm,-0.00929297162361592
video_test_0000558,1503,0.5,missed_transition_rate,0.03851374278927722
video_test_0000560,372,0.25,accuracy,0.005333317353356182
video_test_0000560,372,0.25,global_ece,-0.021977610109937373
video_test_0000560,372,0.25,mean_tfi,-1.5761555056679235
video_test_0000560,372,0.25,mean_predicted_switches,-43.47142857142856
video_test_0000560,372,0.25,mean_transition_delay,0.2328720890988869
video_test_0000560,372,0.25,ptsm,-0.005445704680820257
video_test_0000560,372,0.25,missed_transition_rate,0.013499831252109351
video_test_0000560,372,0.5,accuracy,0.014690592687362725
video_test_0000560,372,0.5,global_ece,-0.051542295094267165
video_test_0000560,372,0.5,mean_tfi,-3.276593208924375
video_test_0000560,372,0.5,mean_predicted_switches,-93.89523809523808
video_test_0000560,372,0.5,mean_transition_delay,0.6493418832264597
video_test_0000560,372,0.5,ptsm,-0.009337022930057837
video_test_0000560,372,0.5,missed_transition_rate,0.038474519068511626
video_test_0000569,657,0.25,accuracy,0.0053378755255407695
video_test_0000569,657,0.25,global_ece,-0.021958286536035987
video_test_0000569,657,0.25,mean_tfi,-1.5732243098795857
video_test_0000569,657,0.25,mean_predicted_switches,-43.40952380952379
video_test_0000569,657,0.25,mean_transition_delay,0.23269165822357252
video_test_0000569,657,0.25,ptsm,-0.005458515526044927
video_test_0000569,657,0.25,missed_transition_rate,0.01350894967916244
video_test_0000569,657,0.5,accuracy,0.0146881541146624
video_test_0000569,657,0.5,global_ece,-0.05148543742048797
video_test_0000569,657,0.5,mean_tfi,-3.2708415896675334
video_test_0000569,657,0.5,mean_predicted_switches,-93.78095238095236
video_test_0000569,657,0.5,mean_transition_delay,0.6491050320837548
video_test_0000569,657,0.5,ptsm,-0.009366101286462453
video_test_0000569,657,0.5,missed_transition_rate,0.038500506585612965
video_test_0000577,1229,0.25,accuracy,0.0053410394900479385
video_test_0000577,1229,0.25,global_ece,-0.022002695802264716
video_test_0000577,1229,0.25,mean_tfi,-1.5548970022665625
video_test_0000577,1229,0.25,mean_predicted_switches,-43.37619047619049
video_test_0000577,1229,0.25,mean_transition_delay,0.23271500843170312
video_test_0000577,1229,0.25,ptsm,-0.005438998297504938
video_test_0000577,1229,0.25,missed_transition_rate,0.013490725126475561
video_test_0000577,1229,0.5,accuracy,0.014737423924732762
video_test_0000577,1229,0.5,global_ece,-0.05162696895502761
video_test_0000577,1229,0.5,mean_tfi,-3.232595105401675
video_test_0000577,1229,0.5,mean_predicted_switches,-93.70952380952383
video_test_0000577,1229,0.5,mean_transition_delay,0.647892074198988
video_test_0000577,1229,0.5,ptsm,-0.009317825230382243
video_test_0000577,1229,0.5,missed_transition_rate,0.03827993254637438
video_test_0000591,247,0.25,accuracy,0.0053373108579233275
video_test_0000591,247,0.25,global_ece,-0.02198156956321895
video_test_0000591,247,0.25,mean_tfi,-1.573870952293145
video_test_0000591,247,0.25,mean_predicted_switches,-43.46666666666664
video_test_0000591,247,0.25,mean_transition_delay,0.2327935222672064
video_test_0000591,247,0.25,ptsm,-0.0054324160988576675
video_test_0000591,247,0.25,missed_transition_rate,0.013495276653171379
video_test_0000591,247,0.5,accuracy,0.014691082917011156
video_test_0000591,247,0.5,global_ece,-0.05154117205302766
video_test_0000591,247,0.5,mean_tfi,-3.273036835499143
video_test_0000591,247,0.5,mean_predicted_switches,-93.89999999999998
video_test_0000591,247,0.5,mean_transition_delay,0.6487854251012148
video_test_0000591,247,0.5,ptsm,-0.009302702492009762
video_test_0000591,247,0.5,missed_transition_rate,0.038461538461538464
video_test_0000593,417,0.25,accuracy,0.00532504659790356
video_test_0000593,417,0.25,global_ece,-0.02196860777770407
video_test_0000593,417,0.25,mean_tfi,-1.5579579771438432
video_test_0000593,417,0.25,mean_predicted_switches,-43.40952380952379
video_test_0000593,417,0.25,mean_transition_delay,0.23271500843170312
video_test_0000593,417,0.25,ptsm,-0.005444556185737581
video_test_0000593,417,0.25,missed_transition_rate,0.013490725126475561
video_test_0000593,417,0.5,accuracy,0.014671597154381377
video_test_0000593,417,0.5,global_ece,-0.05151795835448489
video_test_0000593,417,0.5,mean_tfi,-3.246852801858969
video_test_0000593,417,0.5,mean_predicted_switches,-93.81904761904761
video_test_0000593,417,0.5,mean_transition_delay,0.6482293423271503
video_test_0000593,417,0.5,ptsm,-0.009331455726443255
video_test_0000593,417,0.5,missed_transition_rate,0.038448566610455315
video_test_0000601,3235,0.25,accuracy,0.005297865138657154
video_test_0000601,3235,0.25,global_ece,-0.0219405789220124
video_test_0000601,3235,0.25,mean_tfi,-1.5736844734064048
video_test_0000601,3235,0.25,mean_predicted_switches,-43.10952380952381
video_test_0000601,3235,0.25,mean_transition_delay,0.2333333333333334
video_test_0000601,3235,0.25,ptsm,-0.005426197407352146
video_test_0000601,3235,0.25,missed_transition_rate,0.01343537414965984
video_test_0000601,3235,0.5,accuracy,0.014633350257488908
video_test_0000601,3235,0.5,global_ece,-0.05147614107920934
video_test_0000601,3235,0.5,mean_tfi,-3.272112377352391
video_test_0000601,3235,0.5,mean_predicted_switches,-93.12380952380951
video_test_0000601,3235,0.5,mean_transition_delay,0.6494897959183676
video_test_0000601,3235,0.5,ptsm,-0.009313928727246346
video_test_0000601,3235,0.5,missed_transition_rate,0.03860544217687073
video_test_0000602,1555,0.25,accuracy,0.0053673233744677695
video_test_0000602,1555,0.25,global_ece,-0.022029844074226923
video_test_0000602,1555,0.25,mean_tfi,-1.5773629347544809
video_test_0000602,1555,0.25,mean_predicted_switches,-43.34761904761905
video_test_0000602,1555,0.25,mean_transition_delay,0.23118828736806218
video_test_0000602,1555,0.25,ptsm,-0.005439077685637728
video_test_0000602,1555,0.25,missed_transition_rate,0.013449097718760655
video_test_0000602,1555,0.5,accuracy,0.01475487719804669
video_test_0000602,1555,0.5,global_ece,-0.051639269858157366
video_test_0000602,1555,0.5,mean_tfi,-3.2800161088642357
video_test_0000602,1555,0.5,mean_predicted_switches,-93.62857142857143
video_test_0000602,1555,0.5,mean_transition_delay,0.6426625808648279
video_test_0000602,1555,0.5,ptsm,-0.009314182848732394
video_test_0000602,1555,0.5,missed_transition_rate,0.03813415049370106
video_test_0000611,1336,0.25,accuracy,0.005351771553576357
video_test_0000611,1336,0.25,global_ece,-0.022004342961568668
video_test_0000611,1336,0.25,mean_tfi,-1.5692211965907568
video_test_0000611,1336,0.25,mean_predicted_switches,-43.395238095238085
video_test_0000611,1336,0.25,mean_transition_delay,0.23287208909888601
video_test_0000611,1336,0.25,ptsm,-0.005437832501399953
video_test_0000611,1336,0.25,missed_transition_rate,0.013499831252109351
video_test_0000611,1336,0.5,accuracy,0.01472713777881951
video_test_0000611,1336,0.5,global_ece,-0.051591550385156615
video_test_0000611,1336,0.5,mean_tfi,-3.258956080653082
video_test_0000611,1336,0.5,mean_predicted_switches,-93.70476190476191
video_test_0000611,1336,0.5,mean_transition_delay,0.6491731353358086
video_test_0000611,1336,0.5,ptsm,-0.009310770139686508
video_test_0000611,1336,0.5,missed_transition_rate,0.03847451906851165
video_test_0000615,1546,0.25,accuracy,0.005310048500046571
video_test_0000615,1546,0.25,global_ece,-0.021987592539967127
video_test_0000615,1546,0.25,mean_tfi,-1.5687700897095667
video_test_0000615,1546,0.25,mean_predicted_switches,-43.31904761904764
video_test_0000615,1546,0.25,mean_transition_delay,0.23310810810810878
video_test_0000615,1546,0.25,ptsm,-0.005452722824265899
video_test_0000615,1546,0.25,missed_transition_rate,0.013513513513513514
video_test_0000615,1546,0.5,accuracy,0.014670286880932859
video_test_0000615,1546,0.5,global_ece,-0.05160275504245568
video_test_0000615,1546,0.5,mean_tfi,-3.265146090012755
video_test_0000615,1546,0.5,mean_predicted_switches,-93.62380952380954
video_test_0000615,1546,0.5,mean_transition_delay,0.6493243243243247
video_test_0000615,1546,0.5,ptsm,-0.009347337471277195
video_test_0000615,1546,0.5,missed_transition_rate,0.03851351351351351
video_test_0000617,2448,0.25,accuracy,0.005360669329916301
video_test_0000617,2448,0.25,global_ece,-0.022069239016631548
video_test_0000617,2448,0.25,mean_tfi,-1.577508546973064
video_test_0000617,2448,0.25,mean_predicted_switches,-43.39999999999998
video_test_0000617,2448,0.25,mean_transition_delay,0.2322186386012568
video_test_0000617,2448,0.25,ptsm,-0.005393429879249512
video_test_0000617,2448,0.25,missed_transition_rate,0.013240536411475129
video_test_0000617,2448,0.5,accuracy,0.014710183161227075
video_test_0000617,2448,0.5,global_ece,-0.051718480628408864
video_test_0000617,2448,0.5,mean_tfi,-3.2792743513698284
video_test_0000617,2448,0.5,mean_predicted_switches,-93.67142857142855
video_test_0000617,2448,0.5,mean_transition_delay,0.6462400271600748
video_test_0000617,2448,0.5,ptsm,-0.009221509872560513
video_test_0000617,2448,0.5,missed_transition_rate,0.038024104566287575
video_test_0000622,1536,0.25,accuracy,0.005297861912822777
video_test_0000622,1536,0.25,global_ece,-0.021876440747423315
video_test_0000622,1536,0.25,mean_tfi,-1.5767639701207594
video_test_0000622,1536,0.25,mean_predicted_switches,-43.24285714285716
video_test_0000622,1536,0.25,mean_transition_delay,0.2359993149511901
video_test_0000622,1536,0.25,ptsm,-0.00547574482822874
video_test_0000622,1536,0.25,missed_transition_rate,0.013700976194553849
video_test_0000622,1536,0.5,accuracy,0.014612717875322812
video_test_0000622,1536,0.5,global_ece,-0.051314351935529606
video_test_0000622,1536,0.5,mean_tfi,-3.278623368366609
video_test_0000622,1536,0.5,mean_predicted_switches,-93.34761904761905
video_test_0000622,1536,0.5,mean_transition_delay,0.6507963692413083
video_test_0000622,1536,0.5,ptsm,-0.009442128997053656
video_test_0000622,1536,0.5,missed_transition_rate,0.03870525774961467
video_test_0000624,895,0.25,accuracy,0.0053296841802008554
video_test_0000624,895,0.25,global_ece,-0.02195779420921465
video_test_0000624,895,0.25,mean_tfi,-1.5722248552329088
video_test_0000624,895,0.25,mean_predicted_switches,-43.35714285714286
video_test_0000624,895,0.25,mean_transition_delay,0.23238127429440603
video_test_0000624,895,0.25,ptsm,-0.005443823478612164
video_test_0000624,895,0.25,missed_transition_rate,0.013520365049856348
video_test_0000624,895,0.5,accuracy,0.014671636237050811
video_test_0000624,895,0.5,global_ece,-0.05148594765228243
video_test_0000624,895,0.5,mean_tfi,-3.270139260710998
video_test_0000624,895,0.5,mean_predicted_switches,-93.66666666666669
video_test_0000624,895,0.5,mean_transition_delay,0.6496535406455974
video_test_0000624,895,0.5,ptsm,-0.009326284117681327
video_test_0000624,895,0.5,missed_transition_rate,0.03853304039209057
video_test_0000626,1910,0.25,accuracy,0.005336937446758561
video_test_0000626,1910,0.25,global_ece,-0.02196806669114726
video_test_0000626,1910,0.25,mean_tfi,-1.5731829452732669
video_test_0000626,1910,0.25,mean_predicted_switches,-43.190476190476176
video_test_0000626,1910,0.25,mean_transition_delay,0.23333898592504632
video_test_0000626,1910,0.25,ptsm,-0.005422913777052674
video_test_0000626,1910,0.25,missed_transition_rate,0.013566220111921323
video_test_0000626,1910,0.5,accuracy,0.014662279922820654
video_test_0000626,1910,0.5,global_ece,-0.051470854866395965
video_test_0000626,1910,0.5,mean_tfi,-3.2717826442701137
video_test_0000626,1910,0.5,mean_predicted_switches,-93.3238095238095
video_test_0000626,1910,0.5,mean_transition_delay,0.6486348991012383
video_test_0000626,1910,0.5,ptsm,-0.009304907724194317
video_test_0000626,1910,0.5,missed_transition_rate,0.03849414956757674
video_test_0000635,233,0.25,accuracy,0.00533708706460212
video_test_0000635,233,0.25,global_ece,-0.0219841742448382
video_test_0000635,233,0.25,mean_tfi,-1.5773130520197984
video_test_0000635,233,0.25,mean_predicted_switches,-43.480952380952374
video_test_0000635,233,0.25,mean_transition_delay,0.23291139240506364
video_test_0000635,233,0.25,ptsm,-0.0054362528129344445
video_test_0000635,233,0.25,missed_transition_rate,0.013502109704641357
video_test_0000635,233,0.5,accuracy,0.014666506933421197
video_test_0000635,233,0.5,global_ece,-0.05151915555152492
video_test_0000635,233,0.5,mean_tfi,-3.27862491408973
video_test_0000635,233,0.5,mean_predicted_switches,-93.92857142857142
video_test_0000635,233,0.5,mean_transition_delay,0.6497890295358655
video_test_0000635,233,0.5,ptsm,-0.0093156742429239
video_test_0000635,233,0.5,missed_transition_rate,0.03848101265822784
video_test_0000664,641,0.25,accuracy,0.005340618084334392
video_test_0000664,641,0.25,global_ece,-0.021977888658427536
video_test_0000664,641,0.25,mean_tfi,-1.573094281178128
video_test_0000664,641,0.25,mean_predicted_switches,-43.43809523809523
video_test_0000664,641,0.25,mean_transition_delay,0.23287208909888601
video_test_0000664,641,0.25,ptsm,-0.005449071584149395
video_test_0000664,641,0.25,missed_transition_rate,0.013499831252109351
video_test_0000664,641,0.5,accuracy,0.014672456084586338
video_test_0000664,641,0.5,global_ece,-0.051507351515517
video_test_0000664,641,0.5,mean_tfi,-3.2688099266105795
video_test_0000664,641,0.5,mean_predicted_switches,-93.80952380952382
video_test_0000664,641,0.5,mean_transition_delay,0.6490043874451565
video_test_0000664,641,0.5,ptsm,-0.009333982802035568
video_test_0000664,641,0.5,missed_transition_rate,0.038474519068511626
video_test_0000665,2582,0.25,accuracy,0.005362835969005331
video_test_0000665,2582,0.25,global_ece,-0.022049386730440185
video_test_0000665,2582,0.25,mean_tfi,-1.5775702640436942
video_test_0000665,2582,0.25,mean_predicted_switches,-43.366666666666674
video_test_0000665,2582,0.25,mean_transition_delay,0.2353041695146958
video_test_0000665,2582,0.25,ptsm,-0.0054962096920024295
video_test_0000665,2582,0.25,missed_transition_rate,0.013670539986329472
video_test_0000665,2582,0.5,accuracy,0.014731209714635596
video_test_0000665,2582,0.5,global_ece,-0.05165481091880289
video_test_0000665,2582,0.5,mean_tfi,-3.2806455678188273
video_test_0000665,2582,0.5,mean_predicted_switches,-93.67619047619047
video_test_0000665,2582,0.5,mean_transition_delay,0.652768284347232
video_test_0000665,2582,0.5,ptsm,-0.009441701777210154
video_test_0000665,2582,0.5,missed_transition_rate,0.03879015721120985
video_test_0000671,872,0.25,accuracy,0.005353322270600924
video_test_0000671,872,0.25,global_ece,-0.022018139306762385
video_test_0000671,872,0.25,mean_tfi,-1.574986963300618
video_test_0000671,872,0.25,mean_predicted_switches,-43.400000000000006
video_test_0000671,872,0.25,mean_transition_delay,0.23342354533152943
video_test_0000671,872,0.25,ptsm,-0.0054473382288297845
video_test_0000671,872,0.25,missed_transition_rate,0.013531799729363997
video_test_0000671,872,0.5,accuracy,0.014727637726518528
video_test_0000671,872,0.5,global_ece,-0.05162277020755651
video_test_0000671,872,0.5,mean_tfi,-3.277817260002882
video_test_0000671,872,0.5,mean_predicted_switches,-93.81904761904764
video_test_0000671,872,0.5,mean_transition_delay,0.6505412719891748
video_test_0000671,872,0.5,ptsm,-0.009338349841219423
video_test_0000671,872,0.5,missed_transition_rate,0.03856562922868742
video_test_0000672,303,0.25,accuracy,0.005329219339763935
video_test_0000672,303,0.25,global_ece,-0.02195742134353057
video_test_0000672,303,0.25,mean_tfi,-1.5698563493687674
video_test_0000672,303,0.25,mean_predicted_switches,-43.4190476190476
video_test_0000672,303,0.25,mean_transition_delay,0.23253459331758286
video_test_0000672,303,0.25,ptsm,-0.005441064502687748
video_test_0000672,303,0.25,missed_transition_rate,0.013331083361457968
video_test_0000672,303,0.5,accuracy,0.014666586783296354
video_test_0000672,303,0.5,global_ece,-0.051490936817853106
video_test_0000672,303,0.5,mean_tfi,-3.264793221691619
video_test_0000672,303,0.5,mean_predicted_switches,-93.79999999999998
video_test_0000672,303,0.5,mean_transition_delay,0.6490043874451565
video_test_0000672,303,0.5,ptsm,-0.009317234060961965
video_test_0000672,303,0.5,missed_transition_rate,0.03830577117786027
video_test_0000673,1272,0.25,accuracy,0.005338725135270783
video_test_0000673,1272,0.25,global_ece,-0.021971789468092556
video_test_0000673,1272,0.25,mean_tfi,-1.5761638726362088
video_test_0000673,1272,0.25,mean_predicted_switches,-43.395238095238085
video_test_0000673,1272,0.25,mean_transition_delay,0.23178583531006414
video_test_0000673,1272,0.25,ptsm,-0.0054632545779417785
video_test_0000673,1272,0.25,missed_transition_rate,0.013385293120975944
video_test_0000673,1272,0.5,accuracy,0.014721301723594094
video_test_0000673,1272,0.5,global_ece,-0.0515496789848815
video_test_0000673,1272,0.5,mean_tfi,-3.276870414977636
video_test_0000673,1272,0.5,mean_predicted_switches,-93.69999999999999
video_test_0000673,1272,0.5,mean_transition_delay,0.6474076584208746
video_test_0000673,1272,0.5,ptsm,-0.009372881896460905
video_test_0000673,1272,0.5,missed_transition_rate,0.038292104371399543
video_test_0000689,971,0.25,accuracy,0.005345908174046676
video_test_0000689,971,0.25,global_ece,-0.022030847678088883
video_test_0000689,971,0.25,mean_tfi,-1.5785497923442646
video_test_0000689,971,0.25,mean_predicted_switches,-43.5
video_test_0000689,971,0.25,mean_transition_delay,0.2327935222672064
video_test_0000689,971,0.25,ptsm,-0.00545123713413348
video_test_0000689,971,0.25,missed_transition_rate,0.013495276653171406
video_test_0000689,971,0.5,accuracy,0.014720007684180247
video_test_0000689,971,0.5,global_ece,-0.051657317535180575
video_test_0000689,971,0.5,mean_tfi,-3.2807301243650064
video_test_0000689,971,0.5,mean_predicted_switches,-93.96666666666667
video_test_0000689,971,0.5,mean_transition_delay,0.6489541160593788
video_test_0000689,971,0.5,ptsm,-0.009348619722420154
video_test_0000689,971,0.5,missed_transition_rate,0.038461538461538464
video_test_0000691,1324,0.25,accuracy,0.005333549680137328
video_test_0000691,1324,0.25,global_ece,-0.021955198902452122
video_test_0000691,1324,0.25,mean_tfi,-1.5616402237716889
video_test_0000691,1324,0.25,mean_predicted_switches,-43.276190476190465
video_test_0000691,1324,0.25,mean_transition_delay,0.23295070898041814
video_test_0000691,1324,0.25,ptsm,-0.005434554549065107
video_test_0000691,1324,0.25,missed_transition_rate,0.0135043889264011
video_test_0000691,1324,0.5,accuracy,0.014666510416197265
video_test_0000691,1324,0.5,global_ece,-0.05146171044374309
video_test_0000691,1324,0.5,mean_tfi,-3.241748922723591
video_test_0000691,1324,0.5,mean_predicted_switches,-93.45714285714286
video_test_0000691,1324,0.5,mean_transition_delay,0.6493923024983115
video_test_0000691,1324,0.5,ptsm,-0.009301947184483461
video_test_0000691,1324,0.5,missed_transition_rate,0.038487508440243096
video_test_0000698,124,0.25,accuracy,0.00533833933634531
video_test_0000698,124,0.25,global_ece,-0.021987719962845598
video_test_0000698,124,0.25,mean_tfi,-1.5787065260760862
video_test_0000698,124,0.25,mean_predicted_switches,-43.5
video_test_0000698,124,0.25,mean_transition_delay,0.23271500843170312
video_test_0000698,124,0.25,ptsm,-0.005444191531448067
video_test_0000698,124,0.25,missed_transition_rate,0.013490725126475561
video_test_0000698,124,0.5,accuracy,0.014697648795355733
video_test_0000698,124,0.5,global_ece,-0.051558115658838555
video_test_0000698,124,0.5,mean_tfi,-3.281678311890687
video_test_0000698,124,0.5,mean_predicted_switches,-93.97142857142856
video_test_0000698,124,0.5,mean_transition_delay,0.6487352445193926
video_test_0000698,124,0.5,ptsm,-0.009330304270395245
video_test_0000698,124,0.5,missed_transition_rate,0.03827993254637438
video_test_0000701,481,0.25,accuracy,0.005332062510115643
video_test_0000701,481,0.25,global_ece,-0.021979146024580898
video_test_0000701,481,0.25,mean_tfi,-1.575002822372384
video_test_0000701,481,0.25,mean_predicted_switches,-43.457142857142856
video_test_0000701,481,0.25,mean_transition_delay,0.23295070898041903
video_test_0000701,481,0.25,ptsm,-0.005452424133708111
video_test_0000701,481,0.25,missed_transition_rate,0.013504388926401073
video_test_0000701,481,0.5,accuracy,0.01467740871952572
video_test_0000701,481,0.5,global_ece,-0.05153097282134472
video_test_0000701,481,0.5,mean_tfi,-3.271197526953486
video_test_0000701,481,0.5,mean_predicted_switches,-93.84285714285713
video_test_0000701,481,0.5,mean_transition_delay,0.6492234976367319
video_test_0000701,481,0.5,ptsm,-0.009347730649053115
video_test_0000701,481,0.5,missed_transition_rate,0.038487508440243096
video_test_0000714,1342,0.25,accuracy,0.005315808294343749
video_test_0000714,1342,0.25,global_ece,-0.021983841584728464
video_test_0000714,1342,0.25,mean_tfi,-1.5654635172091238
video_test_0000714,1342,0.25,mean_predicted_switches,-43.29523809523809
video_test_0000714,1342,0.25,mean_transition_delay,0.23227548953409816
video_test_0000714,1342,0.25,ptsm,-0.0054501959595969485
video_test_0000714,1342,0.25,missed_transition_rate,0.013504388926401073
video_test_0000714,1342,0.5,accuracy,0.014676318660019616
video_test_0000714,1342,0.5,global_ece,-0.05158110831701382
video_test_0000714,1342,0.5,mean_tfi,-3.2609376806122903
video_test_0000714,1342,0.5,mean_predicted_switches,-93.63809523809525
video_test_0000714,1342,0.5,mean_transition_delay,0.6488858879135719
video_test_0000714,1342,0.5,ptsm,-0.0093458791949394
video_test_0000714,1342,0.5,missed_transition_rate,0.03848750844024307
video_test_0000716,5022,0.25,accuracy,0.00539651960948162
video_test_0000716,5022,0.25,global_ece,-0.02198295845202497
video_test_0000716,5022,0.25,mean_tfi,-1.5779350692775065
video_test_0000716,5022,0.25,mean_predicted_switches,-42.866666666666674
video_test_0000716,5022,0.25,mean_transition_delay,0.21288566243194218
video_test_0000716,5022,0.25,ptsm,-0.005007006364949523
video_test_0000716,5022,0.25,missed_transition_rate,0.012159709618874776
video_test_0000716,5022,0.5,accuracy,0.014886007638992282
video_test_0000716,5022,0.5,global_ece,-0.05157696161067937
video_test_0000716,5022,0.5,mean_tfi,-3.281544538098623
video_test_0000716,5022,0.5,mean_predicted_switches,-92.72380952380954
video_test_0000716,5022,0.5,mean_transition_delay,0.6176043557168791
video_test_0000716,5022,0.5,ptsm,-0.008436206934125973
video_test_0000716,5022,0.5,missed_transition_rate,0.03629764065335753
video_test_0000718,301,0.25,accuracy,0.005344165453445293
video_test_0000718,301,0.25,global_ece,-0.02199588865160107
video_test_0000718,301,0.25,mean_tfi,-1.5777541451237056
video_test_0000718,301,0.25,mean_predicted_switches,-43.49047619047619
video_test_0000718,301,0.25,mean_transition_delay,0.2327935222672064
video_test_0000718,301,0.25,ptsm,-0.005444641208996764
video_test_0000718,301,0.25,missed_transition_rate,0.013495276653171379
video_test_0000718,301,0.5,accuracy,0.014696454996974473
video_test_0000718,301,0.5,global_ece,-0.05156119250221586
video_test_0000718,301,0.5,mean_tfi,-3.281324951702783
video_test_0000718,301,0.5,mean_predicted_switches,-93.96666666666667
video_test_0000718,301,0.5,mean_transition_delay,0.6487854251012148
video_test_0000718,301,0.5,ptsm,-0.009332349253138
video_test_0000718,301,0.5,missed_transition_rate,0.038461538461538464
video_test_0000723,1693,0.25,accuracy,0.005339469963601351
video_test_0000723,1693,0.25,global_ece,-0.021980463968356734
video_test_0000723,1693,0.25,mean_tfi,-1.5757361900303346
video_test_0000723,1693,0.25,mean_predicted_switches,-43.342857142857156
video_test_0000723,1693,0.25,mean_transition_delay,0.2339667458432304
video_test_0000723,1693,0.25,ptsm,-0.005448602567024119
video_test_0000723,1693,0.25,missed_transition_rate,0.013573125212080095
video_test_0000723,1693,0.5,accuracy,0.014646692536774641
video_test_0000723,1693,0.5,global_ece,-0.051488172142039434
video_test_0000723,1693,0.5,mean_tfi,-3.2721150914064374
video_test_0000723,1693,0.5,mean_predicted_switches,-93.42857142857142
video_test_0000723,1693,0.5,mean_transition_delay,0.6496437054631823
video_test_0000723,1693,0.5,ptsm,-0.009327802207877323
video_test_0000723,1693,0.5,missed_transition_rate,0.038344078724126235
video_test_0000724,1084,0.25,accuracy,0.005344719387218921
video_test_0000724,1084,0.25,global_ece,-0.021993222620094677
video_test_0000724,1084,0.25,mean_tfi,-1.5769929637891522
video_test_0000724,1084,0.25,mean_predicted_switches,-43.37142857142857
video_test_0000724,1084,0.25,mean_transition_delay,0.23376402584155098
video_test_0000724,1084,0.25,ptsm,-0.005461813622309825
video_test_0000724,1084,0.25,missed_transition_rate,0.013430805848350907
video_test_0000724,1084,0.5,accuracy,0.01476103399301576
video_test_0000724,1084,0.5,global_ece,-0.05161954859575377
video_test_0000724,1084,0.5,mean_tfi,-3.2795064826888343
video_test_0000724,1084,0.5,mean_predicted_switches,-93.68095238095239
video_test_0000724,1084,0.5,mean_transition_delay,0.6479088745324724
video_test_0000724,1084,0.5,ptsm,-0.009366009262028241
video_test_0000724,1084,0.5,missed_transition_rate,0.03859231553893233
video_test_0000730,794,0.25,accuracy,0.005331069303900926
video_test_0000730,794,0.25,global_ece,-0.021970354008728377
video_test_0000730,794,0.25,mean_tfi,-1.5763333265327342
video_test_0000730,794,0.25,mean_predicted_switches,-43.40952380952382
video_test_0000730,794,0.25,mean_transition_delay,0.23265651438240287
video_test_0000730,794,0.25,ptsm,-0.0054431767323124824
video_test_0000730,794,0.25,missed_transition_rate,0.013536379018612515
video_test_0000730,794,0.5,accuracy,0.014685190907481771
video_test_0000730,794,0.5,global_ece,-0.051521365983246165
video_test_0000730,794,0.5,mean_tfi,-3.2776755304736724
video_test_0000730,794,0.5,mean_predicted_switches,-93.78095238095239
video_test_0000730,794,0.5,mean_transition_delay,0.6482233502538071
video_test_0000730,794,0.5,ptsm,-0.00933355321221993
video_test_0000730,794,0.5,missed_transition_rate,0.03840947546531301
video_test_0000737,1104,0.25,accuracy,0.00532101771970972
video_test_0000737,1104,0.25,global_ece,-0.021983689601296735
video_test_0000737,1104,0.25,mean_tfi,-1.568197701198491
video_test_0000737,1104,0.25,mean_predicted_switches,-43.39047619047619
video_test_0000737,1104,0.25,mean_transition_delay,0.23287208909888601
video_test_0000737,1104,0.25,ptsm,-0.005443046308885119
video_test_0000737,1104,0.25,missed_transition_rate,0.013499831252109351
video_test_0000737,1104,0.5,accuracy,0.014659824214234063
video_test_0000737,1104,0.5,global_ece,-0.05155548527793641
video_test_0000737,1104,0.5,mean_tfi,-3.2623162824070775
video_test_0000737,1104,0.5,mean_predicted_switches,-93.76190476190476
video_test_0000737,1104,0.5,mean_transition_delay,0.6490043874451565
video_test_0000737,1104,0.5,ptsm,-0.009328391996823476
video_test_0000737,1104,0.5,missed_transition_rate,0.03847451906851165
video_test_0000740,3082,0.25,accuracy,0.005367915152503788
video_test_0000740,3082,0.25,global_ece,-0.022072158186063034
video_test_0000740,3082,0.25,mean_tfi,-1.567404120644217
video_test_0000740,3082,0.25,mean_predicted_switches,-43.26190476190479
video_test_0000740,3082,0.25,mean_transition_delay,0.23289984799864882
video_test_0000740,3082,0.25,ptsm,-0.005411919128489151
video_test_0000740,3082,0.25,missed_transition_rate,0.01351123121094408
video_test_0000740,3082,0.5,accuracy,0.014847103530982508
video_test_0000740,3082,0.5,global_ece,-0.051828413517808425
video_test_0000740,3082,0.5,mean_tfi,-3.2572648631085954
video_test_0000740,3082,0.5,mean_predicted_switches,-93.44761904761907
video_test_0000740,3082,0.5,mean_transition_delay,0.6497213308562744
video_test_0000740,3082,0.5,ptsm,-0.009246633134103038
video_test_0000740,3082,0.5,missed_transition_rate,0.03850700895119066
video_test_0000756,266,0.25,accuracy,0.00533461931305923
video_test_0000756,266,0.25,global_ece,-0.02196341624919118
video_test_0000756,266,0.25,mean_tfi,-1.577025503448148
video_test_0000756,266,0.25,mean_predicted_switches,-43.452380952380935
video_test_0000756,266,0.25,mean_transition_delay,0.23309668695064278
video_test_0000756,266,0.25,ptsm,-0.005447545060601328
video_test_0000756,266,0.25,missed_transition_rate,0.013522650439486139
video_test_0000756,266,0.5,accuracy,0.014679937817688393
video_test_0000756,266,0.5,global_ece,-0.05149146036598862
video_test_0000756,266,0.5,mean_tfi,-3.277469356787833
video_test_0000756,266,0.5,mean_predicted_switches,-93.85238095238094
video_test_0000756,266,0.5,mean_transition_delay,0.6501014198782968
video_test_0000756,266,0.5,ptsm,-0.009340210678565636
video_test_0000756,266,0.5,missed_transition_rate,0.03853955375253548
video_test_0000762,994,0.25,accuracy,0.005340273587709277
video_test_0000762,994,0.25,global_ece,-0.02199105730256834
video_test_0000762,994,0.25,mean_tfi,-1.576360925217661
video_test_0000762,994,0.25,mean_predicted_switches,-43.41904761904763
video_test_0000762,994,0.25,mean_transition_delay,0.23291610284167774
video_test_0000762,994,0.25,ptsm,-0.005429028420452092
video_test_0000762,994,0.25,missed_transition_rate,0.013531799729363997
video_test_0000762,994,0.5,accuracy,0.01468200006604048
video_test_0000762,994,0.5,global_ece,-0.051543370739899674
video_test_0000762,994,0.5,mean_tfi,-3.2771990833596005
video_test_0000762,994,0.5,mean_predicted_switches,-93.80000000000001
video_test_0000762,994,0.5,mean_transition_delay,0.6495263870094723
video_test_0000762,994,0.5,ptsm,-0.009283280189336829
video_test_0000762,994,0.5,missed_transition_rate,0.03856562922868742
video_test_0000765,875,0.25,accuracy,0.005362372767428458
video_test_0000765,875,0.25,global_ece,-0.02197617518033465
video_test_0000765,875,0.25,mean_tfi,-1.568977350430151
video_test_0000765,875,0.25,mean_predicted_switches,-43.280952380952385
video_test_0000765,875,0.25,mean_transition_delay,0.23099019939168652
video_test_0000765,875,0.25,ptsm,-0.005440662761393794
video_test_0000765,875,0.25,missed_transition_rate,0.013349104427171327
video_test_0000765,875,0.5,accuracy,0.014739773381985732
video_test_0000765,875,0.5,global_ece,-0.051525148187675424
video_test_0000765,875,0.5,mean_tfi,-3.2640682059497212
video_test_0000765,875,0.5,mean_predicted_switches,-93.55238095238096
video_test_0000765,875,0.5,mean_transition_delay,0.6471781007096986
video_test_0000765,875,0.5,ptsm,-0.009322302611550232
video_test_0000765,875,0.5,missed_transition_rate,0.03835755322744169
video_test_0000767,576,0.25,accuracy,0.005345573487394617
video_test_0000767,576,0.25,global_ece,-0.021996458452436918
video_test_0000767,576,0.25,mean_tfi,-1.566165177702655
video_test_0000767,576,0.25,mean_predicted_switches,-43.428571428571445
video_test_0000767,576,0.25,mean_transition_delay,0.23271500843170312
video_test_0000767,576,0.25,ptsm,-0.005442278481529006
video_test_0000767,576,0.25,missed_transition_rate,0.013490725126475533
video_test_0000767,576,0.5,accuracy,0.01472056411840017
video_test_0000767,576,0.5,global_ece,-0.05157835115293852
video_test_0000767,576,0.5,mean_tfi,-3.2674953391255626
video_test_0000767,576,0.5,mean_predicted_switches,-93.89523809523811
video_test_0000767,576,0.5,mean_transition_delay,0.6489038785834733
video_test_0000767,576,0.5,ptsm,-0.009324796164031646
video_test_0000767,576,0.5,missed_transition_rate,0.038448566610455315
video_test_0000771,1670,0.25,accuracy,0.005363164116431451
video_test_0000771,1670,0.25,global_ece,-0.022075942913551583
video_test_0000771,1670,0.25,mean_tfi,-1.576072505816061
video_test_0000771,1670,0.25,mean_predicted_switches,-43.39047619047619
video_test_0000771,1670,0.25,mean_transition_delay,0.23282571912013506
video_test_0000771,1670,0.25,ptsm,-0.005464287328245304
video_test_0000771,1670,0.25,missed_transition_rate,0.013367174280879884
video_test_0000771,1670,0.5,accuracy,0.014765996998071906
video_test_0000771,1670,0.5,global_ece,-0.051759683451382876
video_test_0000771,1670,0.5,mean_tfi,-3.278136576346996
video_test_0000771,1670,0.5,mean_predicted_switches,-93.80000000000001
video_test_0000771,1670,0.5,mean_transition_delay,0.6504230118443317
video_test_0000771,1670,0.5,ptsm,-0.009376657873765099
video_test_0000771,1670,0.5,missed_transition_rate,0.03840947546531304
video_test_0000785,655,0.25,accuracy,0.005310854414816379
video_test_0000785,655,0.25,global_ece,-0.021948301300906192
video_test_0000785,655,0.25,mean_tfi,-1.553059111554723
video_test_0000785,655,0.25,mean_predicted_switches,-43.30000000000001
video_test_0000785,655,0.25,mean_transition_delay,0.2327935222672064
video_test_0000785,655,0.25,ptsm,-0.005450549018712864
video_test_0000785,655,0.25,missed_transition_rate,0.013495276653171406
video_test_0000785,655,0.5,accuracy,0.014631089040027856
video_test_0000785,655,0.5,global_ece,-0.0514756798355715
video_test_0000785,655,0.5,mean_tfi,-3.2415193694606677
video_test_0000785,655,0.5,mean_predicted_switches,-93.64285714285714
video_test_0000785,655,0.5,mean_transition_delay,0.6487854251012148
video_test_0000785,655,0.5,ptsm,-0.009347759993258237
video_test_0000785,655,0.5,missed_transition_rate,0.038461538461538464
video_test_0000786,732,0.25,accuracy,0.005327078415434117
video_test_0000786,732,0.25,global_ece,-0.021950223668770724
video_test_0000786,732,0.25,mean_tfi,-1.57402604782418
video_test_0000786,732,0.25,mean_predicted_switches,-43.40952380952382
video_test_0000786,732,0.25,mean_transition_delay,0.233147491130258
video_test_0000786,732,0.25,ptsm,-0.0054361039359459296
video_test_0000786,732,0.25,missed_transition_rate,0.013515796587261375
video_test_0000786,732,0.5,accuracy,0.014655464604623414
video_test_0000786,732,0.5,global_ece,-0.05146494456910167
video_test_0000786,732,0.5,mean_tfi,-3.2690131381080993
video_test_0000786,732,0.5,mean_predicted_switches,-93.6904761904762
video_test_0000786,732,0.5,mean_transition_delay,0.6497719209325901
video_test_0000786,732,0.5,ptsm,-0.00930859472438797
video_test_0000786,732,0.5,missed_transition_rate,0.03852002027369489
video_test_0000793,12534,0.25,accuracy,0.005363989439937322
video_test_0000793,12534,0.25,global_ece,-0.021825051231082443
video_test_0000793,12534,0.25,mean_tfi,-1.571324721524757
video_test_0000793,12534,0.25,mean_predicted_switches,-41.76666666666668
video_test_0000793,12534,0.25,mean_transition_delay,0.23435879709643892
video_test_0000793,12534,0.25,ptsm,-0.005473347269040529
video_test_0000793,12534,0.25,missed_transition_rate,0.013653646733494645
video_test_0000793,12534,0.5,accuracy,0.01454029833109971
video_test_0000793,12534,0.5,global_ece,-0.05096732546793559
video_test_0000793,12534,0.5,mean_tfi,-3.2667522460065737
video_test_0000793,12534,0.5,mean_predicted_switches,-90.20000000000002
video_test_0000793,12534,0.5,mean_transition_delay,0.6590044936052539
video_test_0000793,12534,0.5,ptsm,-0.009354055401558842
video_test_0000793,12534,0.5,missed_transition_rate,0.039232630487383346
video_test_0000796,951,0.25,accuracy,0.005345587264235951
video_test_0000796,951,0.25,global_ece,-0.021966650377300168
video_test_0000796,951,0.25,mean_tfi,-1.5764399966573022
video_test_0000796,951,0.25,mean_predicted_switches,-43.34761904761905
video_test_0000796,951,0.25,mean_transition_delay,0.22892996438867197
video_test_0000796,951,0.25,ptsm,-0.005427306698615769
video_test_0000796,951,0.25,missed_transition_rate,0.01339664236052232
video_test_0000796,951,0.5,accuracy,0.014719124056043142
video_test_0000796,951,0.5,global_ece,-0.051519398538840244
video_test_0000796,951,0.5,mean_tfi,-3.2778764517525527
video_test_0000796,951,0.5,mean_predicted_switches,-93.63333333333333
video_test_0000796,951,0.5,mean_transition_delay,0.6386298117686957
video_test_0000796,951,0.5,ptsm,-0.009303741980311836
video_test_0000796,951,0.5,missed_transition_rate,0.037985416313379705
video_test_0000798,812,0.25,accuracy,0.0053283569999189595
video_test_0000798,812,0.25,global_ece,-0.021977971523685913
video_test_0000798,812,0.25,mean_tfi,-1.5738637840664342
video_test_0000798,812,0.25,mean_predicted_switches,-43.395238095238085
video_test_0000798,812,0.25,mean_transition_delay,0.23036649214659732
video_test_0000798,812,0.25,ptsm,-0.005429527389771427
video_test_0000798,812,0.25,missed_transition_rate,0.013342340820807291
video_test_0000798,812,0.5,accuracy,0.014655981950790653
video_test_0000798,812,0.5,global_ece,-0.05151328032118485
video_test_0000798,812,0.5,mean_tfi,-3.2763073909124953
video_test_0000798,812,0.5,mean_predicted_switches,-93.83333333333331
video_test_0000798,812,0.5,mean_transition_delay,0.6470190846140857
video_test_0000798,812,0.5,ptsm,-0.00928824955399829
video_test_0000798,812,0.5,missed_transition_rate,0.038338118561053874
video_test_0000807,1191,0.25,accuracy,0.005343433493926741
video_test_0000807,1191,0.25,global_ece,-0.02201321711721163
video_test_0000807,1191,0.25,mean_tfi,-1.5769830536959315
video_test_0000807,1191,0.25,mean_predicted_switches,-43.395238095238085
video_test_0000807,1191,0.25,mean_transition_delay,0.22975262622839665
video_test_0000807,1191,0.25,ptsm,-0.005448018559653461
video_test_0000807,1191,0.25,missed_transition_rate,0.013385293120975944
video_test_0000807,1191,0.5,accuracy,0.014756767147645844
video_test_0000807,1191,0.5,global_ece,-0.05165634755168563
video_test_0000807,1191,0.5,mean_tfi,-3.2796221663716016
video_test_0000807,1191,0.5,mean_predicted_switches,-93.78095238095239
video_test_0000807,1191,0.5,mean_transition_delay,0.6445272788885124
video_test_0000807,1191,0.5,ptsm,-0.009351017604544931
video_test_0000807,1191,0.5,missed_transition_rate,0.038292104371399516
video_test_0000814,1355,0.25,accuracy,0.005328036349648957
video_test_0000814,1355,0.25,global_ece,-0.02198637044503124
video_test_0000814,1355,0.25,mean_tfi,-1.5720092602751796
video_test_0000814,1355,0.25,mean_predicted_switches,-43.31904761904761
video_test_0000814,1355,0.25,mean_transition_delay,0.23225152129817506
video_test_0000814,1355,0.25,ptsm,-0.005456623334517685
video_test_0000814,1355,0.25,missed_transition_rate,0.013522650439486139
video_test_0000814,1355,0.5,accuracy,0.014706942975286075
video_test_0000814,1355,0.5,global_ece,-0.05157936120244633
video_test_0000814,1355,0.5,mean_tfi,-3.270071985461146
video_test_0000814,1355,0.5,mean_predicted_switches,-93.62857142857143
video_test_0000814,1355,0.5,mean_transition_delay,0.6490872210953347
video_test_0000814,1355,0.5,ptsm,-0.00936004690754258
video_test_0000814,1355,0.5,missed_transition_rate,0.03853955375253548
video_test_0000839,2867,0.25,accuracy,0.005313111309681928
video_test_0000839,2867,0.25,global_ece,-0.021885396409311142
video_test_0000839,2867,0.25,mean_tfi,-1.573673411105763
video_test_0000839,2867,0.25,mean_predicted_switches,-42.99047619047619
video_test_0000839,2867,0.25,mean_transition_delay,0.23293515358361816
video_test_0000839,2867,0.25,ptsm,-0.005417685897403296
video_test_0000839,2867,0.25,missed_transition_rate,0.013481228668941997
video_test_0000839,2867,0.5,accuracy,0.01468048880624051
video_test_0000839,2867,0.5,global_ece,-0.051352925959648243
video_test_0000839,2867,0.5,mean_tfi,-3.272926176887184
video_test_0000839,2867,0.5,mean_predicted_switches,-92.93809523809523
video_test_0000839,2867,0.5,mean_transition_delay,0.6489761092150168
video_test_0000839,2867,0.5,ptsm,-0.009275288888902639
video_test_0000839,2867,0.5,missed_transition_rate,0.0385665529010239
video_test_0000844,1267,0.25,accuracy,0.005347657846035525
video_test_0000844,1267,0.25,global_ece,-0.022008324435461413
video_test_0000844,1267,0.25,mean_tfi,-1.5653467377162986
video_test_0000844,1267,0.25,mean_predicted_switches,-43.31904761904761
video_test_0000844,1267,0.25,mean_transition_delay,0.23295070898041903
video_test_0000844,1267,0.25,ptsm,-0.005441095605313806
video_test_0000844,1267,0.25,missed_transition_rate,0.013504388926401073
video_test_0000844,1267,0.5,accuracy,0.014703054774436897
video_test_0000844,1267,0.5,global_ece,-0.0515921928242381
video_test_0000844,1267,0.5,mean_tfi,-3.258913180944079
video_test_0000844,1267,0.5,mean_predicted_switches,-93.65714285714284
video_test_0000844,1267,0.5,mean_transition_delay,0.6493923024983124
video_test_0000844,1267,0.5,ptsm,-0.009320426546502641
video_test_0000844,1267,0.5,missed_transition_rate,0.038487508440243096
video_test_0000846,200,0.25,accuracy,0.0053305702212785855
video_test_0000846,200,0.25,global_ece,-0.021964252731752953
video_test_0000846,200,0.25,mean_tfi,-1.5739162766429802
video_test_0000846,200,0.25,mean_predicted_switches,-43.44285714285715
video_test_0000846,200,0.25,mean_transition_delay,0.23287208909888601
video_test_0000846,200,0.25,ptsm,-0.005441250835557604
video_test_0000846,200,0.25,missed_transition_rate,0.013499831252109351
video_test_0000846,200,0.5,accuracy,0.014668052215630611
video_test_0000846,200,0.5,global_ece,-0.051499542738036974
video_test_0000846,200,0.5,mean_tfi,-3.271329204505798
video_test_0000846,200,0.5,mean_predicted_switches,-93.86666666666667
video_test_0000846,200,0.5,mean_transition_delay,0.6473169085386434
video_test_0000846,200,0.5,ptsm,-0.009321914970185252
video_test_0000846,200,0.5,missed_transition_rate,0.03830577117786027
video_test_0000847,1766,0.25,accuracy,0.0053556868066566565
video_test_0000847,1766,0.25,global_ece,-0.021987521124325615
video_test_0000847,1766,0.25,mean_tfi,-1.5492106298368133
video_test_0000847,1766,0.25,mean_predicted_switches,-43.25714285714284
video_test_0000847,1766,0.25,mean_transition_delay,0.23262483130904155
video_test_0000847,1766,0.25,ptsm,-0.005439881888319842
video_test_0000847,1766,0.25,missed_transition_rate,0.013495276653171379
video_test_0000847,1766,0.5,accuracy,0.014743182782369524
video_test_0000847,1766,0.5,global_ece,-0.05155778575070519
video_test_0000847,1766,0.5,mean_tfi,-3.2135541805889014
video_test_0000847,1766,0.5,mean_predicted_switches,-93.43333333333334
video_test_0000847,1766,0.5,mean_transition_delay,0.6489541160593788
video_test_0000847,1766,0.5,ptsm,-0.009324005224620097
video_test_0000847,1766,0.5,missed_transition_rate,0.038461538461538464
video_test_0000854,1700,0.25,accuracy,0.005339582399533027
video_test_0000854,1700,0.25,global_ece,-0.021967326166572876
video_test_0000854,1700,0.25,mean_tfi,-1.575317681115811
video_test_0000854,1700,0.25,mean_predicted_switches,-43.2904761904762
video_test_0000854,1700,0.25,mean_transition_delay,0.23219131614653943
video_test_0000854,1700,0.25,ptsm,-0.0053461578396292175
video_test_0000854,1700,0.25,missed_transition_rate,0.01356852103120762
video_test_0000854,1700,0.5,accuracy,0.014710173483784117
video_test_0000854,1700,0.5,global_ece,-0.05151024504492274
video_test_0000854,1700,0.5,mean_tfi,-3.2765874352007636
video_test_0000854,1700,0.5,mean_predicted_switches,-93.5809523809524
video_test_0000854,1700,0.5,mean_transition_delay,0.6482360922659431
video_test_0000854,1700,0.5,ptsm,-0.009093726830268184
video_test_0000854,1700,0.5,missed_transition_rate,0.038670284938941674
video_test_0000864,1462,0.25,accuracy,0.0053417743588819455
video_test_0000864,1462,0.25,global_ece,-0.02196677137078165
video_test_0000864,1462,0.25,mean_tfi,-1.5718557706693161
video_test_0000864,1462,0.25,mean_predicted_switches,-43.276190476190465
video_test_0000864,1462,0.25,mean_transition_delay,0.23309668695064278
video_test_0000864,1462,0.25,ptsm,-0.0054160793258928586
video_test_0000864,1462,0.25,missed_transition_rate,0.013522650439486139
video_test_0000864,1462,0.5,accuracy,0.0146335158013714
video_test_0000864,1462,0.5,global_ece,-0.051437360272292676
video_test_0000864,1462,0.5,mean_tfi,-3.2691783819207174
video_test_0000864,1462,0.5,mean_predicted_switches,-93.52380952380952
video_test_0000864,1462,0.5,mean_transition_delay,0.6495943204868162
video_test_0000864,1462,0.5,ptsm,-0.009252803628124695
video_test_0000864,1462,0.5,missed_transition_rate,0.03853955375253548
video_test_0000873,257,0.25,accuracy,0.005334475508138037
video_test_0000873,257,0.25,global_ece,-0.021971962513523347
video_test_0000873,257,0.25,mean_tfi,-1.5633802639923058
video_test_0000873,257,0.25,mean_predicted_switches,-43.43333333333334
video_test_0000873,257,0.25,mean_transition_delay,0.23271500843170312
video_test_0000873,257,0.25,ptsm,-0.005441798118559271
video_test_0000873,257,0.25,missed_transition_rate,0.013490725126475561
video_test_0000873,257,0.5,accuracy,0.014691522946331803
video_test_0000873,257,0.5,global_ece,-0.051522165613618554
video_test_0000873,257,0.5,mean_tfi,-3.261549994576211
video_test_0000873,257,0.5,mean_predicted_switches,-93.89047619047619
video_test_0000873,257,0.5,mean_transition_delay,0.6487352445193926
video_test_0000873,257,0.5,ptsm,-0.00932355889537767
video_test_0000873,257,0.5,missed_transition_rate,0.03827993254637438
video_test_0000882,1859,0.25,accuracy,0.005336118267401879
video_test_0000882,1859,0.25,global_ece,-0.02198081081533912
video_test_0000882,1859,0.25,mean_tfi,-1.575176488024522
video_test_0000882,1859,0.25,mean_predicted_switches,-43.31904761904761
video_test_0000882,1859,0.25,mean_transition_delay,0.23353699932111294
video_test_0000882,1859,0.25,ptsm,-0.005467776418292464
video_test_0000882,1859,0.25,missed_transition_rate,0.013577732518669394
video_test_0000882,1859,0.5,accuracy,0.014702164543856755
video_test_0000882,1859,0.5,global_ece,-0.05151270338988778
video_test_0000882,1859,0.5,mean_tfi,-3.2730731546526375
video_test_0000882,1859,0.5,mean_predicted_switches,-93.43809523809523
video_test_0000882,1859,0.5,mean_transition_delay,0.6464697895451454
video_test_0000882,1859,0.5,ptsm,-0.009388040025379851
video_test_0000882,1859,0.5,missed_transition_rate,0.03835709436524101
video_test_0000887,2894,0.25,accuracy,0.005325620643120033
video_test_0000887,2894,0.25,global_ece,-0.021974816041520018
video_test_0000887,2894,0.25,mean_tfi,-1.5654730551931904
video_test_0000887,2894,0.25,mean_predicted_switches,-42.94761904761904
video_test_0000887,2894,0.25,mean_transition_delay,0.2322274881516586
video_test_0000887,2894,0.25,ptsm,-0.005444731004719039
video_test_0000887,2894,0.25,missed_transition_rate,0.013540961408259972
video_test_0000887,2894,0.5,accuracy,0.014669609243151971
video_test_0000887,2894,0.5,global_ece,-0.05153200432127708
video_test_0000887,2894,0.5,mean_tfi,-3.25326818507555
video_test_0000887,2894,0.5,mean_predicted_switches,-92.8095238095238
video_test_0000887,2894,0.5,mean_transition_delay,0.6459038591740018
video_test_0000887,2894,0.5,ptsm,-0.00933537969387091
video_test_0000887,2894,0.5,missed_transition_rate,0.038422477995937704
video_test_0000896,1696,0.25,accuracy,0.005339518149849454
video_test_0000896,1696,0.25,global_ece,-0.021994019670348086
video_test_0000896,1696,0.25,mean_tfi,-1.5714176697928313
video_test_0000896,1696,0.25,mean_predicted_switches,-43.342857142857156
video_test_0000896,1696,0.25,mean_transition_delay,0.2330179114565727
video_test_0000896,1696,0.25,ptsm,-0.005439254497304341
video_test_0000896,1696,0.25,missed_transition_rate,0.013518080432578572
video_test_0000896,1696,0.5,accuracy,0.014691947404994243
video_test_0000896,1696,0.5,global_ece,-0.05156539847800054
video_test_0000896,1696,0.5,mean_tfi,-3.2694873509552584
video_test_0000896,1696,0.5,mean_predicted_switches,-93.67142857142858
video_test_0000896,1696,0.5,mean_transition_delay,0.6490368367691781
video_test_0000896,1696,0.5,ptsm,-0.00931750368133999
video_test_0000896,1696,0.5,missed_transition_rate,0.03835755322744172
video_test_0000897,897,0.25,accuracy,0.0053237142359839895
video_test_0000897,897,0.25,global_ece,-0.021973962091163285
video_test_0000897,897,0.25,mean_tfi,-1.5690944059680687
video_test_0000897,897,0.25,mean_predicted_switches,-43.304761904761904
video_test_0000897,897,0.25,mean_transition_delay,0.2314971274079074
video_test_0000897,897,0.25,ptsm,-0.005461353483061898
video_test_0000897,897,0.25,missed_transition_rate,0.013349104427171327
video_test_0000897,897,0.5,accuracy,0.014683728160467702
video_test_0000897,897,0.5,global_ece,-0.05153638804165822
video_test_0000897,897,0.5,mean_tfi,-3.2672975478924178
video_test_0000897,897,0.5,mean_predicted_switches,-93.66190476190476
video_test_0000897,897,0.5,mean_transition_delay,0.6481919567421421
video_test_0000897,897,0.5,ptsm,-0.009366189850329082
video_test_0000897,897,0.5,missed_transition_rate,0.03818857722203445
video_test_0000903,2360,0.25,accuracy,0.005356233214674266
video_test_0000903,2360,0.25,global_ece,-0.021965744454101432
video_test_0000903,2360,0.25,mean_tfi,-1.577488129730713
video_test_0000903,2360,0.25,mean_predicted_switches,-43.23809523809524
video_test_0000903,2360,0.25,mean_transition_delay,0.23281519861830713
video_test_0000903,2360,0.25,ptsm,-0.005343067084035452
video_test_0000903,2360,0.25,missed_transition_rate,0.013644214162348872
video_test_0000903,2360,0.5,accuracy,0.014706281291162582
video_test_0000903,2360,0.5,global_ece,-0.051438356829910103
video_test_0000903,2360,0.5,mean_tfi,-3.280212498755211
video_test_0000903,2360,0.5,mean_predicted_switches,-93.33809523809524
video_test_0000903,2360,0.5,mean_transition_delay,0.6507772020725389
video_test_0000903,2360,0.5,ptsm,-0.009107542091291276
video_test_0000903,2360,0.5,missed_transition_rate,0.038860103626943004
video_test_0000940,695,0.25,accuracy,0.005326487277613201
video_test_0000940,695,0.25,global_ece,-0.021967967375422087
video_test_0000940,695,0.25,mean_tfi,-1.5738486617182215
video_test_0000940,695,0.25,mean_predicted_switches,-43.41428571428571
video_test_0000940,695,0.25,mean_transition_delay,0.23302938196555267
video_test_0000940,695,0.25,ptsm,-0.005443046777213162
video_test_0000940,695,0.25,missed_transition_rate,0.01350894967916244
video_test_0000940,695,0.5,accuracy,0.014686828940580932
video_test_0000940,695,0.5,global_ece,-0.05152402833906153
video_test_0000940,695,0.5,mean_tfi,-3.2761840146370043
video_test_0000940,695,0.5,mean_predicted_switches,-93.86190476190475
video_test_0000940,695,0.5,mean_transition_delay,0.6497804795677133
video_test_0000940,695,0.5,ptsm,-0.009321269978473073
video_test_0000940,695,0.5,missed_transition_rate,0.038500506585612965
video_test_0000946,205,0.25,accuracy,0.005336639534256893
video_test_0000946,205,0.25,global_ece,-0.021983359996826213
video_test_0000946,205,0.25,mean_tfi,-1.5787065260760862
video_test_0000946,205,0.25,mean_predicted_switches,-43.5
video_test_0000946,205,0.25,mean_transition_delay,0.2327935222672064
video_test_0000946,205,0.25,ptsm,-0.005445353293523275
video_test_0000946,205,0.25,missed_transition_rate,0.013495276653171406
video_test_0000946,205,0.5,accuracy,0.014692229828880188
video_test_0000946,205,0.5,global_ece,-0.051542426419754095
video_test_0000946,205,0.5,mean_tfi,-3.280377009486375
video_test_0000946,205,0.5,mean_predicted_switches,-93.95714285714286
video_test_0000946,205,0.5,mean_transition_delay,0.6489541160593788
video_test_0000946,205,0.5,ptsm,-0.009329558247570147
video_test_0000946,205,0.5,missed_transition_rate,0.038461538461538464
video_test_0000950,8217,0.25,accuracy,0.005289868857891511
video_test_0000950,8217,0.25,global_ece,-0.021856654272360776
video_test_0000950,8217,0.25,mean_tfi,-1.5688750852321203
video_test_0000950,8217,0.25,mean_predicted_switches,-42.22857142857143
video_test_0000950,8217,0.25,mean_transition_delay,0.23154477101845572
video_test_0000950,8217,0.25,ptsm,-0.00551876602353929
video_test_0000950,8217,0.25,missed_transition_rate,0.013499658236500345
video_test_0000950,8217,0.5,accuracy,0.01459623326971582
video_test_0000950,8217,0.5,global_ece,-0.05129457188922695
video_test_0000950,8217,0.5,mean_tfi,-3.2622809314890233
video_test_0000950,8217,0.5,mean_predicted_switches,-91.36190476190478
video_test_0000950,8217,0.5,mean_transition_delay,0.6520847573479154
video_test_0000950,8217,0.5,ptsm,-0.009508248416352033
video_test_0000950,8217,0.5,missed_transition_rate,0.038961038961038946
video_test_0000964,471,0.25,accuracy,0.005322911296800181
video_test_0000964,471,0.25,global_ece,-0.021970410016119102
video_test_0000964,471,0.25,mean_tfi,-1.5725840770964945
video_test_0000964,471,0.25,mean_predicted_switches,-43.428571428571416
video_test_0000964,471,0.25,mean_transition_delay,0.23287208909888601
video_test_0000964,471,0.25,ptsm,-0.0054353950091533265
video_test_0000964,471,0.25,missed_transition_rate,0.013499831252109351
video_test_0000964,471,0.5,accuracy,0.014673971683070941
video_test_0000964,471,0.5,global_ece,-0.05153355553823974
video_test_0000964,471,0.5,mean_tfi,-3.2714280059311287
video_test_0000964,471,0.5,mean_predicted_switches,-93.85238095238094
video_test_0000964,471,0.5,mean_transition_delay,0.6486668916638543
video_test_0000964,471,0.5,ptsm,-0.009308884368576742
video_test_0000964,471,0.5,missed_transition_rate,0.038474519068511626
video_test_0000981,206,0.25,accuracy,0.005330666003827256
video_test_0000981,206,0.25,global_ece,-0.021973419842308578
video_test_0000981,206,0.25,mean_tfi,-1.575864689341394
video_test_0000981,206,0.25,mean_predicted_switches,-43.47142857142856
video_test_0000981,206,0.25,mean_transition_delay,0.2327935222672064
video_test_0000981,206,0.25,ptsm,-0.005441173031054625
video_test_0000981,206,0.25,missed_transition_rate,0.013495276653171379
video_test_0000981,206,0.5,accuracy,0.014665321022888977
video_test_0000981,206,0.5,global_ece,-0.05150918308735891
video_test_0000981,206,0.5,mean_tfi,-3.273612084324392
video_test_0000981,206,0.5,mean_predicted_switches,-93.90952380952379
video_test_0000981,206,0.5,mean_transition_delay,0.6491228070175437
video_test_0000981,206,0.5,ptsm,-0.009319035020900424
video_test_0000981,206,0.5,missed_transition_rate,0.038461538461538464
video_test_0000987,1382,0.25,accuracy,0.0053374847103303535
video_test_0000987,1382,0.25,global_ece,-0.021964403822507028
video_test_0000987,1382,0.25,mean_tfi,-1.5640911414607013
video_test_0000987,1382,0.25,mean_predicted_switches,-43.2095238095238
video_test_0000987,1382,0.25,mean_transition_delay,0.23175675675675755
video_test_0000987,1382,0.25,ptsm,-0.0054434294565977315
video_test_0000987,1382,0.25,missed_transition_rate,0.013513513513513514
video_test_0000987,1382,0.5,accuracy,0.014620981484097295
video_test_0000987,1382,0.5,global_ece,-0.0514492236904483
video_test_0000987,1382,0.5,mean_tfi,-3.2530335113614717
video_test_0000987,1382,0.5,mean_predicted_switches,-93.4047619047619
video_test_0000987,1382,0.5,mean_transition_delay,0.6488175675675683
video_test_0000987,1382,0.5,ptsm,-0.00932490929264515
video_test_0000987,1382,0.5,missed_transition_rate,0.03851351351351351
video_test_0000989,1448,0.25,accuracy,0.0053535733072819225
video_test_0000989,1448,0.25,global_ece,-0.022025728658433302
video_test_0000989,1448,0.25,mean_tfi,-1.5767122016444821
video_test_0000989,1448,0.25,mean_predicted_switches,-43.31428571428572
video_test_0000989,1448,0.25,mean_transition_delay,0.22978940217391308
video_test_0000989,1448,0.25,ptsm,-0.005435789304920252
video_test_0000989,1448,0.25,missed_transition_rate,0.013417119565217406
video_test_0000989,1448,0.5,accuracy,0.014693018711956163
video_test_0000989,1448,0.5,global_ece,-0.051601688510959004
video_test_0000989,1448,0.5,mean_tfi,-3.278888779038998
video_test_0000989,1448,0.5,mean_predicted_switches,-93.61428571428573
video_test_0000989,1448,0.5,mean_transition_delay,0.6463994565217392
video_test_0000989,1448,0.5,ptsm,-0.009314010947832296
video_test_0000989,1448,0.5,missed_transition_rate,0.038383152173913054
video_test_0000991,613,0.25,accuracy,0.005337171299211407
video_test_0000991,613,0.25,global_ece,-0.021972742211768564
video_test_0000991,613,0.25,mean_tfi,-1.5767785976935311
video_test_0000991,613,0.25,mean_predicted_switches,-43.44761904761904
video_test_0000991,613,0.25,mean_transition_delay,0.230378890392422
video_test_0000991,613,0.25,ptsm,-0.005438981027828554
video_test_0000991,613,0.25,missed_transition_rate,0.013362652232746963
video_test_0000991,613,0.5,accuracy,0.014689214716200327
video_test_0000991,613,0.5,global_ece,-0.05152161700117236
video_test_0000991,613,0.5,mean_tfi,-3.2766349093661846
video_test_0000991,613,0.5,mean_predicted_switches,-93.7904761904762
video_test_0000991,613,0.5,mean_transition_delay,0.6471583220568338
video_test_0000991,613,0.5,ptsm,-0.009320888656571963
video_test_0000991,613,0.5,missed_transition_rate,0.03839648173207036
video_test_0001008,743,0.25,accuracy,0.005360249565060871
video_test_0001008,743,0.25,global_ece,-0.02197813403927229
video_test_0001008,743,0.25,mean_tfi,-1.5751249744077995
video_test_0001008,743,0.25,mean_predicted_switches,-43.4047619047619
video_test_0001008,743,0.25,mean_transition_delay,0.23240866035182695
video_test_0001008,743,0.25,ptsm,-0.005401887598900201
video_test_0001008,743,0.25,missed_transition_rate,0.013362652232746935
video_test_0001008,743,0.5,accuracy,0.014694942708020853
video_test_0001008,743,0.5,global_ece,-0.05148228815271427
video_test_0001008,743,0.5,mean_tfi,-3.275823105393137
video_test_0001008,743,0.5,mean_predicted_switches,-93.76666666666665
video_test_0001008,743,0.5,mean_transition_delay,0.6491880920162387
video_test_0001008,743,0.5,ptsm,-0.009247508671677312
video_test_0001008,743,0.5,missed_transition_rate,0.0382273342354533
video_test_0001038,905,0.25,accuracy,0.005320841010989841
video_test_0001038,905,0.25,global_ece,-0.02198537708694226
video_test_0001038,905,0.25,mean_tfi,-1.566861582076637
video_test_0001038,905,0.25,mean_predicted_switches,-43.40952380952382
video_test_0001038,905,0.25,mean_transition_delay,0.2327935222672064
video_test_0001038,905,0.25,ptsm,-0.005447685077904635
video_test_0001038,905,0.25,missed_transition_rate,0.013495276653171379
video_test_0001038,905,0.5,accuracy,0.014687081730278773
video_test_0001038,905,0.5,global_ece,-0.051581025546657666
video_test_0001038,905,0.5,mean_tfi,-3.263744518437961
video_test_0001038,905,0.5,mean_predicted_switches,-93.83809523809524
video_test_0001038,905,0.5,mean_transition_delay,0.6491228070175437
video_test_0001038,905,0.5,ptsm,-0.009337251826959436
video_test_0001038,905,0.5,missed_transition_rate,0.038461538461538464
video_test_0001039,1757,0.25,accuracy,0.005343506856898772
video_test_0001039,1757,0.25,global_ece,-0.02193271649215464
video_test_0001039,1757,0.25,mean_tfi,-1.575442510234483
video_test_0001039,1757,0.25,mean_predicted_switches,-43.22857142857143
video_test_0001039,1757,0.25,mean_transition_delay,0.22883373002380214
video_test_0001039,1757,0.25,ptsm,-0.005390602955623408
video_test_0001039,1757,0.25,missed_transition_rate,0.013430805848350907
video_test_0001039,1757,0.5,accuracy,0.014634469229704572
video_test_0001039,1757,0.5,global_ece,-0.05136247163594482
video_test_0001039,1757,0.5,mean_tfi,-3.274802088413467
video_test_0001039,1757,0.5,mean_predicted_switches,-93.34285714285716
video_test_0001039,1757,0.5,mean_transition_delay,0.6460387623257402
video_test_0001039,1757,0.5,ptsm,-0.009248482732899965
video_test_0001039,1757,0.5,missed_transition_rate,0.03859231553893233
video_test_0001040,1323,0.25,accuracy,0.005342548076923137
video_test_0001040,1323,0.25,global_ece,-0.021956226681015684
video_test_0001040,1323,0.25,mean_tfi,-1.5750882209090058
video_test_0001040,1323,0.25,mean_predicted_switches,-43.342857142857156
video_test_0001040,1323,0.25,mean_transition_delay,0.23355932203389784
video_test_0001040,1323,0.25,ptsm,-0.005452087978831371
video_test_0001040,1323,0.25,missed_transition_rate,0.013559322033898313
video_test_0001040,1323,0.5,accuracy,0.014711538461538498
video_test_0001040,1323,0.5,global_ece,-0.051478472024568345
video_test_0001040,1323,0.5,mean_tfi,-3.2749414377078043
video_test_0001040,1323,0.5,mean_predicted_switches,-93.59047619047618
video_test_0001040,1323,0.5,mean_transition_delay,0.6498305084745759
video_test_0001040,1323,0.5,ptsm,-0.009351756345777784
video_test_0001040,1323,0.5,missed_transition_rate,0.03864406779661017
video_test_0001058,6033,0.25,accuracy,0.005324758450425238
video_test_0001058,6033,0.25,global_ece,-0.021991101711414746
video_test_0001058,6033,0.25,mean_tfi,-1.5735296331719377
video_test_0001058,6033,0.25,mean_predicted_switches,-42.81904761904761
video_test_0001058,6033,0.25,mean_transition_delay,0.23451932945603815
video_test_0001058,6033,0.25,ptsm,-0.005533590387162973
video_test_0001058,6033,0.25,missed_transition_rate,0.01368457064659595
video_test_0001058,6033,0.5,accuracy,0.014529549818647292
video_test_0001058,6033,0.5,global_ece,-0.05142245126630532
video_test_0001058,6033,0.5,mean_tfi,-3.2706240006462144
video_test_0001058,6033,0.5,mean_predicted_switches,-92.32380952380953
video_test_0001058,6033,0.5,mean_transition_delay,0.6563462196373582
video_test_0001058,6033,0.5,ptsm,-0.009514532090635686
video_test_0001058,6033,0.5,missed_transition_rate,0.03882996920971604
video_test_0001064,2065,0.25,accuracy,0.005351474742364304
video_test_0001064,2065,0.25,global_ece,-0.02195070366553692
video_test_0001064,2065,0.25,mean_tfi,-1.577091129486658
video_test_0001064,2065,0.25,mean_predicted_switches,-43.25714285714284
video_test_0001064,2065,0.25,mean_transition_delay,0.23481989708404782
video_test_0001064,2065,0.25,ptsm,-0.0053423280121161765
video_test_0001064,2065,0.25,missed_transition_rate,0.013550600343053165
video_test_0001064,2065,0.5,accuracy,0.014720319944106164
video_test_0001064,2065,0.5,global_ece,-0.051463260246134124
video_test_0001064,2065,0.5,mean_tfi,-3.2797460020026454
video_test_0001064,2065,0.5,mean_predicted_switches,-93.42380952380952
video_test_0001064,2065,0.5,mean_transition_delay,0.6485420240137225
video_test_0001064,2065,0.5,ptsm,-0.009083854325227597
video_test_0001064,2065,0.5,missed_transition_rate,0.038593481989708384
video_test_0001066,1139,0.25,accuracy,0.0053395958964994605
video_test_0001066,1139,0.25,global_ece,-0.021981479870135767
video_test_0001066,1139,0.25,mean_tfi,-1.571165410012802
video_test_0001066,1139,0.25,mean_predicted_switches,-43.33333333333334
video_test_0001066,1139,0.25,mean_transition_delay,0.23293918918918877
video_test_0001066,1139,0.25,ptsm,-0.005445695700595471
video_test_0001066,1139,0.25,missed_transition_rate,0.013513513513513514
video_test_0001066,1139,0.5,accuracy,0.014661365110635871
video_test_0001066,1139,0.5,global_ece,-0.051497476048188384
video_test_0001066,1139,0.5,mean_tfi,-3.265332395133412
video_test_0001066,1139,0.5,mean_predicted_switches,-93.60000000000002
video_test_0001066,1139,0.5,mean_transition_delay,0.6471283783783779
video_test_0001066,1139,0.5,ptsm,-0.009325284362148023
video_test_0001066,1139,0.5,missed_transition_rate,0.03834459459459458
video_test_0001072,2133,0.25,accuracy,0.0052863038043314825
video_test_0001072,2133,0.25,global_ece,-0.021919040413126645
video_test_0001072,2133,0.25,mean_tfi,-1.5637428436334133
video_test_0001072,2133,0.25,mean_predicted_switches,-43.0952380952381
video_test_0001072,2133,0.25,mean_transition_delay,0.23411088573360406
video_test_0001072,2133,0.25,ptsm,-0.005448526253181901
video_test_0001072,2133,0.25,missed_transition_rate,0.013522650439486139
video_test_0001072,2133,0.5,accuracy,0.014602849483418168
video_test_0001072,2133,0.5,global_ece,-0.05143573271448745
video_test_0001072,2133,0.5,mean_tfi,-3.2533355453665624
video_test_0001072,2133,0.5,mean_predicted_switches,-93.22857142857143
video_test_0001072,2133,0.5,mean_transition_delay,0.650777552400271
video_test_0001072,2133,0.5,ptsm,-0.00933713058139915
video_test_0001072,2133,0.5,missed_transition_rate,0.03853955375253551
video_test_0001075,1581,0.25,accuracy,0.00535571446614258
video_test_0001075,1581,0.25,global_ece,-0.022036466871533572
video_test_0001075,1581,0.25,mean_tfi,-1.577660326943267
video_test_0001075,1581,0.25,mean_predicted_switches,-43.37619047619049
video_test_0001075,1581,0.25,mean_transition_delay,0.2336289222373802
video_test_0001075,1581,0.25,ptsm,-0.005488420352286971
video_test_0001075,1581,0.25,missed_transition_rate,0.013301500682128237
video_test_0001075,1581,0.5,accuracy,0.014756030817159926
video_test_0001075,1581,0.5,global_ece,-0.05168404938023305
video_test_0001075,1581,0.5,mean_tfi,-3.281532411282999
video_test_0001075,1581,0.5,mean_predicted_switches,-93.78571428571428
video_test_0001075,1581,0.5,mean_transition_delay,0.651432469304229
video_test_0001075,1581,0.5,ptsm,-0.009420218702122896
video_test_0001075,1581,0.5,missed_transition_rate,0.03802864938608458
video_test_0001076,481,0.25,accuracy,0.005350045857535957
video_test_0001076,481,0.25,global_ece,-0.02198764594231281
video_test_0001076,481,0.25,mean_tfi,-1.5740365480915726
video_test_0001076,481,0.25,mean_predicted_switches,-43.395238095238085
video_test_0001076,481,0.25,mean_transition_delay,0.23301791145657358
video_test_0001076,481,0.25,ptsm,-0.0054387042148867915
video_test_0001076,481,0.25,missed_transition_rate,0.013518080432578572
video_test_0001076,481,0.5,accuracy,0.01470438374065619
video_test_0001076,481,0.5,global_ece,-0.0515418425461211
video_test_0001076,481,0.5,mean_tfi,-3.2740734926990758
video_test_0001076,481,0.5,mean_predicted_switches,-93.79523809523809
video_test_0001076,481,0.5,mean_transition_delay,0.6476850287259213
video_test_0001076,481,0.5,ptsm,-0.009326353547851662
video_test_0001076,481,0.5,missed_transition_rate,0.038188577222034475
video_test_0001078,727,0.25,accuracy,0.005312001343747319
video_test_0001078,727,0.25,global_ece,-0.02194416825241019
video_test_0001078,727,0.25,mean_tfi,-1.5755566542762134
video_test_0001078,727,0.25,mean_predicted_switches,-43.400000000000006
video_test_0001078,727,0.25,mean_transition_delay,0.23342354533152854
video_test_0001078,727,0.25,ptsm,-0.005388040915366099
video_test_0001078,727,0.25,missed_transition_rate,0.013531799729363997
video_test_0001078,727,0.5,accuracy,0.014610253272384743
video_test_0001078,727,0.5,global_ece,-0.051423092263668424
video_test_0001078,727,0.5,mean_tfi,-3.2746192345296796
video_test_0001078,727,0.5,mean_predicted_switches,-93.72857142857143
video_test_0001078,727,0.5,mean_transition_delay,0.6507104194857911
video_test_0001078,727,0.5,ptsm,-0.00916902473582179
video_test_0001078,727,0.5,missed_transition_rate,0.03856562922868742
video_test_0001079,3677,0.25,accuracy,0.00537455439012724
video_test_0001079,3677,0.25,global_ece,-0.022059143946910997
video_test_0001079,3677,0.25,mean_tfi,-1.5590453713577883
video_test_0001079,3677,0.25,mean_predicted_switches,-43.157142857142844
video_test_0001079,3677,0.25,mean_transition_delay,0.23318688746198024
video_test_0001079,3677,0.25,ptsm,-0.005444493388592098
video_test_0001079,3677,0.25,missed_transition_rate,0.013518080432578572
video_test_0001079,3677,0.5,accuracy,0.01479818185119508
video_test_0001079,3677,0.5,global_ece,-0.05173875987359339
video_test_0001079,3677,0.5,mean_tfi,-3.233043849154444
video_test_0001079,3677,0.5,mean_predicted_switches,-93.05714285714285
video_test_0001079,3677,0.5,mean_transition_delay,0.6476850287259213
video_test_0001079,3677,0.5,ptsm,-0.00933454904204517
video_test_0001079,3677,0.5,missed_transition_rate,0.03835755322744172
video_test_0001080,515,0.25,accuracy,0.005359583703028692
video_test_0001080,515,0.25,global_ece,-0.02202206839085674
video_test_0001080,515,0.25,mean_tfi,-1.5692304496705072
video_test_0001080,515,0.25,mean_predicted_switches,-43.46190476190475
video_test_0001080,515,0.25,mean_transition_delay,0.23267577137076412
video_test_0001080,515,0.25,ptsm,-0.0054416013215315695
video_test_0001080,515,0.25,missed_transition_rate,0.013488450514247186
video_test_0001080,515,0.5,accuracy,0.014720870003117503
video_test_0001080,515,0.5,global_ece,-0.051613306727145786
video_test_0001080,515,0.5,mean_tfi,-3.2610409625389902
video_test_0001080,515,0.5,mean_predicted_switches,-93.89999999999998
video_test_0001080,515,0.5,mean_transition_delay,0.6487944697352894
video_test_0001080,515,0.5,ptsm,-0.009322691212766937
video_test_0001080,515,0.5,missed_transition_rate,0.038442083965604446
video_test_0001081,875,0.25,accuracy,0.005329364317265162
video_test_0001081,875,0.25,global_ece,-0.02196106058713293
video_test_0001081,875,0.25,mean_tfi,-1.5578618548742726
video_test_0001081,875,0.25,mean_predicted_switches,-43.29523809523809
video_test_0001081,875,0.25,mean_transition_delay,0.23270334120823488
video_test_0001081,875,0.25,ptsm,-0.0054547274453791705
video_test_0001081,875,0.25,missed_transition_rate,0.013499831252109351
video_test_0001081,875,0.5,accuracy,0.014649750336085954
video_test_0001081,875,0.5,global_ece,-0.05148013222101658
video_test_0001081,875,0.5,mean_tfi,-3.2354810730454213
video_test_0001081,875,0.5,mean_predicted_switches,-93.52380952380952
video_test_0001081,875,0.5,mean_transition_delay,0.6488356395545054
video_test_0001081,875,0.5,ptsm,-0.00935842678458218
video_test_0001081,875,0.5,missed_transition_rate,0.03847451906851165
video_test_0001098,1243,0.25,accuracy,0.005347272290314842
video_test_0001098,1243,0.25,global_ece,-0.021954907425332515
video_test_0001098,1243,0.25,mean_tfi,-1.5754315762494118
video_test_0001098,1243,0.25,mean_predicted_switches,-43.366666666666674
video_test_0001098,1243,0.25,mean_transition_delay,0.23018292682926855
video_test_0001098,1243,0.25,ptsm,-0.005451527382969862
video_test_0001098,1243,0.25,missed_transition_rate,0.013380758807588072
video_test_0001098,1243,0.5,accuracy,0.014708002883922155
video_test_0001098,1243,0.5,global_ece,-0.051472514899909616
video_test_0001098,1243,0.5,mean_tfi,-3.2740091082975527
video_test_0001098,1243,0.5,mean_predicted_switches,-93.61428571428573
video_test_0001098,1243,0.5,mean_transition_delay,0.6422764227642279
video_test_0001098,1243,0.5,ptsm,-0.009338428814240574
video_test_0001098,1243,0.5,missed_transition_rate,0.03794037940379405
video_test_0001114,360,0.25,accuracy,0.005336121739078381
video_test_0001114,360,0.25,global_ece,-0.021972892315098164
video_test_0001114,360,0.25,mean_tfi,-1.5721033514729141
video_test_0001114,360,0.25,mean_predicted_switches,-43.43809523809523
video_test_0001114,360,0.25,mean_transition_delay,0.23262483130904155
video_test_0001114,360,0.25,ptsm,-0.005444208530031386
video_test_0001114,360,0.25,missed_transition_rate,0.013495276653171379
video_test_0001114,360,0.5,accuracy,0.014675083816959922
video_test_0001114,360,0.5,global_ece,-0.051507270036824426
video_test_0001114,360,0.5,mean_tfi,-3.2679996504619586
video_test_0001114,360,0.5,mean_predicted_switches,-93.87142857142857
video_test_0001114,360,0.5,mean_transition_delay,0.6489541160593788
video_test_0001114,360,0.5,ptsm,-0.009325929435936187
video_test_0001114,360,0.5,missed_transition_rate,0.038461538461538464
video_test_0001118,524,0.25,accuracy,0.005326754576602366
video_test_0001118,524,0.25,global_ece,-0.021971888912890758
video_test_0001118,524,0.25,mean_tfi,-1.5680767257688668
video_test_0001118,524,0.25,mean_predicted_switches,-43.423809523809524
video_test_0001118,524,0.25,mean_transition_delay,0.2327935222672064
video_test_0001118,524,0.25,ptsm,-0.0054480018440115074
video_test_0001118,524,0.25,missed_transition_rate,0.013495276653171379
video_test_0001118,524,0.5,accuracy,0.014670307764711454
video_test_0001118,524,0.5,global_ece,-0.05152217219567928
video_test_0001118,524,0.5,mean_tfi,-3.2592198564278263
video_test_0001118,524,0.5,mean_predicted_switches,-93.7857142857143
video_test_0001118,524,0.5,mean_transition_delay,0.6481106612685554
video_test_0001118,524,0.5,ptsm,-0.00933830513386355
video_test_0001118,524,0.5,missed_transition_rate,0.038292847503373806
video_test_0001123,1923,0.25,accuracy,0.005316074653823
video_test_0001123,1923,0.25,global_ece,-0.021927680768582147
video_test_0001123,1923,0.25,mean_tfi,-1.5751549387744985
video_test_0001123,1923,0.25,mean_predicted_switches,-43.276190476190465
video_test_0001123,1923,0.25,mean_transition_delay,0.23384771917924319
video_test_0001123,1923,0.25,ptsm,-0.005460620259519294
video_test_0001123,1923,0.25,missed_transition_rate,0.013566220111921323
video_test_0001123,1923,0.5,accuracy,0.014593618302227607
video_test_0001123,1923,0.5,global_ece,-0.05137948598964143
video_test_0001123,1923,0.5,mean_tfi,-3.272957123717938
video_test_0001123,1923,0.5,mean_predicted_switches,-93.37619047619046
video_test_0001123,1923,0.5,mean_transition_delay,0.6527047651348141
video_test_0001123,1923,0.5,ptsm,-0.009367787291791274
video_test_0001123,1923,0.5,missed_transition_rate,0.03849414956757674
video_test_0001127,1353,0.25,accuracy,0.005352044955975632
video_test_0001127,1353,0.25,global_ece,-0.022056381913652334
video_test_0001127,1353,0.25,mean_tfi,-1.573270683706248
video_test_0001127,1353,0.25,mean_predicted_switches,-43.45238095238096
video_test_0001127,1353,0.25,mean_transition_delay,0.2328720890988869
video_test_0001127,1353,0.25,ptsm,-0.005445861411909031
video_test_0001127,1353,0.25,missed_transition_rate,0.013499831252109323
video_test_0001127,1353,0.5,accuracy,0.014742915527241052
video_test_0001127,1353,0.5,global_ece,-0.051725902128299694
video_test_0001127,1353,0.5,mean_tfi,-3.2730320609858436
video_test_0001127,1353,0.5,mean_predicted_switches,-93.89047619047619
video_test_0001127,1353,0.5,mean_transition_delay,0.6493418832264597
video_test_0001127,1353,0.5,ptsm,-0.009329737591660225
video_test_0001127,1353,0.5,missed_transition_rate,0.038474519068511626
video_test_0001129,504,0.25,accuracy,0.005344419832203795
video_test_0001129,504,0.25,global_ece,-0.021980916253991317
video_test_0001129,504,0.25,mean_tfi,-1.5754164827860428
video_test_0001129,504,0.25,mean_predicted_switches,-43.4190476190476
video_test_0001129,504,0.25,mean_transition_delay,0.23158783783783754
video_test_0001129,504,0.25,ptsm,-0.005448577938520993
video_test_0001129,504,0.25,missed_transition_rate,0.013513513513513514
video_test_0001129,504,0.5,accuracy,0.014705397474364501
video_test_0001129,504,0.5,global_ece,-0.05153529537356291
video_test_0001129,504,0.5,mean_tfi,-3.2772524875719373
video_test_0001129,504,0.5,mean_predicted_switches,-93.84761904761905
video_test_0001129,504,0.5,mean_transition_delay,0.6479729729729726
video_test_0001129,504,0.5,ptsm,-0.009327748361421723
video_test_0001129,504,0.5,missed_transition_rate,0.03851351351351351
video_test_0001134,1375,0.25,accuracy,0.00535540408958135
video_test_0001134,1375,0.25,global_ece,-0.022016171625195313
video_test_0001134,1375,0.25,mean_tfi,-1.5742599261560084
video_test_0001134,1375,0.25,mean_predicted_switches,-43.36190476190475
video_test_0001134,1375,0.25,mean_transition_delay,0.23249915454852843
video_test_0001134,1375,0.25,ptsm,-0.005437836383840766
video_test_0001134,1375,0.25,missed_transition_rate,0.01352722353736896
video_test_0001134,1375,0.5,accuracy,0.014701816389580125
video_test_0001134,1375,0.5,global_ece,-0.05158085406984528
video_test_0001134,1375,0.5,mean_tfi,-3.2729914113854024
video_test_0001134,1375,0.5,mean_predicted_switches,-93.66190476190476
video_test_0001134,1375,0.5,mean_transition_delay,0.6493067297937092
video_test_0001134,1375,0.5,ptsm,-0.009312589956804174
video_test_0001134,1375,0.5,missed_transition_rate,0.03855258708150153
video_test_0001135,354,0.25,accuracy,0.005342017982496894
video_test_0001135,354,0.25,global_ece,-0.021988665658398132
video_test_0001135,354,0.25,mean_tfi,-1.5726044118868048
video_test_0001135,354,0.25,mean_predicted_switches,-43.44285714285715
video_test_0001135,354,0.25,mean_transition_delay,0.2328720890988869
video_test_0001135,354,0.25,ptsm,-0.005444141380391121
video_test_0001135,354,0.25,missed_transition_rate,0.013499831252109351
video_test_0001135,354,0.5,accuracy,0.014698788683191077
video_test_0001135,354,0.5,global_ece,-0.051554205667851016
video_test_0001135,354,0.5,mean_tfi,-3.273210250336219
video_test_0001135,354,0.5,mean_predicted_switches,-93.88571428571427
video_test_0001135,354,0.5,mean_transition_delay,0.6488356395545063
video_test_0001135,354,0.5,ptsm,-0.009324210459807886
video_test_0001135,354,0.5,missed_transition_rate,0.038137023287208915
video_test_0001146,1626,0.25,accuracy,0.005362454398084804
video_test_0001146,1626,0.25,global_ece,-0.022027078054642296
video_test_0001146,1626,0.25,mean_tfi,-1.5764211937995523
video_test_0001146,1626,0.25,mean_predicted_switches,-43.32380952380953
video_test_0001146,1626,0.25,mean_transition_delay,0.23114809782608692
video_test_0001146,1626,0.25,ptsm,-0.0054071213452761
video_test_0001146,1626,0.25,missed_transition_rate,0.013417119565217406
video_test_0001146,1626,0.5,accuracy,0.014688854335527912
video_test_0001146,1626,0.5,global_ece,-0.05157699075109623
video_test_0001146,1626,0.5,mean_tfi,-3.27788789930685
video_test_0001146,1626,0.5,mean_predicted_switches,-93.60000000000002
video_test_0001146,1626,0.5,mean_transition_delay,0.6492866847826084
video_test_0001146,1626,0.5,ptsm,-0.009225373756628852
video_test_0001146,1626,0.5,missed_transition_rate,0.038552989130434784
video_test_0001153,959,0.25,accuracy,0.005315700375790877
video_test_0001153,959,0.25,global_ece,-0.021961610243892954
video_test_0001153,959,0.25,mean_tfi,-1.5624788228735937
video_test_0001153,959,0.25,mean_predicted_switches,-43.32857142857142
video_test_0001153,959,0.25,mean_transition_delay,0.2311846101923729
video_test_0001153,959,0.25,ptsm,-0.005435029575905914
video_test_0001153,959,0.25,missed_transition_rate,0.013499831252109351
video_test_0001153,959,0.5,accuracy,0.01464143785042804
video_test_0001153,959,0.5,global_ece,-0.05149701149878405
video_test_0001153,959,0.5,mean_tfi,-3.2519952456970485
video_test_0001153,959,0.5,mean_predicted_switches,-93.62380952380954
video_test_0001153,959,0.5,mean_transition_delay,0.6471481606479923
video_test_0001153,959,0.5,ptsm,-0.00931359654700406
video_test_0001153,959,0.5,missed_transition_rate,0.03847451906851165
video_test_0001159,4524,0.25,accuracy,0.005309482128283194
video_test_0001159,4524,0.25,global_ece,-0.021932036750313938
video_test_0001159,4524,0.25,mean_tfi,-1.5600241820123824
video_test_0001159,4524,0.25,mean_predicted_switches,-42.75714285714287
video_test_0001159,4524,0.25,mean_transition_delay,0.23299492385786813
video_test_0001159,4524,0.25,ptsm,-0.005413994186014265
video_test_0001159,4524,0.25,missed_transition_rate,0.013536379018612515
video_test_0001159,4524,0.5,accuracy,0.014684510571937426
video_test_0001159,4524,0.5,global_ece,-0.05150501244570854
video_test_0001159,4524,0.5,mean_tfi,-3.2475710082381353
video_test_0001159,4524,0.5,mean_predicted_switches,-92.58571428571429
video_test_0001159,4524,0.5,mean_transition_delay,0.6497461928934012
video_test_0001159,4524,0.5,ptsm,-0.00927088646429619
video_test_0001159,4524,0.5,missed_transition_rate,0.03857868020304567
video_test_0001162,902,0.25,accuracy,0.005344801198003735
video_test_0001162,902,0.25,global_ece,-0.021986874645674864
video_test_0001162,902,0.25,mean_tfi,-1.572428988520353
video_test_0001162,902,0.25,mean_predicted_switches,-43.304761904761904
video_test_0001162,902,0.25,mean_transition_delay,0.23368278660804886
video_test_0001162,902,0.25,ptsm,-0.005451376736095248
video_test_0001162,902,0.25,missed_transition_rate,0.01352722353736896
video_test_0001162,902,0.5,accuracy,0.014692951524663878
video_test_0001162,902,0.5,global_ece,-0.05150969047574458
video_test_0001162,902,0.5,mean_tfi,-3.2731905724085646
video_test_0001162,902,0.5,mean_predicted_switches,-93.6904761904762
video_test_0001162,902,0.5,mean_transition_delay,0.6508285424416638
video_test_0001162,902,0.5,ptsm,-0.009339713414952683
video_test_0001162,902,0.5,missed_transition_rate,0.03855258708150153
video_test_0001163,752,0.25,accuracy,0.005342396309216957
video_test_0001163,752,0.25,global_ece,-0.022011729003135583
video_test_0001163,752,0.25,mean_tfi,-1.5736242426521114
video_test_0001163,752,0.25,mean_predicted_switches,-43.43333333333334
video_test_0001163,752,0.25,mean_transition_delay,0.2315096251266464
video_test_0001163,752,0.25,ptsm,-0.005447653999444191
video_test_0001163,752,0.25,missed_transition_rate,0.013340087808172918
video_test_0001163,752,0.5,accuracy,0.014704338409759599
video_test_0001163,752,0.5,global_ece,-0.051614109282721754
video_test_0001163,752,0.5,mean_tfi,-3.274375111224624
video_test_0001163,752,0.5,mean_predicted_switches,-93.87619047619049
video_test_0001163,752,0.5,mean_transition_delay,0.648260722728808
video_test_0001163,752,0.5,ptsm,-0.009332186003032261
video_test_0001163,752,0.5,missed_transition_rate,0.03833164471462344
video_test_0001164,6337,0.25,accuracy,0.005271732166718501
video_test_0001164,6337,0.25,global_ece,-0.021852649414010022
video_test_0001164,6337,0.25,mean_tfi,-1.570922452252292
video_test_0001164,6337,0.25,mean_predicted_switches,-42.400000000000006
video_test_0001164,6337,0.25,mean_transition_delay,0.23407534246575334
video_test_0001164,6337,0.25,ptsm,-0.005455600764293911
video_test_0001164,6337,0.25,missed_transition_rate,0.013527397260273966
video_test_0001164,6337,0.5,accuracy,0.014533872709633688
video_test_0001164,6337,0.5,global_ece,-0.051260224190568776
video_test_0001164,6337,0.5,mean_tfi,-3.2669854681586035
video_test_0001164,6337,0.5,mean_predicted_switches,-91.74761904761905
video_test_0001164,6337,0.5,mean_transition_delay,0.6499999999999995
video_test_0001164,6337,0.5,ptsm,-0.009369966368552946
video_test_0001164,6337,0.5,missed_transition_rate,0.038698630136986295
video_test_0001168,819,0.25,accuracy,0.005349470753426289
video_test_0001168,819,0.25,global_ece,-0.02201039328563431
video_test_0001168,819,0.25,mean_tfi,-1.5722573870991567
video_test_0001168,819,0.25,mean_predicted_switches,-43.428571428571416
video_test_0001168,819,0.25,mean_transition_delay,0.23304083698953715
video_test_0001168,819,0.25,ptsm,-0.005438575123215883
video_test_0001168,819,0.25,missed_transition_rate,0.013499831252109351
video_test_0001168,819,0.5,accuracy,0.014725295826032658
video_test_0001168,819,0.5,global_ece,-0.05162342626484162
video_test_0001168,819,0.5,mean_tfi,-3.263156849106937
video_test_0001168,819,0.5,mean_predicted_switches,-93.77142857142857
video_test_0001168,819,0.5,mean_transition_delay,0.6491731353358077
video_test_0001168,819,0.5,ptsm,-0.009318241199113175
video_test_0001168,819,0.5,missed_transition_rate,0.03847451906851165
video_test_0001174,1751,0.25,accuracy,0.00529226288616369
video_test_0001174,1751,0.25,global_ece,-0.021857806112044936
video_test_0001174,1751,0.25,mean_tfi,-1.5693821816413012
video_test_0001174,1751,0.25,mean_predicted_switches,-42.99523809523811
video_test_0001174,1751,0.25,mean_transition_delay,0.23270013568521009
video_test_0001174,1751,0.25,ptsm,-0.005465606004691065
video_test_0001174,1751,0.25,missed_transition_rate,0.013398914518317512
video_test_0001174,1751,0.5,accuracy,0.01457102282984124
video_test_0001174,1751,0.5,global_ece,-0.05123465215996248
video_test_0001174,1751,0.5,mean_tfi,-3.265833453259212
video_test_0001174,1751,0.5,mean_predicted_switches,-93.06190476190477
video_test_0001174,1751,0.5,mean_transition_delay,0.6487449118046129
video_test_0001174,1751,0.5,ptsm,-0.009390378397047094
video_test_0001174,1751,0.5,missed_transition_rate,0.038500678426051566
video_test_0001182,892,0.25,accuracy,0.005341639883444271
video_test_0001182,892,0.25,global_ece,-0.02200821339607087
video_test_0001182,892,0.25,mean_tfi,-1.565781356008059
video_test_0001182,892,0.25,mean_predicted_switches,-43.36190476190478
video_test_0001182,892,0.25,mean_transition_delay,0.2328720890988869
video_test_0001182,892,0.25,ptsm,-0.005446135217555964
video_test_0001182,892,0.25,missed_transition_rate,0.013499831252109323
video_test_0001182,892,0.5,accuracy,0.014692510600754494
video_test_0001182,892,0.5,global_ece,-0.051587996999304386
video_test_0001182,892,0.5,mean_tfi,-3.264843943734822
video_test_0001182,892,0.5,mean_predicted_switches,-93.78095238095239
video_test_0001182,892,0.5,mean_transition_delay,0.6493418832264597
video_test_0001182,892,0.5,ptsm,-0.009329935315611965
video_test_0001182,892,0.5,missed_transition_rate,0.038474519068511626
video_test_0001194,964,0.25,accuracy,0.005330788002125053
video_test_0001194,964,0.25,global_ece,-0.021935171379096396
video_test_0001194,964,0.25,mean_tfi,-1.575772577593062
video_test_0001194,964,0.25,mean_predicted_switches,-43.280952380952385
video_test_0001194,964,0.25,mean_transition_delay,0.23197278911564645
video_test_0001194,964,0.25,ptsm,-0.005408199801038571
video_test_0001194,964,0.25,missed_transition_rate,0.01343537414965984
video_test_0001194,964,0.5,accuracy,0.014650662296381012
video_test_0001194,964,0.5,global_ece,-0.051414581584528024
video_test_0001194,964,0.5,mean_tfi,-3.2777010143273912
video_test_0001194,964,0.5,mean_predicted_switches,-93.5809523809524
video_test_0001194,964,0.5,mean_transition_delay,0.6506802721088443
video_test_0001194,964,0.5,ptsm,-0.00924985541834425
video_test_0001194,964,0.5,missed_transition_rate,0.03860544217687073
video_test_0001195,5618,0.25,accuracy,0.005290634845740549
video_test_0001195,5618,0.25,global_ece,-0.02196797118655955
video_test_0001195,5618,0.25,mean_tfi,-1.5727093320945968
video_test_0001195,5618,0.25,mean_predicted_switches,-42.90952380952379
video_test_0001195,5618,0.25,mean_transition_delay,0.23323118828736789
video_test_0001195,5618,0.25,ptsm,-0.005477145668773609
video_test_0001195,5618,0.25,missed_transition_rate,0.013619339462036084
video_test_0001195,5618,0.5,accuracy,0.014605561559184799
video_test_0001195,5618,0.5,global_ece,-0.0515158162677648
video_test_0001195,5618,0.5,mean_tfi,-3.2702535787852227
video_test_0001195,5618,0.5,mean_predicted_switches,-92.74761904761903
video_test_0001195,5618,0.5,mean_transition_delay,0.6511746680286006
video_test_0001195,5618,0.5,ptsm,-0.009396495836940827
video_test_0001195,5618,0.5,missed_transition_rate,0.038815117466802856
video_test_0001201,3093,0.25,accuracy,0.005241216808144378
video_test_0001201,3093,0.25,global_ece,-0.02183284339101063
video_test_0001201,3093,0.25,mean_tfi,-1.570464576493884
video_test_0001201,3093,0.25,mean_predicted_switches,-43.03333333333333
video_test_0001201,3093,0.25,mean_transition_delay,0.2336385215327228
video_test_0001201,3093,0.25,ptsm,-0.005411375136008756
video_test_0001201,3093,0.25,missed_transition_rate,0.013563919972872152
video_test_0001201,3093,0.5,accuracy,0.01455155121892282
video_test_0001201,3093,0.5,global_ece,-0.05127860933388284
video_test_0001201,3093,0.5,mean_tfi,-3.266119817511366
video_test_0001201,3093,0.5,mean_predicted_switches,-92.98095238095237
video_test_0001201,3093,0.5,mean_transition_delay,0.6446252967107498
video_test_0001201,3093,0.5,ptsm,-0.009263224433012057
video_test_0001201,3093,0.5,missed_transition_rate,0.03848762292302477
video_test_0001202,340,0.25,accuracy,0.005323818169289618
video_test_0001202,340,0.25,global_ece,-0.02197008715428969
video_test_0001202,340,0.25,mean_tfi,-1.5627823069260618
video_test_0001202,340,0.25,mean_predicted_switches,-43.423809523809524
video_test_0001202,340,0.25,mean_transition_delay,0.23271500843170312
video_test_0001202,340,0.25,ptsm,-0.005442369027670202
video_test_0001202,340,0.25,missed_transition_rate,0.013490725126475561
video_test_0001202,340,0.5,accuracy,0.01468019641503604
video_test_0001202,340,0.5,global_ece,-0.05153341383862148
video_test_0001202,340,0.5,mean_tfi,-3.257763261999763
video_test_0001202,340,0.5,mean_predicted_switches,-93.86666666666667
video_test_0001202,340,0.5,mean_transition_delay,0.6489038785834742
video_test_0001202,340,0.5,ptsm,-0.009323947753280215
video_test_0001202,340,0.5,missed_transition_rate,0.038448566610455315
video_test_0001207,6618,0.25,accuracy,0.005395337475763706
video_test_0001207,6618,0.25,global_ece,-0.02194695269597191
video_test_0001207,6618,0.25,mean_tfi,-1.5719778562353248
video_test_0001207,6618,0.25,mean_predicted_switches,-42.428571428571445
video_test_0001207,6618,0.25,mean_transition_delay,0.23455730954015142
video_test_0001207,6618,0.25,ptsm,-0.005452776081385585
video_test_0001207,6618,0.25,missed_transition_rate,0.013726835964310236
video_test_0001207,6618,0.5,accuracy,0.01472649272530191
video_test_0001207,6618,0.5,global_ece,-0.05136981452982936
video_test_0001207,6618,0.5,mean_tfi,-3.2674586327968322
video_test_0001207,6618,0.5,mean_predicted_switches,-91.52380952380955
video_test_0001207,6618,0.5,mean_transition_delay,0.6521962937542893
video_test_0001207,6618,0.5,ptsm,-0.009362163020120634
video_test_0001207,6618,0.5,missed_transition_rate,0.03843514070006865
video_test_0001209,2629,0.25,accuracy,0.00535454638696331
video_test_0001209,2629,0.25,global_ece,-0.021974516355195844
video_test_0001209,2629,0.25,mean_tfi,-1.566921807145115
video_test_0001209,2629,0.25,mean_predicted_switches,-43.14285714285717
video_test_0001209,2629,0.25,mean_transition_delay,0.23300642543118055
video_test_0001209,2629,0.25,ptsm,-0.005450635956073535
video_test_0001209,2629,0.25,missed_transition_rate,0.01352722353736896
video_test_0001209,2629,0.5,accuracy,0.014663915485649825
video_test_0001209,2629,0.5,global_ece,-0.05144096675033091
video_test_0001209,2629,0.5,mean_tfi,-3.252101832850218
video_test_0001209,2629,0.5,mean_predicted_switches,-93.14761904761906
video_test_0001209,2629,0.5,mean_transition_delay,0.6503212715590125
video_test_0001209,2629,0.5,ptsm,-0.009343092107771428
video_test_0001209,2629,0.5,missed_transition_rate,0.03855258708150153
video_test_0001219,1146,0.25,accuracy,0.0053066728332588076
video_test_0001219,1146,0.25,global_ece,-0.021937491998159253
video_test_0001219,1146,0.25,mean_tfi,-1.555305875656802
video_test_0001219,1146,0.25,mean_predicted_switches,-43.24285714285713
video_test_0001219,1146,0.25,mean_transition_delay,0.23253459331758375
video_test_0001219,1146,0.25,ptsm,-0.0054522935724510835
video_test_0001219,1146,0.25,missed_transition_rate,0.013331083361457968
video_test_0001219,1146,0.5,accuracy,0.014643654066196832
video_test_0001219,1146,0.5,global_ece,-0.05146197856903367
video_test_0001219,1146,0.5,mean_tfi,-3.2377785858597514
video_test_0001219,1146,0.5,mean_predicted_switches,-93.50476190476189
video_test_0001219,1146,0.5,mean_transition_delay,0.6486668916638543
video_test_0001219,1146,0.5,ptsm,-0.009354348988229122
video_test_0001219,1146,0.5,missed_transition_rate,0.03830577117786027
video_test_0001223,867,0.25,accuracy,0.005320234294356241
video_test_0001223,867,0.25,global_ece,-0.021955446756522168
video_test_0001223,867,0.25,mean_tfi,-1.5712235328788058
video_test_0001223,867,0.25,mean_predicted_switches,-43.41904761904763
video_test_0001223,867,0.25,mean_transition_delay,0.23287208909888601
video_test_0001223,867,0.25,ptsm,-0.005439505998882266
video_test_0001223,867,0.25,missed_transition_rate,0.013499831252109351
video_test_0001223,867,0.5,accuracy,0.014640396572004666
video_test_0001223,867,0.5,global_ece,-0.051466200519135696
video_test_0001223,867,0.5,mean_tfi,-3.258801908897837
video_test_0001223,867,0.5,mean_predicted_switches,-93.72380952380954
video_test_0001223,867,0.5,mean_transition_delay,0.6490043874451565
video_test_0001223,867,0.5,ptsm,-0.009324330554656729
video_test_0001223,867,0.5,missed_transition_rate,0.038474519068511626
video_test_0001229,1798,0.25,accuracy,0.00535319341006546
video_test_0001229,1798,0.25,global_ece,-0.02200898443908253
video_test_0001229,1798,0.25,mean_tfi,-1.575932103265874
video_test_0001229,1798,0.25,mean_predicted_switches,-43.304761904761904
video_test_0001229,1798,0.25,mean_transition_delay,0.23370672097759737
video_test_0001229,1798,0.25,ptsm,-0.005449292625576502
video_test_0001229,1798,0.25,missed_transition_rate,0.013577732518669394
video_test_0001229,1798,0.5,accuracy,0.014708493191905592
video_test_0001229,1798,0.5,global_ece,-0.05157624865378088
video_test_0001229,1798,0.5,mean_tfi,-3.275908801721193
video_test_0001229,1798,0.5,mean_predicted_switches,-93.54285714285714
video_test_0001229,1798,0.5,mean_transition_delay,0.6507128309572305
video_test_0001229,1798,0.5,ptsm,-0.009342777020172555
video_test_0001229,1798,0.5,missed_transition_rate,0.03869653767820774
video_test_0001235,6293,0.25,accuracy,0.005371686544855536
video_test_0001235,6293,0.25,global_ece,-0.022176481920682778
video_test_0001235,6293,0.25,mean_tfi,-1.577872692036002
video_test_0001235,6293,0.25,mean_predicted_switches,-43.19999999999999
video_test_0001235,6293,0.25,mean_transition_delay,0.23873559203632588
video_test_0001235,6293,0.25,ptsm,-0.005442544456810056
video_test_0001235,6293,0.25,missed_transition_rate,0.013971358714635007
video_test_0001235,6293,0.5,accuracy,0.014748497696977059
video_test_0001235,6293,0.5,global_ece,-0.051942165794019446
video_test_0001235,6293,0.5,mean_tfi,-3.2813826117474347
video_test_0001235,6293,0.5,mean_predicted_switches,-93.31904761904761
video_test_0001235,6293,0.5,mean_transition_delay,0.6653859587844924
video_test_0001235,6293,0.5,ptsm,-0.009254565397210396
video_test_0001235,6293,0.5,missed_transition_rate,0.039643730352776824
video_test_0001247,696,0.25,accuracy,0.00533550072429656
video_test_0001247,696,0.25,global_ece,-0.022006987306419062
video_test_0001247,696,0.25,mean_tfi,-1.5720859478379436
video_test_0001247,696,0.25,mean_predicted_switches,-43.47619047619048
video_test_0001247,696,0.25,mean_transition_delay,0.23271500843170312
video_test_0001247,696,0.25,ptsm,-0.005443574890951514
video_test_0001247,696,0.25,missed_transition_rate,0.013490725126475533
video_test_0001247,696,0.5,accuracy,0.014689872145926985
video_test_0001247,696,0.5,global_ece,-0.051601318624402426
video_test_0001247,696,0.5,mean_tfi,-3.265462371046212
video_test_0001247,696,0.5,mean_predicted_switches,-93.9
video_test_0001247,696,0.5,mean_transition_delay,0.6489038785834733
video_test_0001247,696,0.5,ptsm,-0.009330366347073515
video_test_0001247,696,0.5,missed_transition_rate,0.038448566610455315
video_test_0001255,7890,0.25,accuracy,0.0052600442015370286
video_test_0001255,7890,0.25,global_ece,-0.021880988201451124
video_test_0001255,7890,0.25,mean_tfi,-1.5695650206579899
video_test_0001255,7890,0.25,mean_predicted_switches,-42.457142857142856
video_test_0001255,7890,0.25,mean_transition_delay,0.23357788773246924
video_test_0001255,7890,0.25,ptsm,-0.005482168420728489
video_test_0001255,7890,0.25,missed_transition_rate,0.013649547858727185
video_test_0001255,7890,0.5,accuracy,0.014409946265399265
video_test_0001255,7890,0.5,global_ece,-0.0512475887177572
video_test_0001255,7890,0.5,mean_tfi,-3.2624545170301094
video_test_0001255,7890,0.5,mean_predicted_switches,-91.68095238095236
video_test_0001255,7890,0.5,mean_transition_delay,0.6490360006824778
video_test_0001255,7890,0.5,ptsm,-0.009433891754431212
video_test_0001255,7890,0.5,missed_transition_rate,0.038730592049138396
video_test_0001257,1854,0.25,accuracy,0.005375162895124186
video_test_0001257,1854,0.25,global_ece,-0.02201178293955558
video_test_0001257,1854,0.25,mean_tfi,-1.5777175238415042
video_test_0001257,1854,0.25,mean_predicted_switches,-43.31428571428572
video_test_0001257,1854,0.25,mean_transition_delay,0.23273789075918927
video_test_0001257,1854,0.25,ptsm,-0.0053828411643689345
video_test_0001257,1854,0.25,missed_transition_rate,0.013397457918241151
video_test_0001257,1854,0.5,accuracy,0.014783202766433301
video_test_0001257,1854,0.5,global_ece,-0.05162145916022337
video_test_0001257,1854,0.5,mean_tfi,-3.2807752957764267
video_test_0001257,1854,0.5,mean_predicted_switches,-93.51428571428573
video_test_0001257,1854,0.5,mean_transition_delay,0.6398144967365171
video_test_0001257,1854,0.5,ptsm,-0.00923603776526305
video_test_0001257,1854,0.5,missed_transition_rate,0.03727241497767089
video_test_0001267,941,0.25,accuracy,0.005345426823778032
video_test_0001267,941,0.25,global_ece,-0.02200852489170771
video_test_0001267,941,0.25,mean_tfi,-1.5736970540666144
video_test_0001267,941,0.25,mean_predicted_switches,-43.39523809523811
video_test_0001267,941,0.25,mean_transition_delay,0.2306653157716987
video_test_0001267,941,0.25,ptsm,-0.005413952290425794
video_test_0001267,941,0.25,missed_transition_rate,0.013340087808172918
video_test_0001267,941,0.5,accuracy,0.014703675468662802
video_test_0001267,941,0.5,global_ece,-0.051593977364063404
video_test_0001267,941,0.5,mean_tfi,-3.274285864488431
video_test_0001267,941,0.5,mean_predicted_switches,-93.81904761904764
video_test_0001267,941,0.5,mean_transition_delay,0.6474164133738602
video_test_0001267,941,0.5,ptsm,-0.009260612369849458
video_test_0001267,941,0.5,missed_transition_rate,0.03833164471462344
video_test_0001268,706,0.25,accuracy,0.005347657737907796
video_test_0001268,706,0.25,global_ece,-0.021999727121721935
video_test_0001268,706,0.25,mean_tfi,-1.575576664454431
video_test_0001268,706,0.25,mean_predicted_switches,-43.40952380952382
video_test_0001268,706,0.25,mean_transition_delay,0.23191345503718797
video_test_0001268,706,0.25,ptsm,-0.0054365279899019625
video_test_0001268,706,0.25,missed_transition_rate,0.013353617308992566
video_test_0001268,706,0.5,accuracy,0.014705308967449149
video_test_0001268,706,0.5,global_ece,-0.05156667424062028
video_test_0001268,706,0.5,mean_tfi,-3.2783434981072066
video_test_0001268,706,0.5,mean_predicted_switches,-93.83333333333334
video_test_0001268,706,0.5,mean_transition_delay,0.644185260311021
video_test_0001268,706,0.5,ptsm,-0.009317039486240547
video_test_0001268,706,0.5,missed_transition_rate,0.03803245436105476
video_test_0001270,1983,0.25,accuracy,0.005368218221232013
video_test_0001270,1983,0.25,global_ece,-0.022086215403700538
video_test_0001270,1983,0.25,mean_tfi,-1.5783681727790793
video_test_0001270,1983,0.25,mean_predicted_switches,-43.44761904761904
video_test_0001270,1983,0.25,mean_transition_delay,0.23252253784657295
video_test_0001270,1983,0.25,ptsm,-0.005435455737069883
video_test_0001270,1983,0.25,missed_transition_rate,0.013437659465895563
video_test_0001270,1983,0.5,accuracy,0.014764858192328534
video_test_0001270,1983,0.5,global_ece,-0.051784057151571306
video_test_0001270,1983,0.5,mean_tfi,-3.2820027576535216
video_test_0001270,1983,0.5,mean_predicted_switches,-93.83333333333331
video_test_0001270,1983,0.5,mean_transition_delay,0.6426262969892838
video_test_0001270,1983,0.5,ptsm,-0.009303267520786668
video_test_0001270,1983,0.5,missed_transition_rate,0.037931621023983675
video_test_0001276,463,0.25,accuracy,0.005349757237906871
video_test_0001276,463,0.25,global_ece,-0.02197674590822521
video_test_0001276,463,0.25,mean_tfi,-1.5786551722012048
video_test_0001276,463,0.25,mean_predicted_switches,-43.49047619047619
video_test_0001276,463,0.25,mean_transition_delay,0.23258958755916215
video_test_0001276,463,0.25,ptsm,-0.005405204784810408
video_test_0001276,463,0.25,missed_transition_rate,0.013353617308992566
video_test_0001276,463,0.5,accuracy,0.014694599292693122
video_test_0001276,463,0.5,global_ece,-0.051506447661443966
video_test_0001276,463,0.5,mean_tfi,-3.2762486314249815
video_test_0001276,463,0.5,mean_predicted_switches,-93.79047619047617
video_test_0001276,463,0.5,mean_transition_delay,0.6473968897903992
video_test_0001276,463,0.5,ptsm,-0.009231668558931094
video_test_0001276,463,0.5,missed_transition_rate,0.03837052062204191
video_test_0001281,524,0.25,accuracy,0.005323756965698312
video_test_0001281,524,0.25,global_ece,-0.02197555658195685
video_test_0001281,524,0.25,mean_tfi,-1.5686031562788383
video_test_0001281,524,0.25,mean_predicted_switches,-43.39047619047619
video_test_0001281,524,0.25,mean_transition_delay,0.23152210597367517
video_test_0001281,524,0.25,ptsm,-0.005444694297737862
video_test_0001281,524,0.25,missed_transition_rate,0.013499831252109351
video_test_0001281,524,0.5,accuracy,0.014685295819232058
video_test_0001281,524,0.5,global_ece,-0.051538599073434666
video_test_0001281,524,0.5,mean_tfi,-3.26488422972274
video_test_0001281,524,0.5,mean_predicted_switches,-93.80000000000001
video_test_0001281,524,0.5,mean_transition_delay,0.6479919001012489
video_test_0001281,524,0.5,ptsm,-0.009336903624088011
video_test_0001281,524,0.5,missed_transition_rate,0.03847451906851165
video_test_0001307,1531,0.25,accuracy,0.005348895944580656
video_test_0001307,1531,0.25,global_ece,-0.022035537392370907
video_test_0001307,1531,0.25,mean_tfi,-1.5755159611629832
video_test_0001307,1531,0.25,mean_predicted_switches,-43.41428571428571
video_test_0001307,1531,0.25,mean_transition_delay,0.23226351351351404
video_test_0001307,1531,0.25,ptsm,-0.005442012525716328
video_test_0001307,1531,0.25,missed_transition_rate,0.013344594594594583
video_test_0001307,1531,0.5,accuracy,0.014726752297108736
video_test_0001307,1531,0.5,global_ece,-0.05166232088731537
video_test_0001307,1531,0.5,mean_tfi,-3.276326118985346
video_test_0001307,1531,0.5,mean_predicted_switches,-93.8047619047619
video_test_0001307,1531,0.5,mean_transition_delay,0.6488175675675674
video_test_0001307,1531,0.5,ptsm,-0.009333687726224754
video_test_0001307,1531,0.5,missed_transition_rate,0.03834459459459458
video_test_0001309,633,0.25,accuracy,0.005331494197727049
video_test_0001309,633,0.25,global_ece,-0.021981603279886908
video_test_0001309,633,0.25,mean_tfi,-1.577319796781194
video_test_0001309,633,0.25,mean_predicted_switches,-43.457142857142856
video_test_0001309,633,0.25,mean_transition_delay,0.2304964539007095
video_test_0001309,633,0.25,ptsm,-0.005448724714079006
video_test_0001309,633,0.25,missed_transition_rate,0.013340087808172918
video_test_0001309,633,0.5,accuracy,0.01469009565504209
video_test_0001309,633,0.5,global_ece,-0.05155316673065402
video_test_0001309,633,0.5,mean_tfi,-3.2768836247182556
video_test_0001309,633,0.5,mean_predicted_switches,-93.86190476190478
video_test_0001309,633,0.5,mean_transition_delay,0.6469098277608918
video_test_0001309,633,0.5,ptsm,-0.009337667159481727
video_test_0001309,633,0.5,missed_transition_rate,0.03833164471462344
video_test_0001313,1301,0.25,accuracy,0.005345199536088363
video_test_0001313,1301,0.25,global_ece,-0.02199731106115907
video_test_0001313,1301,0.25,mean_tfi,-1.575931365204739
video_test_0001313,1301,0.25,mean_predicted_switches,-43.342857142857156
video_test_0001313,1301,0.25,mean_transition_delay,0.23426632739609765
video_test_0001313,1301,0.25,ptsm,-0.005445697880723632
video_test_0001313,1301,0.25,missed_transition_rate,0.013570822731128085
video_test_0001313,1301,0.5,accuracy,0.014719579835467678
video_test_0001313,1301,0.5,global_ece,-0.05158156443864231
video_test_0001313,1301,0.5,mean_tfi,-3.278057943265061
video_test_0001313,1301,0.5,mean_predicted_switches,-93.6904761904762
video_test_0001313,1301,0.5,mean_transition_delay,0.6510602205258689
video_test_0001313,1301,0.5,ptsm,-0.009329284247479613
video_test_0001313,1301,0.5,missed_transition_rate,0.03850720949957592
video_test_0001314,2582,0.25,accuracy,0.005314576477720712
video_test_0001314,2582,0.25,global_ece,-0.0219542413154957
video_test_0001314,2582,0.25,mean_tfi,-1.5729808020631841
video_test_0001314,2582,0.25,mean_predicted_switches,-43.17142857142858
video_test_0001314,2582,0.25,mean_transition_delay,0.23354816824966118
video_test_0001314,2582,0.25,ptsm,-0.005414107442500982
video_test_0001314,2582,0.25,missed_transition_rate,0.013568521031207592
video_test_0001314,2582,0.5,accuracy,0.014676917786940358
video_test_0001314,2582,0.5,global_ece,-0.05151700434061726
video_test_0001314,2582,0.5,mean_tfi,-3.269005942211729
video_test_0001314,2582,0.5,mean_predicted_switches,-93.19999999999999
video_test_0001314,2582,0.5,mean_transition_delay,0.6516282225237449
video_test_0001314,2582,0.5,ptsm,-0.0092687565350216
video_test_0001314,2582,0.5,missed_transition_rate,0.038500678426051566
video_test_0001319,413,0.25,accuracy,0.005327979383296877
video_test_0001319,413,0.25,global_ece,-0.021954741745142947
video_test_0001319,413,0.25,mean_tfi,-1.5676983279250312
video_test_0001319,413,0.25,mean_predicted_switches,-43.32857142857142
video_test_0001319,413,0.25,mean_transition_delay,0.2331081081081079
video_test_0001319,413,0.25,ptsm,-0.00545157545404501
video_test_0001319,413,0.25,missed_transition_rate,0.013513513513513514
video_test_0001319,413,0.5,accuracy,0.014668424680111425
video_test_0001319,413,0.5,global_ece,-0.051467037621316575
video_test_0001319,413,0.5,mean_tfi,-3.266075524938577
video_test_0001319,413,0.5,mean_predicted_switches,-93.6952380952381
video_test_0001319,413,0.5,mean_transition_delay,0.6496621621621621
video_test_0001319,413,0.5,ptsm,-0.009344834641054955
video_test_0001319,413,0.5,missed_transition_rate,0.03851351351351351
video_test_0001324,1225,0.25,accuracy,0.005319947851894602
video_test_0001324,1225,0.25,global_ece,-0.021931934081769744
video_test_0001324,1225,0.25,mean_tfi,-1.572850041492516
video_test_0001324,1225,0.25,mean_predicted_switches,-43.21428571428572
video_test_0001324,1225,0.25,mean_transition_delay,0.2305084745762711
video_test_0001324,1225,0.25,ptsm,-0.00542639307250925
video_test_0001324,1225,0.25,missed_transition_rate,0.013220338983050833
video_test_0001324,1225,0.5,accuracy,0.014617089919434778
video_test_0001324,1225,0.5,global_ece,-0.05140087437413379
video_test_0001324,1225,0.5,mean_tfi,-3.271949584023104
video_test_0001324,1225,0.5,mean_predicted_switches,-93.40952380952382
video_test_0001324,1225,0.5,mean_transition_delay,0.648305084745763
video_test_0001324,1225,0.5,ptsm,-0.009290352352192527
video_test_0001324,1225,0.5,missed_transition_rate,0.03830508474576269
video_test_0001325,1310,0.25,accuracy,0.005315297178896228
video_test_0001325,1310,0.25,global_ece,-0.02194197426354408
video_test_0001325,1310,0.25,mean_tfi,-1.5630098770461043
video_test_0001325,1310,0.25,mean_predicted_switches,-43.29523809523809
video_test_0001325,1310,0.25,mean_transition_delay,0.23295070898041903
video_test_0001325,1310,0.25,ptsm,-0.005415780452321023
video_test_0001325,1310,0.25,missed_transition_rate,0.013504388926401073
video_test_0001325,1310,0.5,accuracy,0.014602794962937149
video_test_0001325,1310,0.5,global_ece,-0.05141895226490559
video_test_0001325,1310,0.5,mean_tfi,-3.250593047513772
video_test_0001325,1310,0.5,mean_predicted_switches,-93.54761904761907
video_test_0001325,1310,0.5,mean_transition_delay,0.6495611073598928
video_test_0001325,1310,0.5,ptsm,-0.009259119870172722
video_test_0001325,1310,0.5,missed_transition_rate,0.03848750844024307
video_test_0001339,1168,0.25,accuracy,0.005337057560330982
video_test_0001339,1168,0.25,global_ece,-0.02198486474982525
video_test_0001339,1168,0.25,mean_tfi,-1.5776000809528927
video_test_0001339,1168,0.25,mean_predicted_switches,-43.38095238095238
video_test_0001339,1168,0.25,mean_transition_delay,0.23176550783912742
video_test_0001339,1168,0.25,ptsm,-0.00545854684322547
video_test_0001339,1168,0.25,missed_transition_rate,0.013462849352419898
video_test_0001339,1168,0.5,accuracy,0.014713700049556189
video_test_0001339,1168,0.5,global_ece,-0.05156694081113852
video_test_0001339,1168,0.5,mean_tfi,-3.280965201300779
video_test_0001339,1168,0.5,mean_predicted_switches,-93.73333333333332
video_test_0001339,1168,0.5,mean_transition_delay,0.6503067484662575
video_test_0001339,1168,0.5,ptsm,-0.009372766857845771
video_test_0001339,1168,0.5,missed_transition_rate,0.03851397409679619
video_test_0001343,3117,0.25,accuracy,0.005350356186896943
video_test_0001343,3117,0.25,global_ece,-0.022039360495529348
video_test_0001343,3117,0.25,mean_tfi,-1.5698551151413422
video_test_0001343,3117,0.25,mean_predicted_switches,-43.18095238095236
video_test_0001343,3117,0.25,mean_transition_delay,0.23291610284167774
video_test_0001343,3117,0.25,ptsm,-0.005417128457741921
video_test_0001343,3117,0.25,missed_transition_rate,0.013531799729363997
video_test_0001343,3117,0.5,accuracy,0.014676471121369494
video_test_0001343,3117,0.5,global_ece,-0.05163035555295206
video_test_0001343,3117,0.5,mean_tfi,-3.2654480462077364
video_test_0001343,3117,0.5,mean_predicted_switches,-93.36190476190475
video_test_0001343,3117,0.5,mean_transition_delay,0.6500338294993231
video_test_0001343,3117,0.5,ptsm,-0.00927033952040962
video_test_0001343,3117,0.5,missed_transition_rate,0.03856562922868742
video_test_0001358,1642,0.25,accuracy,0.0053175970957738405
video_test_0001358,1642,0.25,global_ece,-0.02190992819187862
video_test_0001358,1642,0.25,mean_tfi,-1.5722168672088754
video_test_0001358,1642,0.25,mean_predicted_switches,-43.2904761904762
video_test_0001358,1642,0.25,mean_transition_delay,0.2332543978349122
video_test_0001358,1642,0.25,ptsm,-0.005446318976574049
video_test_0001358,1642,0.25,missed_transition_rate,0.013531799729363997
video_test_0001358,1642,0.5,accuracy,0.014674522754683728
video_test_0001358,1642,0.5,global_ece,-0.05139786930133039
video_test_0001358,1642,0.5,mean_tfi,-3.2686081275746357
video_test_0001358,1642,0.5,mean_predicted_switches,-93.5142857142857
video_test_0001358,1642,0.5,mean_transition_delay,0.6502029769959412
video_test_0001358,1642,0.5,ptsm,-0.009335720522648139
video_test_0001358,1642,0.5,missed_transition_rate,0.03856562922868742
video_test_0001369,4317,0.25,accuracy,0.0052940213337537845
video_test_0001369,4317,0.25,global_ece,-0.021959551896249735
video_test_0001369,4317,0.25,mean_tfi,-1.573059726312251
video_test_0001369,4317,0.25,mean_predicted_switches,-43.019047619047626
video_test_0001369,4317,0.25,mean_transition_delay,0.23401360544217642
video_test_0001369,4317,0.25,ptsm,-0.005479172096462259
video_test_0001369,4317,0.25,missed_transition_rate,0.013605442176870763
video_test_0001369,4317,0.5,accuracy,0.014611620164581618
video_test_0001369,4317,0.5,global_ece,-0.05151068199608835
video_test_0001369,4317,0.5,mean_tfi,-3.27100077769114
video_test_0001369,4317,0.5,mean_predicted_switches,-92.93809523809526
video_test_0001369,4317,0.5,mean_transition_delay,0.6528911564625846
video_test_0001369,4317,0.5,ptsm,-0.009414905860885503
video_test_0001369,4317,0.5,missed_transition_rate,0.03860544217687076
video_test_0001389,1058,0.25,accuracy,0.0053533094140783
video_test_0001389,1058,0.25,global_ece,-0.02203224080554686
video_test_0001389,1058,0.25,mean_tfi,-1.5783019703143886
video_test_0001389,1058,0.25,mean_predicted_switches,-43.47619047619048
video_test_0001389,1058,0.25,mean_transition_delay,0.23397761953204466
video_test_0001389,1058,0.25,ptsm,-0.005470228359881035
video_test_0001389,1058,0.25,missed_transition_rate,0.013563919972872152
video_test_0001389,1058,0.5,accuracy,0.014726855118370241
video_test_0001389,1058,0.5,global_ece,-0.05165016351902649
video_test_0001389,1058,0.5,mean_tfi,-3.281854559568533
video_test_0001389,1058,0.5,mean_predicted_switches,-93.90476190476193
video_test_0001389,1058,0.5,mean_transition_delay,0.6524245506951507
video_test_0001389,1058,0.5,ptsm,-0.00937177361671554
video_test_0001389,1058,0.5,missed_transition_rate,0.03865717192268564
video_test_0001391,2322,0.25,accuracy,0.0052802734168975185
video_test_0001391,2322,0.25,global_ece,-0.021889408262906557
video_test_0001391,2322,0.25,mean_tfi,-1.5724759609659769
video_test_0001391,2322,0.25,mean_predicted_switches,-43.157142857142844
video_test_0001391,2322,0.25,mean_transition_delay,0.23447573803868327
video_test_0001391,2322,0.25,ptsm,-0.00546338738670335
video_test_0001391,2322,0.25,missed_transition_rate,0.013573125212080067
video_test_0001391,2322,0.5,accuracy,0.014565959716818289
video_test_0001391,2322,0.5,global_ece,-0.05134002271363278
video_test_0001391,2322,0.5,mean_tfi,-3.267997228790551
video_test_0001391,2322,0.5,mean_predicted_switches,-93.16666666666666
video_test_0001391,2322,0.5,mean_transition_delay,0.653545978961656
video_test_0001391,2322,0.5,ptsm,-0.00936797237630349
video_test_0001391,2322,0.5,missed_transition_rate,0.038683406854428226
video_test_0001409,1291,0.25,accuracy,0.00531499375060096
video_test_0001409,1291,0.25,global_ece,-0.021976617168731172
video_test_0001409,1291,0.25,mean_tfi,-1.5722730605224138
video_test_0001409,1291,0.25,mean_predicted_switches,-43.35238095238094
video_test_0001409,1291,0.25,mean_transition_delay,0.23267995944575937
video_test_0001409,1291,0.25,ptsm,-0.005448153633102748
video_test_0001409,1291,0.25,missed_transition_rate,0.013518080432578572
video_test_0001409,1291,0.5,accuracy,0.014686087876165765
video_test_0001409,1291,0.5,global_ece,-0.05157206525340699
video_test_0001409,1291,0.5,mean_tfi,-3.2692002854245477
video_test_0001409,1291,0.5,mean_predicted_switches,-93.66666666666666
video_test_0001409,1291,0.5,mean_transition_delay,0.648191956742143
video_test_0001409,1291,0.5,ptsm,-0.009343703700724487
video_test_0001409,1291,0.5,missed_transition_rate,0.03852652923284894
video_test_0001431,2684,0.25,accuracy,0.005370520668961709
video_test_0001431,2684,0.25,global_ece,-0.021960910388426125
video_test_0001431,2684,0.25,mean_tfi,-1.5655680361122002
video_test_0001431,2684,0.25,mean_predicted_switches,-43.00476190476189
video_test_0001431,2684,0.25,mean_transition_delay,0.23349136471385012
video_test_0001431,2684,0.25,ptsm,-0.005455269148237574
video_test_0001431,2684,0.25,missed_transition_rate,0.013545546901456151
video_test_0001431,2684,0.5,accuracy,0.014657297421244886
video_test_0001431,2684,0.5,global_ece,-0.051390852828603645
video_test_0001431,2684,0.5,mean_tfi,-3.25308767753131
video_test_0001431,2684,0.5,mean_predicted_switches,-92.84285714285713
video_test_0001431,2684,0.5,mean_transition_delay,0.650863528614968
video_test_0001431,2684,0.5,ptsm,-0.009334084851027324
video_test_0001431,2684,0.5,missed_transition_rate,0.03860480866915003
video_test_0001433,143,0.25,accuracy,0.005341637223785889
video_test_0001433,143,0.25,global_ece,-0.021988722042429132
video_test_0001433,143,0.25,mean_tfi,-1.572357319726879
video_test_0001433,143,0.25,mean_predicted_switches,-43.47142857142856
video_test_0001433,143,0.25,mean_transition_delay,0.23271500843170312
video_test_0001433,143,0.25,ptsm,-0.0054361623562246275
video_test_0001433,143,0.25,missed_transition_rate,0.013490725126475561
video_test_0001433,143,0.5,accuracy,0.014698484939217882
video_test_0001433,143,0.5,global_ece,-0.05154764243473409
video_test_0001433,143,0.5,mean_tfi,-3.2655922430545496
video_test_0001433,143,0.5,mean_predicted_switches,-93.91428571428571
video_test_0001433,143,0.5,mean_transition_delay,0.6485666104553118
video_test_0001433,143,0.5,ptsm,-0.009311043825884213
video_test_0001433,143,0.5,missed_transition_rate,0.038448566610455315
video_test_0001446,2138,0.25,accuracy,0.005349639290931796
video_test_0001446,2138,0.25,global_ece,-0.021998823223801922
video_test_0001446,2138,0.25,mean_tfi,-1.575854302347179
video_test_0001446,2138,0.25,mean_predicted_switches,-43.309523809523796
video_test_0001446,2138,0.25,mean_transition_delay,0.23428474345905492
video_test_0001446,2138,0.25,ptsm,-0.005445961490166101
video_test_0001446,2138,0.25,missed_transition_rate,0.01359157322460075
video_test_0001446,2138,0.5,accuracy,0.014690422760064492
video_test_0001446,2138,0.5,global_ece,-0.05153322359575263
video_test_0001446,2138,0.5,mean_tfi,-3.2759401421806764
video_test_0001446,2138,0.5,mean_predicted_switches,-93.49047619047619
video_test_0001446,2138,0.5,mean_transition_delay,0.6515460414542984
video_test_0001446,2138,0.5,ptsm,-0.009353327558875163
video_test_0001446,2138,0.5,missed_transition_rate,0.038735983690112136
video_test_0001447,1720,0.25,accuracy,0.005303802913932731
video_test_0001447,1720,0.25,global_ece,-0.02197367478375334
video_test_0001447,1720,0.25,mean_tfi,-1.5326747800443403
video_test_0001447,1720,0.25,mean_predicted_switches,-43.26190476190479
video_test_0001447,1720,0.25,mean_transition_delay,0.23271500843170312
video_test_0001447,1720,0.25,ptsm,-0.005439785186392904
video_test_0001447,1720,0.25,missed_transition_rate,0.013490725126475561
video_test_0001447,1720,0.5,accuracy,0.014644873842895478
video_test_0001447,1720,0.5,global_ece,-0.05156503037198215
video_test_0001447,1720,0.5,mean_tfi,-3.209930867393174
video_test_0001447,1720,0.5,mean_predicted_switches,-93.60952380952384
video_test_0001447,1720,0.5,mean_transition_delay,0.6489038785834742
video_test_0001447,1720,0.5,ptsm,-0.009316680394318655
video_test_0001447,1720,0.5,missed_transition_rate,0.038448566610455315
video_test_0001452,542,0.25,accuracy,0.005339033098407886
video_test_0001452,542,0.25,global_ece,-0.02197592189837727
video_test_0001452,542,0.25,mean_tfi,-1.574438448474675
video_test_0001452,542,0.25,mean_predicted_switches,-43.43333333333334
video_test_0001452,542,0.25,mean_transition_delay,0.23295070898041903
video_test_0001452,542,0.25,ptsm,-0.005441556134361092
video_test_0001452,542,0.25,missed_transition_rate,0.0135043889264011
video_test_0001452,542,0.5,accuracy,0.014686088236440353
video_test_0001452,542,0.5,global_ece,-0.05150995645192352
video_test_0001452,542,0.5,mean_tfi,-3.272604504749352
video_test_0001452,542,0.5,mean_predicted_switches,-93.83809523809524
video_test_0001452,542,0.5,mean_transition_delay,0.6495611073598919
video_test_0001452,542,0.5,ptsm,-0.00931444723826877
video_test_0001452,542,0.5,missed_transition_rate,0.038487508440243096
video_test_0001459,5089,0.25,accuracy,0.00529428569691881
video_test_0001459,5089,0.25,global_ece,-0.0219458876861246
video_test_0001459,5089,0.25,mean_tfi,-1.57339109669282
video_test_0001459,5089,0.25,mean_predicted_switches,-42.895238095238085
video_test_0001459,5089,0.25,mean_transition_delay,0.22834242837653473
video_test_0001459,5089,0.25,ptsm,-0.005432048557566321
video_test_0001459,5089,0.25,missed_transition_rate,0.013301500682128264
video_test_0001459,5089,0.5,accuracy,0.014551687667535784
video_test_0001459,5089,0.5,global_ece,-0.05143505195305931
video_test_0001459,5089,0.5,mean_tfi,-3.269683283250462
video_test_0001459,5089,0.5,mean_predicted_switches,-92.51904761904763
video_test_0001459,5089,0.5,mean_transition_delay,0.6468281036834922
video_test_0001459,5089,0.5,ptsm,-0.0093086823877232
video_test_0001459,5089,0.5,missed_transition_rate,0.03854024556616645
video_test_0001460,214,0.25,accuracy,0.005327798891314628
video_test_0001460,214,0.25,global_ece,-0.021967338240296813
video_test_0001460,214,0.25,mean_tfi,-1.5761582542420998
video_test_0001460,214,0.25,mean_predicted_switches,-43.480952380952374
video_test_0001460,214,0.25,mean_transition_delay,0.2328327990551715
video_test_0001460,214,0.25,ptsm,-0.005433500429456506
video_test_0001460,214,0.25,missed_transition_rate,0.013497553568415727
video_test_0001460,214,0.5,accuracy,0.014686636179318313
video_test_0001460,214,0.5,global_ece,-0.0515218000205864
video_test_0001460,214,0.5,mean_tfi,-3.27911419729079
video_test_0001460,214,0.5,mean_predicted_switches,-93.94761904761904
video_test_0001460,214,0.5,mean_transition_delay,0.6490636072211915
video_test_0001460,214,0.5,ptsm,-0.009307736728783766
video_test_0001460,214,0.5,missed_transition_rate,0.038468027669984806
video_test_0001463,796,0.25,accuracy,0.005304100777914766
video_test_0001463,796,0.25,global_ece,-0.0219307724144632
video_test_0001463,796,0.25,mean_tfi,-1.574074260341348
video_test_0001463,796,0.25,mean_predicted_switches,-43.29523809523809
video_test_0001463,796,0.25,mean_transition_delay,0.23423728813559297
video_test_0001463,796,0.25,ptsm,-0.005430065723636607
video_test_0001463,796,0.25,missed_transition_rate,0.013559322033898313
video_test_0001463,796,0.5,accuracy,0.014631277994281877
video_test_0001463,796,0.5,global_ece,-0.051437840040216176
video_test_0001463,796,0.5,mean_tfi,-3.274355058257563
video_test_0001463,796,0.5,mean_predicted_switches,-93.60952380952381
video_test_0001463,796,0.5,mean_transition_delay,0.6508474576271182
video_test_0001463,796,0.5,ptsm,-0.009275822443238796
video_test_0001463,796,0.5,missed_transition_rate,0.038474576271186445
video_test_0001468,1381,0.25,accuracy,0.005289383366091527
video_test_0001468,1381,0.25,global_ece,-0.021906321528496447
video_test_0001468,1381,0.25,mean_tfi,-1.572365553504774
video_test_0001468,1381,0.25,mean_predicted_switches,-43.18571428571428
video_test_0001468,1381,0.25,mean_transition_delay,0.23443596268023725
video_test_0001468,1381,0.25,ptsm,-0.0054293764367264186
video_test_0001468,1381,0.25,missed_transition_rate,0.013570822731128085
video_test_0001468,1381,0.5,accuracy,0.014638969531949764
video_test_0001468,1381,0.5,global_ece,-0.05143152702363707
video_test_0001468,1381,0.5,mean_tfi,-3.2725583137946765
video_test_0001468,1381,0.5,mean_predicted_switches,-93.42857142857142
video_test_0001468,1381,0.5,mean_transition_delay,0.6505513146734518
video_test_0001468,1381,0.5,ptsm,-0.009277609377001284
video_test_0001468,1381,0.5,missed_transition_rate,0.03850720949957592
video_test_0001483,308,0.25,accuracy,0.005341281847729973
video_test_0001483,308,0.25,global_ece,-0.021996952350731985
video_test_0001483,308,0.25,mean_tfi,-1.5787065260760862
video_test_0001483,308,0.25,mean_predicted_switches,-43.5
video_test_0001483,308,0.25,mean_transition_delay,0.2327935222672064
video_test_0001483,308,0.25,ptsm,-0.005442930722309891
video_test_0001483,308,0.25,missed_transition_rate,0.013495276653171379
video_test_0001483,308,0.5,accuracy,0.014693767505953859
video_test_0001483,308,0.5,global_ece,-0.05156697108411526
video_test_0001483,308,0.5,mean_tfi,-3.2813065287688366
video_test_0001483,308,0.5,mean_predicted_switches,-93.97142857142859
video_test_0001483,308,0.5,mean_transition_delay,0.6489541160593797
video_test_0001483,308,0.5,ptsm,-0.009324672623913871
video_test_0001483,308,0.5,missed_transition_rate,0.038461538461538464
video_test_0001484,1534,0.25,accuracy,0.0053459374783892954
video_test_0001484,1534,0.25,global_ece,-0.02205726062865998
video_test_0001484,1534,0.25,mean_tfi,-1.5778097062952074
video_test_0001484,1534,0.25,mean_predicted_switches,-43.46666666666667
video_test_0001484,1534,0.25,mean_transition_delay,0.23350253807106558
video_test_0001484,1534,0.25,ptsm,-0.005452465025989395
video_test_0001484,1534,0.25,missed_transition_rate,0.013536379018612515
video_test_0001484,1534,0.5,accuracy,0.014735905276482386
video_test_0001484,1534,0.5,global_ece,-0.0517281762685346
video_test_0001484,1534,0.5,mean_tfi,-3.281192760650665
video_test_0001484,1534,0.5,mean_predicted_switches,-93.90952380952382
video_test_0001484,1534,0.5,mean_transition_delay,0.650761421319797
video_test_0001484,1534,0.5,ptsm,-0.009339515619322225
video_test_0001484,1534,0.5,missed_transition_rate,0.038578680203045695
video_test_0001495,3957,0.25,accuracy,0.005342766971765722
video_test_0001495,3957,0.25,global_ece,-0.022037588004243325
video_test_0001495,3957,0.25,mean_tfi,-1.5749961434200657
video_test_0001495,3957,0.25,mean_predicted_switches,-43.11904761904762
video_test_0001495,3957,0.25,mean_transition_delay,0.23299812510652806
video_test_0001495,3957,0.25,ptsm,-0.005495732695740635
video_test_0001495,3957,0.25,missed_transition_rate,0.013465144025907622
video_test_0001495,3957,0.5,accuracy,0.014686551613430798
video_test_0001495,3957,0.5,global_ece,-0.05164311642765085
video_test_0001495,3957,0.5,mean_tfi,-3.2752244641812
video_test_0001495,3957,0.5,mean_predicted_switches,-93.17142857142858
video_test_0001495,3957,0.5,mean_transition_delay,0.651440259076189
video_test_0001495,3957,0.5,ptsm,-0.00943778481256119
video_test_0001495,3957,0.5,missed_transition_rate,0.038009204022498716
video_test_0001496,1129,0.25,accuracy,0.0053574538880579725
video_test_0001496,1129,0.25,global_ece,-0.021989610286811484
video_test_0001496,1129,0.25,mean_tfi,-1.5751044806695296
video_test_0001496,1129,0.25,mean_predicted_switches,-43.333333333333314
video_test_0001496,1129,0.25,mean_transition_delay,0.2293997965412009
video_test_0001496,1129,0.25,ptsm,-0.005477503076836976
video_test_0001496,1129,0.25,missed_transition_rate,0.013224821973550377
video_test_0001496,1129,0.5,accuracy,0.014732998192159563
video_test_0001496,1129,0.5,global_ece,-0.05155099218365683
video_test_0001496,1129,0.5,mean_tfi,-3.27541761203255
video_test_0001496,1129,0.5,mean_predicted_switches,-93.63809523809522
video_test_0001496,1129,0.5,mean_transition_delay,0.6451339437097321
video_test_0001496,1129,0.5,ptsm,-0.009402404835828354
video_test_0001496,1129,0.5,missed_transition_rate,0.038148524923702964
video_test_0001508,1395,0.25,accuracy,0.005373758745882529
video_test_0001508,1395,0.25,global_ece,-0.022009796175150947
video_test_0001508,1395,0.25,mean_tfi,-1.5764987484862525
video_test_0001508,1395,0.25,mean_predicted_switches,-43.342857142857156
video_test_0001508,1395,0.25,mean_transition_delay,0.23385452073419444
video_test_0001508,1395,0.25,ptsm,-0.005417945216725423
video_test_0001508,1395,0.25,missed_transition_rate,0.013596193065941536
video_test_0001508,1395,0.5,accuracy,0.014741771056238195
video_test_0001508,1395,0.5,global_ece,-0.05158562220796567
video_test_0001508,1395,0.5,mean_tfi,-3.2765551921278124
video_test_0001508,1395,0.5,mean_predicted_switches,-93.5
video_test_0001508,1395,0.5,mean_transition_delay,0.6471787899388168
video_test_0001508,1395,0.5,ptsm,-0.009260283393436125
video_test_0001508,1395,0.5,missed_transition_rate,0.03823929299796058
video_test_0001512,392,0.25,accuracy,0.005342626246887416
video_test_0001512,392,0.25,global_ece,-0.021978165651829334
video_test_0001512,392,0.25,mean_tfi,-1.570075573695135
video_test_0001512,392,0.25,mean_predicted_switches,-43.44285714285715
video_test_0001512,392,0.25,mean_transition_delay,0.2327935222672064
video_test_0001512,392,0.25,ptsm,-0.005431670662100152
video_test_0001512,392,0.25,missed_transition_rate,0.013495276653171379
video_test_0001512,392,0.5,accuracy,0.014679487371565658
video_test_0001512,392,0.5,global_ece,-0.05150544739508636
video_test_0001512,392,0.5,mean_tfi,-3.260798825687603
video_test_0001512,392,0.5,mean_predicted_switches,-93.81428571428572
video_test_0001512,392,0.5,mean_transition_delay,0.648785425101214
video_test_0001512,392,0.5,ptsm,-0.009298666689880525
video_test_0001512,392,0.5,missed_transition_rate,0.038461538461538464
video_test_0001522,344,0.25,accuracy,0.0053478499246507605
video_test_0001522,344,0.25,global_ece,-0.022003076586904202
video_test_0001522,344,0.25,mean_tfi,-1.5785179766431883
video_test_0001522,344,0.25,mean_predicted_switches,-43.49047619047619
video_test_0001522,344,0.25,mean_transition_delay,0.23307379823967533
video_test_0001522,344,0.25,ptsm,-0.005441997705373486
video_test_0001522,344,0.25,missed_transition_rate,0.013540961408259972
video_test_0001522,344,0.5,accuracy,0.014707336291378437
video_test_0001522,344,0.5,global_ece,-0.05157988881269343
video_test_0001522,344,0.5,mean_tfi,-3.282831631281895
video_test_0001522,344,0.5,mean_predicted_switches,-93.96666666666667
video_test_0001522,344,0.5,mean_transition_delay,0.6484427894380502
video_test_0001522,344,0.5,ptsm,-0.009318721261764917
video_test_0001522,344,0.5,missed_transition_rate,0.038422477995937704
video_test_0001527,1591,0.25,accuracy,0.005322796001587804
video_test_0001527,1591,0.25,global_ece,-0.021981660725877733
video_test_0001527,1591,0.25,mean_tfi,-1.5691700855051636
video_test_0001527,1591,0.25,mean_predicted_switches,-43.29523809523809
video_test_0001527,1591,0.25,mean_transition_delay,0.23277027027027053
video_test_0001527,1591,0.25,ptsm,-0.005441544518007935
video_test_0001527,1591,0.25,missed_transition_rate,0.013513513513513514
video_test_0001527,1591,0.5,accuracy,0.014642199848435622
video_test_0001527,1591,0.5,global_ece,-0.051524465357110805
video_test_0001527,1591,0.5,mean_tfi,-3.2632204854866833
video_test_0001527,1591,0.5,mean_predicted_switches,-93.58095238095237
video_test_0001527,1591,0.5,mean_transition_delay,0.6498310810810812
video_test_0001527,1591,0.5,ptsm,-0.009327356666639863
video_test_0001527,1591,0.5,missed_transition_rate,0.03851351351351351
video_test_0001531,1625,0.25,accuracy,0.005371460880967738
video_test_0001531,1625,0.25,global_ece,-0.02207383291778453
video_test_0001531,1625,0.25,mean_tfi,-1.5782624854133402
video_test_0001531,1625,0.25,mean_predicted_switches,-43.457142857142856
video_test_0001531,1625,0.25,mean_transition_delay,0.23486394557823154
video_test_0001531,1625,0.25,ptsm,-0.005466508808660647
video_test_0001531,1625,0.25,missed_transition_rate,0.013605442176870763
video_test_0001531,1625,0.5,accuracy,0.01475497596978026
video_test_0001531,1625,0.5,global_ece,-0.05173452967188502
video_test_0001531,1625,0.5,mean_tfi,-3.2818997020654015
video_test_0001531,1625,0.5,mean_predicted_switches,-93.86666666666667
video_test_0001531,1625,0.5,mean_transition_delay,0.6525510204081639
video_test_0001531,1625,0.5,ptsm,-0.009367748644862589
video_test_0001531,1625,0.5,missed_transition_rate,0.03860544217687076
video_test_0001532,1787,0.25,accuracy,0.00534699821867024
video_test_0001532,1787,0.25,global_ece,-0.021999280736217236
video_test_0001532,1787,0.25,mean_tfi,-1.570736004534135
video_test_0001532,1787,0.25,mean_predicted_switches,-43.32857142857142
video_test_0001532,1787,0.25,mean_transition_delay,0.23318688746198024
video_test_0001532,1787,0.25,ptsm,-0.005460640388877558
video_test_0001532,1787,0.25,missed_transition_rate,0.013518080432578572
video_test_0001532,1787,0.5,accuracy,0.01467189831977278
video_test_0001532,1787,0.5,global_ece,-0.0515302416395729
video_test_0001532,1787,0.5,mean_tfi,-3.265867274079832
video_test_0001532,1787,0.5,mean_predicted_switches,-93.6142857142857
video_test_0001532,1787,0.5,mean_transition_delay,0.6495437647853999
video_test_0001532,1787,0.5,ptsm,-0.009367577108104125
video_test_0001532,1787,0.5,missed_transition_rate,0.03852652923284894
video_test_0001549,858,0.25,accuracy,0.005344095539585592
video_test_0001549,858,0.25,global_ece,-0.022005000711595613
video_test_0001549,858,0.25,mean_tfi,-1.567684830022631
video_test_0001549,858,0.25,mean_predicted_switches,-43.342857142857156
video_test_0001549,858,0.25,mean_transition_delay,0.23302938196555267
video_test_0001549,858,0.25,ptsm,-0.005451881302683037
video_test_0001549,858,0.25,missed_transition_rate,0.01350894967916244
video_test_0001549,858,0.5,accuracy,0.014706014733020245
video_test_0001549,858,0.5,global_ece,-0.05159156100429693
video_test_0001549,858,0.5,mean_tfi,-3.264060912648926
video_test_0001549,858,0.5,mean_predicted_switches,-93.71904761904761
video_test_0001549,858,0.5,mean_transition_delay,0.649442755825735
video_test_0001549,858,0.5,ptsm,-0.009343590875520946
video_test_0001549,858,0.5,missed_transition_rate,0.038500506585612965
video_test_0001556,770,0.25,accuracy,0.005324685843535182
video_test_0001556,770,0.25,global_ece,-0.021970911356818973
video_test_0001556,770,0.25,mean_tfi,-1.560611287980847
video_test_0001556,770,0.25,mean_predicted_switches,-43.37619047619049
video_test_0001556,770,0.25,mean_transition_delay,0.2327935222672064
video_test_0001556,770,0.25,ptsm,-0.00543009957712029
video_test_0001556,770,0.25,missed_transition_rate,0.013495276653171379
video_test_0001556,770,0.5,accuracy,0.014687133459125867
video_test_0001556,770,0.5,global_ece,-0.051537628518309064
video_test_0001556,770,0.5,mean_tfi,-3.251133368595675
video_test_0001556,770,0.5,mean_predicted_switches,-93.74761904761905
video_test_0001556,770,0.5,mean_transition_delay,0.6489541160593797
video_test_0001556,770,0.5,ptsm,-0.009295177598556387
video_test_0001556,770,0.5,missed_transition_rate,0.038461538461538464
video_test_0001558,1067,0.25,accuracy,0.005356456571867785
video_test_0001558,1067,0.25,global_ece,-0.021986109525515357
video_test_0001558,1067,0.25,mean_tfi,-1.5458031368001484
video_test_0001558,1067,0.25,mean_predicted_switches,-43.20476190476191
video_test_0001558,1067,0.25,mean_transition_delay,0.23266407963556546
video_test_0001558,1067,0.25,ptsm,-0.00544019693802314
video_test_0001558,1067,0.25,missed_transition_rate,0.013497553568415727
video_test_0001558,1067,0.5,accuracy,0.014718245580322753
video_test_0001558,1067,0.5,global_ece,-0.05154228694997773
video_test_0001558,1067,0.5,mean_tfi,-3.2170032515622182
video_test_0001558,1067,0.5,mean_predicted_switches,-93.40952380952379
video_test_0001558,1067,0.5,mean_transition_delay,0.6490636072211906
video_test_0001558,1067,0.5,ptsm,-0.009320816823764566
video_test_0001558,1067,0.5,missed_transition_rate,0.038468027669984806
