omitted_video_id,omitted_n_frames,ema_alpha,metric,delta_after_omission
video_test_0000004,249,0.25,accuracy,0.0011531296237502486
video_test_0000004,249,0.25,global_ece,-0.004289009526909124
video_test_0000004,249,0.25,mean_tfi,-0.5390369772716972
video_test_0000004,249,0.25,mean_predicted_switches,-16.771428571428572
video_test_0000004,249,0.25,mean_transition_delay,0.2025337837837835
video_test_0000004,249,0.25,ptsm,0.001166285257396621
video_test_0000004,249,0.25,missed_transition_rate,0.010135135135135087
video_test_0000004,249,0.5,accuracy,0.001767133709123736
video_test_0000004,249,0.5,global_ece,-0.008610899312944176
video_test_0000004,249,0.5,mean_tfi,-1.06759260794142
video_test_0000004,249,0.5,mean_predicted_switches,-33.63333333333333
video_test_0000004,249,0.5,mean_transition_delay,0.5114864864864863
video_test_0000004,249,0.5,ptsm,0.005465499785619027
video_test_0000004,249,0.5,missed_transition_rate,0.02685810810810807
video_test_0000006,499,0.25,accuracy,0.0011390067860825859
video_test_0000006,499,0.25,global_ece,-0.004318417680082495
video_test_0000006,499,0.25,mean_tfi,-0.5327786088266291
video_test_0000006,499,0.25,mean_predicted_switches,-16.766666666666666
video_test_0000006,499,0.25,mean_transition_delay,0.2026981450252947
video_test_0000006,499,0.25,ptsm,0.0011777378661988191
video_test_0000006,499,0.25,missed_transition_rate,0.01011804384485665
video_test_0000006,499,0.5,accuracy,0.001756468359590535
video_test_0000006,499,0.5,global_ece,-0.008659206809006656
video_test_0000006,499,0.5,mean_tfi,-1.0549480132850508
video_test_0000006,499,0.5,mean_predicted_switches,-33.59523809523809
video_test_0000006,499,0.5,mean_transition_delay,0.5114671163575037
video_test_0000006,499,0.5,ptsm,0.005490456191475784
video_test_0000006,499,0.5,missed_transition_rate,0.026981450252951122
video_test_0000007,3617,0.25,accuracy,0.0012011884806932827
video_test_0000007,3617,0.25,global_ece,-0.004180739266087738
video_test_0000007,3617,0.25,mean_tfi,-0.5275888008741516
video_test_0000007,3617,0.25,mean_predicted_switches,-16.376190476190473
video_test_0000007,3617,0.25,mean_transition_delay,0.20311442112389955
video_test_0000007,3617,0.25,ptsm,0.001166200156613506
video_test_0000007,3617,0.25,missed_transition_rate,0.010155721056195
video_test_0000007,3617,0.5,accuracy,0.0018517061717487904
video_test_0000007,3617,0.5,global_ece,-0.008594364660215514
video_test_0000007,3617,0.5,mean_tfi,-1.0446775914125372
video_test_0000007,3617,0.5,mean_predicted_switches,-32.87619047619047
video_test_0000007,3617,0.5,mean_transition_delay,0.5125253893026409
video_test_0000007,3617,0.5,ptsm,0.005464947440059709
video_test_0000007,3617,0.5,missed_transition_rate,0.02708192281652
video_test_0000011,590,0.25,accuracy,0.0011363193447124775
video_test_0000011,590,0.25,global_ece,-0.004277644780575338
video_test_0000011,590,0.25,mean_tfi,-0.5348290960437567
video_test_0000011,590,0.25,mean_predicted_switches,-16.728571428571428
video_test_0000011,590,0.25,mean_transition_delay,0.20307224848075656
video_test_0000011,590,0.25,ptsm,0.0011769847599735206
video_test_0000011,590,0.25,missed_transition_rate,0.010128291694800784
video_test_0000011,590,0.5,accuracy,0.0017269655476369605
video_test_0000011,590,0.5,global_ece,-0.008620554749773399
video_test_0000011,590,0.5,mean_tfi,-1.0552987774383769
video_test_0000011,590,0.5,mean_predicted_switches,-33.480952380952374
video_test_0000011,590,0.5,mean_transition_delay,0.5108035111411215
video_test_0000011,590,0.5,ptsm,0.005487579082598171
video_test_0000011,590,0.5,missed_transition_rate,0.027008777852802146
video_test_0000026,1555,0.25,accuracy,0.001169685598133241
video_test_0000026,1555,0.25,global_ece,-0.00430346941851531
video_test_0000026,1555,0.25,mean_tfi,-0.5411682100361661
video_test_0000026,1555,0.25,mean_predicted_switches,-16.804761904761904
video_test_0000026,1555,0.25,mean_transition_delay,0.20457650273224104
video_test_0000026,1555,0.25,ptsm,0.0011830496387698342
video_test_0000026,1555,0.25,missed_transition_rate,0.010245901639344301
video_test_0000026,1555,0.5,accuracy,0.0017951215991917069
video_test_0000026,1555,0.5,global_ece,-0.008640074676178902
video_test_0000026,1555,0.5,mean_tfi,-1.0697291654457441
video_test_0000026,1555,0.5,mean_predicted_switches,-33.66190476190476
video_test_0000026,1555,0.5,mean_transition_delay,0.5145150273224051
video_test_0000026,1555,0.5,ptsm,0.005522409748799723
video_test_0000026,1555,0.5,missed_transition_rate,0.027151639344262346
video_test_0000028,1090,0.25,accuracy,0.0011560415934757096
video_test_0000028,1090,0.25,global_ece,-0.0042874132480008875
video_test_0000028,1090,0.25,mean_tfi,-0.540968319637305
video_test_0000028,1090,0.25,mean_predicted_switches,-16.80000000000001
video_test_0000028,1090,0.25,mean_transition_delay,0.20342140921409158
video_test_0000028,1090,0.25,ptsm,0.001161532232360818
video_test_0000028,1090,0.25,missed_transition_rate,0.010162601626016232
video_test_0000028,1090,0.5,accuracy,0.0017776016190588217
video_test_0000028,1090,0.5,global_ece,-0.008639135761502784
video_test_0000028,1090,0.5,mean_tfi,-1.0695091368381837
video_test_0000028,1090,0.5,mean_predicted_switches,-33.657142857142865
video_test_0000028,1090,0.5,mean_transition_delay,0.5130420054200542
video_test_0000028,1090,0.5,ptsm,0.005452402439398818
video_test_0000028,1090,0.5,missed_transition_rate,0.026930894308943076
video_test_0000039,1701,0.25,accuracy,0.0011581664270113867
video_test_0000039,1701,0.25,global_ece,-0.004303500671391833
video_test_0000039,1701,0.25,mean_tfi,-0.5391806598083582
video_test_0000039,1701,0.25,mean_predicted_switches,-16.685714285714283
video_test_0000039,1701,0.25,mean_transition_delay,0.20332090816672377
video_test_0000039,1701,0.25,ptsm,0.0011769716166951105
video_test_0000039,1701,0.25,missed_transition_rate,0.010166045408336155
video_test_0000039,1701,0.5,accuracy,0.0018169675893893178
video_test_0000039,1701,0.5,global_ece,-0.008662690130793002
video_test_0000039,1701,0.5,mean_tfi,-1.0663949543573992
video_test_0000039,1701,0.5,mean_predicted_switches,-33.46666666666666
video_test_0000039,1701,0.5,mean_transition_delay,0.5133852931209759
video_test_0000039,1701,0.5,ptsm,0.005496689270081789
video_test_0000039,1701,0.5,missed_transition_rate,0.02710945442222973
video_test_0000045,1761,0.25,accuracy,0.0011764281115169695
video_test_0000045,1761,0.25,global_ece,-0.004245150348465676
video_test_0000045,1761,0.25,mean_tfi,-0.5393638707063548
video_test_0000045,1761,0.25,mean_predicted_switches,-16.69047619047619
video_test_0000045,1761,0.25,mean_transition_delay,0.20142541998981844
video_test_0000045,1761,0.25,ptsm,0.00116507566793575
video_test_0000045,1761,0.25,missed_transition_rate,0.010181571355845909
video_test_0000045,1761,0.5,accuracy,0.0017872079238901994
video_test_0000045,1761,0.5,global_ece,-0.008556995264687992
video_test_0000045,1761,0.5,mean_tfi,-1.0659452057334537
video_test_0000045,1761,0.5,mean_predicted_switches,-33.43333333333334
video_test_0000045,1761,0.5,mean_transition_delay,0.5090785677922955
video_test_0000045,1761,0.5,ptsm,0.005467801711326686
video_test_0000045,1761,0.5,missed_transition_rate,0.026981164092991672
video_test_0000046,1330,0.25,accuracy,0.0011478606821657689
video_test_0000046,1330,0.25,global_ece,-0.004304592865911144
video_test_0000046,1330,0.25,mean_tfi,-0.5407603567445181
video_test_0000046,1330,0.25,mean_predicted_switches,-16.80952380952381
video_test_0000046,1330,0.25,mean_transition_delay,0.20307224848075656
video_test_0000046,1330,0.25,ptsm,0.001174620527453346
video_test_0000046,1330,0.25,missed_transition_rate,0.01012829169480084
video_test_0000046,1330,0.5,accuracy,0.001769868957580245
video_test_0000046,1330,0.5,global_ece,-0.008654381942613962
video_test_0000046,1330,0.5,mean_tfi,-1.0693380090434053
video_test_0000046,1330,0.5,mean_predicted_switches,-33.67142857142858
video_test_0000046,1330,0.5,mean_transition_delay,0.5121539500337606
video_test_0000046,1330,0.5,ptsm,0.005486435878453655
video_test_0000046,1330,0.5,missed_transition_rate,0.0270087778528022
video_test_0000051,866,0.25,accuracy,0.0011552645555832353
video_test_0000051,866,0.25,global_ece,-0.004334275718204092
video_test_0000051,866,0.25,mean_tfi,-0.5396137613315375
video_test_0000051,866,0.25,mean_predicted_switches,-16.780952380952385
video_test_0000051,866,0.25,mean_transition_delay,0.2031408308004048
video_test_0000051,866,0.25,ptsm,0.0011680798449789087
video_test_0000051,866,0.25,missed_transition_rate,0.010131712259371817
video_test_0000051,866,0.5,accuracy,0.001779407484313933
video_test_0000051,866,0.5,global_ece,-0.008671041796927778
video_test_0000051,866,0.5,mean_tfi,-1.0674371614853038
video_test_0000051,866,0.5,mean_predicted_switches,-33.62857142857143
video_test_0000051,866,0.5,mean_transition_delay,0.5113137453562979
video_test_0000051,866,0.5,ptsm,0.005465970263997866
video_test_0000051,866,0.5,missed_transition_rate,0.02701789935832488
video_test_0000058,852,0.25,accuracy,0.0011522154642918947
video_test_0000058,852,0.25,global_ece,-0.004288617835319197
video_test_0000058,852,0.25,mean_tfi,-0.5384314172753952
video_test_0000058,852,0.25,mean_predicted_switches,-16.790476190476184
video_test_0000058,852,0.25,mean_transition_delay,0.20310391363022973
video_test_0000058,852,0.25,ptsm,0.0011760174274379753
video_test_0000058,852,0.25,missed_transition_rate,0.010121457489878527
video_test_0000058,852,0.5,accuracy,0.001770331051906715
video_test_0000058,852,0.5,global_ece,-0.008641444328020914
video_test_0000058,852,0.5,mean_tfi,-1.0641518648789052
video_test_0000058,852,0.5,mean_predicted_switches,-33.628571428571426
video_test_0000058,852,0.5,mean_transition_delay,0.5119770580296894
video_test_0000058,852,0.5,ptsm,0.005486230025579353
video_test_0000058,852,0.5,missed_transition_rate,0.026990553306342757
video_test_0000062,108,0.25,accuracy,0.0011496489678607391
video_test_0000062,108,0.25,global_ece,-0.004286346906946764
video_test_0000062,108,0.25,mean_tfi,-0.5365095581024328
video_test_0000062,108,0.25,mean_predicted_switches,-16.7904761904762
video_test_0000062,108,0.25,mean_transition_delay,0.20293522267206487
video_test_0000062,108,0.25,ptsm,0.0011764793713034682
video_test_0000062,108,0.25,missed_transition_rate,0.010121457489878527
video_test_0000062,108,0.5,accuracy,0.001757406104516246
video_test_0000062,108,0.5,global_ece,-0.008626199019320269
video_test_0000062,108,0.5,mean_tfi,-1.063210290278432
video_test_0000062,108,0.5,mean_predicted_switches,-33.642857142857146
video_test_0000062,108,0.5,mean_transition_delay,0.5094466936572202
video_test_0000062,108,0.5,ptsm,0.0054892385731848126
video_test_0000062,108,0.5,missed_transition_rate,0.026821862348178127
video_test_0000073,738,0.25,accuracy,0.0011518214676724536
video_test_0000073,738,0.25,global_ece,-0.004293926905482082
video_test_0000073,738,0.25,mean_tfi,-0.5392124960046978
video_test_0000073,738,0.25,mean_predicted_switches,-16.785714285714292
video_test_0000073,738,0.25,mean_transition_delay,0.20273463875759656
video_test_0000073,738,0.25,ptsm,0.001170895042053588
video_test_0000073,738,0.25,missed_transition_rate,0.010128291694800784
video_test_0000073,738,0.5,accuracy,0.00175772755222936
video_test_0000073,738,0.5,global_ece,-0.008649571320400756
video_test_0000073,738,0.5,mean_tfi,-1.0667955045239697
video_test_0000073,738,0.5,mean_predicted_switches,-33.63809523809524
video_test_0000073,738,0.5,mean_transition_delay,0.5111411208642807
video_test_0000073,738,0.5,ptsm,0.00546812068972824
video_test_0000073,738,0.5,missed_transition_rate,0.027008777852802146
video_test_0000085,1652,0.25,accuracy,0.001154987953836617
video_test_0000085,1652,0.25,global_ece,-0.004302825481893521
video_test_0000085,1652,0.25,mean_tfi,-0.5318164572311033
video_test_0000085,1652,0.25,mean_predicted_switches,-16.72380952380952
video_test_0000085,1652,0.25,mean_transition_delay,0.20259784075573517
video_test_0000085,1652,0.25,ptsm,0.001168932351266666
video_test_0000085,1652,0.25,missed_transition_rate,0.010121457489878583
video_test_0000085,1652,0.5,accuracy,0.0018016608967399428
video_test_0000085,1652,0.5,global_ece,-0.008684605493348
video_test_0000085,1652,0.5,mean_tfi,-1.0556685649118205
video_test_0000085,1652,0.5,mean_predicted_switches,-33.542857142857144
video_test_0000085,1652,0.5,mean_transition_delay,0.511133603238866
video_test_0000085,1652,0.5,ptsm,0.0054668084272946615
video_test_0000085,1652,0.5,missed_transition_rate,0.026990553306342813
video_test_0000113,642,0.25,accuracy,0.0011544885615671907
video_test_0000113,642,0.25,global_ece,-0.004299108409457894
video_test_0000113,642,0.25,mean_tfi,-0.5412893840112911
video_test_0000113,642,0.25,mean_predicted_switches,-16.819047619047623
video_test_0000113,642,0.25,mean_transition_delay,0.20286677908937634
video_test_0000113,642,0.25,ptsm,0.0011737799296248907
video_test_0000113,642,0.25,missed_transition_rate,0.01011804384485665
video_test_0000113,642,0.5,accuracy,0.0017662175656184553
video_test_0000113,642,0.5,global_ece,-0.008645752405222112
video_test_0000113,642,0.5,mean_tfi,-1.069867036310178
video_test_0000113,642,0.5,mean_predicted_switches,-33.68571428571429
video_test_0000113,642,0.5,mean_transition_delay,0.5116357504215854
video_test_0000113,642,0.5,ptsm,0.0054815274882562826
video_test_0000113,642,0.5,missed_transition_rate,0.026981450252951067
video_test_0000129,1436,0.25,accuracy,0.0011602497242152454
video_test_0000129,1436,0.25,global_ece,-0.004264119433308705
video_test_0000129,1436,0.25,mean_tfi,-0.5363458070544538
video_test_0000129,1436,0.25,mean_predicted_switches,-16.685714285714283
video_test_0000129,1436,0.25,mean_transition_delay,0.2031461434370767
video_test_0000129,1436,0.25,ptsm,0.0011770001916334705
video_test_0000129,1436,0.25,missed_transition_rate,0.010148849797022963
video_test_0000129,1436,0.5,accuracy,0.0017523978995270806
video_test_0000129,1436,0.5,global_ece,-0.008574891302815774
video_test_0000129,1436,0.5,mean_tfi,-1.0606275628442068
video_test_0000129,1436,0.5,mean_predicted_switches,-33.4047619047619
video_test_0000129,1436,0.5,mean_transition_delay,0.510825439783491
video_test_0000129,1436,0.5,ptsm,0.005485293498886434
video_test_0000129,1436,0.5,missed_transition_rate,0.027063599458727994
video_test_0000131,976,0.25,accuracy,0.0011496426502414225
video_test_0000131,976,0.25,global_ece,-0.004283414903206176
video_test_0000131,976,0.25,mean_tfi,-0.5404316292106084
video_test_0000131,976,0.25,mean_predicted_switches,-16.780952380952385
video_test_0000131,976,0.25,mean_transition_delay,0.20209884901828
video_test_0000131,976,0.25,ptsm,0.0011761273187191335
video_test_0000131,976,0.25,missed_transition_rate,0.010155721056195
video_test_0000131,976,0.5,accuracy,0.0017409732040210013
video_test_0000131,976,0.5,global_ece,-0.008608200624036569
video_test_0000131,976,0.5,mean_tfi,-1.0682077184104302
video_test_0000131,976,0.5,mean_predicted_switches,-33.609523809523814
video_test_0000131,976,0.5,mean_transition_delay,0.5111712931618149
video_test_0000131,976,0.5,ptsm,0.005474067252202869
video_test_0000131,976,0.5,missed_transition_rate,0.026912660798916743
video_test_0000173,1433,0.25,accuracy,0.00116925666536416
video_test_0000173,1433,0.25,global_ece,-0.004300279945109883
video_test_0000173,1433,0.25,mean_tfi,-0.5398616517618513
video_test_0000173,1433,0.25,mean_predicted_switches,-16.78095238095237
video_test_0000173,1433,0.25,mean_transition_delay,0.20287162162162176
video_test_0000173,1433,0.25,ptsm,0.0011664684571706663
video_test_0000173,1433,0.25,missed_transition_rate,0.010135135135135143
video_test_0000173,1433,0.5,accuracy,0.0017674111034295947
video_test_0000173,1433,0.5,global_ece,-0.008624633784407226
video_test_0000173,1433,0.5,mean_tfi,-1.0673361328681645
video_test_0000173,1433,0.5,mean_predicted_switches,-33.61904761904761
video_test_0000173,1433,0.5,mean_transition_delay,0.5121621621621619
video_test_0000173,1433,0.5,ptsm,0.005466347111349273
video_test_0000173,1433,0.5,missed_transition_rate,0.02702702702702703
video_test_0000179,1260,0.25,accuracy,0.001150623529800554
video_test_0000179,1260,0.25,global_ece,-0.0042796380466255945
video_test_0000179,1260,0.25,mean_tfi,-0.5405836456879038
video_test_0000179,1260,0.25,mean_predicted_switches,-16.72380952380952
video_test_0000179,1260,0.25,mean_transition_delay,0.20064669843430938
video_test_0000179,1260,0.25,ptsm,0.001176851931702777
video_test_0000179,1260,0.25,missed_transition_rate,0.009870660313138213
video_test_0000179,1260,0.5,accuracy,0.0017845179548342527
video_test_0000179,1260,0.5,global_ece,-0.008625309778832607
video_test_0000179,1260,0.5,mean_tfi,-1.068524354337306
video_test_0000179,1260,0.5,mean_predicted_switches,-33.51428571428572
video_test_0000179,1260,0.5,mean_transition_delay,0.5088495575221241
video_test_0000179,1260,0.5,ptsm,0.0054737263882150555
video_test_0000179,1260,0.5,missed_transition_rate,0.026548672566371667
video_test_0000188,4037,0.25,accuracy,0.0011451561108317687
video_test_0000188,4037,0.25,global_ece,-0.004281339148914209
video_test_0000188,4037,0.25,mean_tfi,-0.5343627446679804
video_test_0000188,4037,0.25,mean_predicted_switches,-16.67619047619047
video_test_0000188,4037,0.25,mean_transition_delay,0.2029719689294156
video_test_0000188,4037,0.25,ptsm,0.0011733412748754501
video_test_0000188,4037,0.25,missed_transition_rate,0.010131712259371817
video_test_0000188,4037,0.5,accuracy,0.0017783244366619266
video_test_0000188,4037,0.5,global_ece,-0.008591469453203743
video_test_0000188,4037,0.5,mean_tfi,-1.0508811222488368
video_test_0000188,4037,0.5,mean_predicted_switches,-33.338095238095235
video_test_0000188,4037,0.5,mean_transition_delay,0.5119891928402565
video_test_0000188,4037,0.5,ptsm,0.005481544594432952
video_test_0000188,4037,0.5,missed_transition_rate,0.02701789935832488
video_test_0000211,737,0.25,accuracy,0.0011638161170535177
video_test_0000211,737,0.25,global_ece,-0.0043068495456016626
video_test_0000211,737,0.25,mean_tfi,-0.5412929004554625
video_test_0000211,737,0.25,mean_predicted_switches,-16.819047619047623
video_test_0000211,737,0.25,mean_transition_delay,0.2032465336489686
video_test_0000211,737,0.25,ptsm,0.0011807860016402605
video_test_0000211,737,0.25,missed_transition_rate,0.0099763273588096
video_test_0000211,737,0.5,accuracy,0.00178471801455371
video_test_0000211,737,0.5,global_ece,-0.008661277158299868
video_test_0000211,737,0.5,mean_tfi,-1.0689171762905678
video_test_0000211,737,0.5,mean_predicted_switches,-33.63809523809524
video_test_0000211,737,0.5,mean_transition_delay,0.5109908691241118
video_test_0000211,737,0.5,ptsm,0.005499854862368564
video_test_0000211,737,0.5,missed_transition_rate,0.026547176192086575
video_test_0000220,1841,0.25,accuracy,0.0011676828717775978
video_test_0000220,1841,0.25,global_ece,-0.004286004272016433
video_test_0000220,1841,0.25,mean_tfi,-0.5401467953795054
video_test_0000220,1841,0.25,mean_predicted_switches,-16.771428571428572
video_test_0000220,1841,0.25,mean_transition_delay,0.20379146919431346
video_test_0000220,1841,0.25,ptsm,0.0011684868362167866
video_test_0000220,1841,0.25,missed_transition_rate,0.010155721056195
video_test_0000220,1841,0.5,accuracy,0.0017665717673542858
video_test_0000220,1841,0.5,global_ece,-0.00865808625283794
video_test_0000220,1841,0.5,mean_tfi,-1.0668974827404647
video_test_0000220,1841,0.5,mean_predicted_switches,-33.55238095238094
video_test_0000220,1841,0.5,mean_transition_delay,0.5098171970209888
video_test_0000220,1841,0.5,ptsm,0.005470810917084568
video_test_0000220,1841,0.5,missed_transition_rate,0.026743398781313488
video_test_0000238,766,0.25,accuracy,0.0011549180008219029
video_test_0000238,766,0.25,global_ece,-0.004297182433446095
video_test_0000238,766,0.25,mean_tfi,-0.5412893840112907
video_test_0000238,766,0.25,mean_predicted_switches,-16.81904761904761
video_test_0000238,766,0.25,mean_transition_delay,0.20307224848075656
video_test_0000238,766,0.25,ptsm,0.0011764715841754425
video_test_0000238,766,0.25,missed_transition_rate,0.010128291694800784
video_test_0000238,766,0.5,accuracy,0.0017638747648915931
video_test_0000238,766,0.5,global_ece,-0.008641437680189767
video_test_0000238,766,0.5,mean_tfi,-1.0698664709323136
video_test_0000238,766,0.5,mean_predicted_switches,-33.68571428571428
video_test_0000238,766,0.5,mean_transition_delay,0.5121539500337615
video_test_0000238,766,0.5,ptsm,0.005494382756932675
video_test_0000238,766,0.5,missed_transition_rate,0.027008777852802146
video_test_0000242,348,0.25,accuracy,0.0011414875290239879
video_test_0000242,348,0.25,global_ece,-0.004295575311626887
video_test_0000242,348,0.25,mean_tfi,-0.5333077822796888
video_test_0000242,348,0.25,mean_predicted_switches,-16.75238095238096
video_test_0000242,348,0.25,mean_transition_delay,0.20222634508348847
video_test_0000242,348,0.25,ptsm,0.0011739213255929637
video_test_0000242,348,0.25,missed_transition_rate,0.010119750379490644
video_test_0000242,348,0.5,accuracy,0.0017436896112650313
video_test_0000242,348,0.5,global_ece,-0.00864910118024681
video_test_0000242,348,0.5,mean_tfi,-1.053552101245243
video_test_0000242,348,0.5,mean_predicted_switches,-33.57142857142858
video_test_0000242,348,0.5,mean_transition_delay,0.5110473941642777
video_test_0000242,348,0.5,ptsm,0.0054828034526359926
video_test_0000242,348,0.5,missed_transition_rate,0.02698600101197507
video_test_0000250,1587,0.25,accuracy,0.0011367190319243603
video_test_0000250,1587,0.25,global_ece,-0.004284653217974707
video_test_0000250,1587,0.25,mean_tfi,-0.5407653533645109
video_test_0000250,1587,0.25,mean_predicted_switches,-16.771428571428572
video_test_0000250,1587,0.25,mean_transition_delay,0.20258327668252907
video_test_0000250,1587,0.25,ptsm,0.0011748961703812177
video_test_0000250,1587,0.25,missed_transition_rate,0.010027192386131867
video_test_0000250,1587,0.5,accuracy,0.0017321432867419828
video_test_0000250,1587,0.5,global_ece,-0.008614819548498479
video_test_0000250,1587,0.5,mean_tfi,-1.0689127597320156
video_test_0000250,1587,0.5,mean_predicted_switches,-33.595238095238095
video_test_0000250,1587,0.5,mean_transition_delay,0.5129163834126444
video_test_0000250,1587,0.5,ptsm,0.005494400696334389
video_test_0000250,1587,0.5,missed_transition_rate,0.02702243371855878
video_test_0000254,1569,0.25,accuracy,0.0011577067183073941
video_test_0000254,1569,0.25,global_ece,-0.004303369296530912
video_test_0000254,1569,0.25,mean_tfi,-0.5410578660627405
video_test_0000254,1569,0.25,mean_predicted_switches,-16.77619047619048
video_test_0000254,1569,0.25,mean_transition_delay,0.2035383029886635
video_test_0000254,1569,0.25,ptsm,0.0012055847829003652
video_test_0000254,1569,0.25,missed_transition_rate,0.010133974579182414
video_test_0000254,1569,0.5,accuracy,0.0017681338970513272
video_test_0000254,1569,0.5,global_ece,-0.008660672936485023
video_test_0000254,1569,0.5,mean_tfi,-1.0694405037252535
video_test_0000254,1569,0.5,mean_predicted_switches,-33.576190476190476
video_test_0000254,1569,0.5,mean_transition_delay,0.5087598763311574
video_test_0000254,1569,0.5,ptsm,0.005558363327539478
video_test_0000254,1569,0.5,missed_transition_rate,0.026451391274476155
video_test_0000273,960,0.25,accuracy,0.0011555905067489602
video_test_0000273,960,0.25,global_ece,-0.00427538938807609
video_test_0000273,960,0.25,mean_tfi,-0.5359440732473444
video_test_0000273,960,0.25,mean_predicted_switches,-16.580952380952382
video_test_0000273,960,0.25,mean_transition_delay,0.20210240759579445
video_test_0000273,960,0.25,ptsm,0.0011888966699807602
video_test_0000273,960,0.25,missed_transition_rate,0.010003390979993254
video_test_0000273,960,0.5,accuracy,0.0017528957297179293
video_test_0000273,960,0.5,global_ece,-0.008628175019432582
video_test_0000273,960,0.5,mean_tfi,-1.0622564366679144
video_test_0000273,960,0.5,mean_predicted_switches,-33.338095238095235
video_test_0000273,960,0.5,mean_transition_delay,0.5123770769752456
video_test_0000273,960,0.5,ptsm,0.005523181124449911
video_test_0000273,960,0.5,missed_transition_rate,0.02695829094608343
video_test_0000278,1610,0.25,accuracy,0.0011668716711827898
video_test_0000278,1610,0.25,global_ece,-0.004286266088694229
video_test_0000278,1610,0.25,mean_tfi,-0.5406646744654444
video_test_0000278,1610,0.25,mean_predicted_switches,-16.733333333333334
video_test_0000278,1610,0.25,mean_transition_delay,0.20450665756230801
video_test_0000278,1610,0.25,ptsm,0.0011623631439481308
video_test_0000278,1610,0.25,missed_transition_rate,0.010242403550699886
video_test_0000278,1610,0.5,accuracy,0.0018014333274187777
video_test_0000278,1610,0.5,global_ece,-0.008640880867048867
video_test_0000278,1610,0.5,mean_tfi,-1.0682315282976402
video_test_0000278,1610,0.5,mean_predicted_switches,-33.46666666666667
video_test_0000278,1610,0.5,mean_transition_delay,0.5121201775349951
video_test_0000278,1610,0.5,ptsm,0.00543380544059352
video_test_0000278,1610,0.5,missed_transition_rate,0.027313076135199732
video_test_0000285,1443,0.25,accuracy,0.0011602741373091252
video_test_0000285,1443,0.25,global_ece,-0.004304790281039278
video_test_0000285,1443,0.25,mean_tfi,-0.5371970637656056
video_test_0000285,1443,0.25,mean_predicted_switches,-16.72380952380952
video_test_0000285,1443,0.25,mean_transition_delay,0.20320945945945912
video_test_0000285,1443,0.25,ptsm,0.0011853852147553356
video_test_0000285,1443,0.25,missed_transition_rate,0.010135135135135087
video_test_0000285,1443,0.5,accuracy,0.001767464229890492
video_test_0000285,1443,0.5,global_ece,-0.008622763329433902
video_test_0000285,1443,0.5,mean_tfi,-1.0642299941562794
video_test_0000285,1443,0.5,mean_predicted_switches,-33.55238095238096
video_test_0000285,1443,0.5,mean_transition_delay,0.512331081081081
video_test_0000285,1443,0.5,ptsm,0.00551164508350771
video_test_0000285,1443,0.5,missed_transition_rate,0.02702702702702703
video_test_0000292,566,0.25,accuracy,0.0011602214913791764
video_test_0000292,566,0.25,global_ece,-0.004280421602985612
video_test_0000292,566,0.25,mean_tfi,-0.5206544633763697
video_test_0000292,566,0.25,mean_predicted_switches,-16.70476190476191
video_test_0000292,566,0.25,mean_transition_delay,0.20286677908937545
video_test_0000292,566,0.25,ptsm,0.0011746392832252817
video_test_0000292,566,0.25,missed_transition_rate,0.01011804384485665
video_test_0000292,566,0.5,accuracy,0.0017598191613427128
video_test_0000292,566,0.5,global_ece,-0.008622243159788795
video_test_0000292,566,0.5,mean_tfi,-1.0441888256319674
video_test_0000292,566,0.5,mean_predicted_switches,-33.542857142857144
video_test_0000292,566,0.5,mean_transition_delay,0.5116357504215845
video_test_0000292,566,0.5,ptsm,0.005480606691963041
video_test_0000292,566,0.5,missed_transition_rate,0.026981450252951067
video_test_0000293,1747,0.25,accuracy,0.0011523094326906236
video_test_0000293,1747,0.25,global_ece,-0.004289587150935831
video_test_0000293,1747,0.25,mean_tfi,-0.5348032771362017
video_test_0000293,1747,0.25,mean_predicted_switches,-16.771428571428572
video_test_0000293,1747,0.25,mean_transition_delay,0.20276653171390002
video_test_0000293,1747,0.25,ptsm,0.0011756370060384547
video_test_0000293,1747,0.25,missed_transition_rate,0.010121457489878583
video_test_0000293,1747,0.5,accuracy,0.0017600548776084413
video_test_0000293,1747,0.5,global_ece,-0.008623512654990728
video_test_0000293,1747,0.5,mean_tfi,-1.0555587693083626
video_test_0000293,1747,0.5,mean_predicted_switches,-33.56666666666666
video_test_0000293,1747,0.5,mean_transition_delay,0.511133603238866
video_test_0000293,1747,0.5,ptsm,0.005480091471197657
video_test_0000293,1747,0.5,missed_transition_rate,0.026990553306342813
video_test_0000308,1812,0.25,accuracy,0.001164571741531284
video_test_0000308,1812,0.25,global_ece,-0.004301791604248151
video_test_0000308,1812,0.25,mean_tfi,-0.5404356708941962
video_test_0000308,1812,0.25,mean_predicted_switches,-16.771428571428572
video_test_0000308,1812,0.25,mean_transition_delay,0.20342140921409158
video_test_0000308,1812,0.25,ptsm,0.0011694356812220197
video_test_0000308,1812,0.25,missed_transition_rate,0.010162601626016288
video_test_0000308,1812,0.5,accuracy,0.0017904914372379732
video_test_0000308,1812,0.5,global_ece,-0.008646471597743483
video_test_0000308,1812,0.5,mean_tfi,-1.0679582480844563
video_test_0000308,1812,0.5,mean_predicted_switches,-33.57142857142858
video_test_0000308,1812,0.5,mean_transition_delay,0.5132113821138207
video_test_0000308,1812,0.5,ptsm,0.0054753313612234955
video_test_0000308,1812,0.5,missed_transition_rate,0.027100271002710064
video_test_0000319,1037,0.25,accuracy,0.0011318398251501938
video_test_0000319,1037,0.25,global_ece,-0.004289619360846111
video_test_0000319,1037,0.25,mean_tfi,-0.5365293962802884
video_test_0000319,1037,0.25,mean_predicted_switches,-16.75238095238096
video_test_0000319,1037,0.25,mean_transition_delay,0.20307224848075656
video_test_0000319,1037,0.25,ptsm,0.0011749292000700629
video_test_0000319,1037,0.25,missed_transition_rate,0.01012829169480084
video_test_0000319,1037,0.5,accuracy,0.0017442942663455918
video_test_0000319,1037,0.5,global_ece,-0.008600626835095743
video_test_0000319,1037,0.5,mean_tfi,-1.0609445500623047
video_test_0000319,1037,0.5,mean_predicted_switches,-33.56666666666667
video_test_0000319,1037,0.5,mean_transition_delay,0.5114787305874415
video_test_0000319,1037,0.5,ptsm,0.005482548739628251
video_test_0000319,1037,0.5,missed_transition_rate,0.0270087778528022
video_test_0000324,1114,0.25,accuracy,0.0011561249095369819
video_test_0000324,1114,0.25,global_ece,-0.004298271102084111
video_test_0000324,1114,0.25,mean_tfi,-0.5346254823215824
video_test_0000324,1114,0.25,mean_predicted_switches,-16.75238095238096
video_test_0000324,1114,0.25,mean_transition_delay,0.20293522267206487
video_test_0000324,1114,0.25,ptsm,0.0011735855145346974
video_test_0000324,1114,0.25,missed_transition_rate,0.010121457489878527
video_test_0000324,1114,0.5,accuracy,0.001765718043656439
video_test_0000324,1114,0.5,global_ece,-0.0086244142662813
video_test_0000324,1114,0.5,mean_tfi,-1.0603432267863686
video_test_0000324,1114,0.5,mean_predicted_switches,-33.590476190476195
video_test_0000324,1114,0.5,mean_transition_delay,0.5116396761133606
video_test_0000324,1114,0.5,ptsm,0.005481154583386438
video_test_0000324,1114,0.5,missed_transition_rate,0.026990553306342757
video_test_0000353,538,0.25,accuracy,0.0011481331594646038
video_test_0000353,538,0.25,global_ece,-0.0042882466363907
video_test_0000353,538,0.25,mean_tfi,-0.539946792989225
video_test_0000353,538,0.25,mean_predicted_switches,-16.747619047619054
video_test_0000353,538,0.25,mean_transition_delay,0.1966796544130105
video_test_0000353,538,0.25,ptsm,0.001172153137467019
video_test_0000353,538,0.25,missed_transition_rate,0.009656107064204666
video_test_0000353,538,0.5,accuracy,0.0017416850278040297
video_test_0000353,538,0.5,global_ece,-0.008638997977025525
video_test_0000353,538,0.5,mean_tfi,-1.0675622317449724
video_test_0000353,538,0.5,mean_predicted_switches,-33.57142857142857
video_test_0000353,538,0.5,mean_transition_delay,0.5061832966288327
video_test_0000353,538,0.5,ptsm,0.005474269023526129
video_test_0000353,538,0.5,missed_transition_rate,0.026596645773335592
video_test_0000355,4841,0.25,accuracy,0.0011692105854557155
video_test_0000355,4841,0.25,global_ece,-0.004333601741712198
video_test_0000355,4841,0.25,mean_tfi,-0.5393884350730072
video_test_0000355,4841,0.25,mean_predicted_switches,-16.80952380952381
video_test_0000355,4841,0.25,mean_transition_delay,0.20259784075573606
video_test_0000355,4841,0.25,ptsm,0.0011675032544165576
video_test_0000355,4841,0.25,missed_transition_rate,0.010121457489878583
video_test_0000355,4841,0.5,accuracy,0.001776592707770308
video_test_0000355,4841,0.5,global_ece,-0.008725037737488603
video_test_0000355,4841,0.5,mean_tfi,-1.0632522344569895
video_test_0000355,4841,0.5,mean_predicted_switches,-33.63809523809524
video_test_0000355,4841,0.5,mean_transition_delay,0.5114709851551957
video_test_0000355,4841,0.5,ptsm,0.005462611182286442
video_test_0000355,4841,0.5,missed_transition_rate,0.026990553306342813
video_test_0000357,948,0.25,accuracy,0.0011495460343663444
video_test_0000357,948,0.25,global_ece,-0.004289402750444343
video_test_0000357,948,0.25,mean_tfi,-0.5402524672369262
video_test_0000357,948,0.25,mean_predicted_switches,-16.78095238095237
video_test_0000357,948,0.25,mean_transition_delay,0.20334685598377256
video_test_0000357,948,0.25,ptsm,0.0011808828166406105
video_test_0000357,948,0.25,missed_transition_rate,0.010141987829614618
video_test_0000357,948,0.5,accuracy,0.0017768440009003905
video_test_0000357,948,0.5,global_ece,-0.008640656407214231
video_test_0000357,948,0.5,mean_tfi,-1.0670916220775268
video_test_0000357,948,0.5,mean_predicted_switches,-33.580952380952375
video_test_0000357,948,0.5,mean_transition_delay,0.5098039215686274
video_test_0000357,948,0.5,ptsm,0.005487175731711924
video_test_0000357,948,0.5,missed_transition_rate,0.026538201487491586
video_test_0000367,1664,0.25,accuracy,0.001155029642752936
video_test_0000367,1664,0.25,global_ece,-0.004263974858448635
video_test_0000367,1664,0.25,mean_tfi,-0.5384677608748567
video_test_0000367,1664,0.25,mean_predicted_switches,-16.700000000000003
video_test_0000367,1664,0.25,mean_transition_delay,0.20277824834829783
video_test_0000367,1664,0.25,ptsm,0.0011710709667722141
video_test_0000367,1664,0.25,missed_transition_rate,0.010164323225478555
video_test_0000367,1664,0.5,accuracy,0.0017896943683280986
video_test_0000367,1664,0.5,global_ece,-0.008555932313587394
video_test_0000367,1664,0.5,mean_tfi,-1.0631757924507292
video_test_0000367,1664,0.5,mean_predicted_switches,-33.37142857142858
video_test_0000367,1664,0.5,mean_transition_delay,0.5094019989835683
video_test_0000367,1664,0.5,ptsm,0.005471727125855114
video_test_0000367,1664,0.5,missed_transition_rate,0.02710486193460948
video_test_0000372,2201,0.25,accuracy,0.0011448472833979206
video_test_0000372,2201,0.25,global_ece,-0.004267145988510995
video_test_0000372,2201,0.25,mean_tfi,-0.5400177206539603
video_test_0000372,2201,0.25,mean_predicted_switches,-16.747619047619054
video_test_0000372,2201,0.25,mean_transition_delay,0.20379789759240463
video_test_0000372,2201,0.25,ptsm,0.0011732450600260846
video_test_0000372,2201,0.25,missed_transition_rate,0.010172939979654128
video_test_0000372,2201,0.5,accuracy,0.001762462265230913
video_test_0000372,2201,0.5,global_ece,-0.008615290846658852
video_test_0000372,2201,0.5,mean_tfi,-1.0676535809194618
video_test_0000372,2201,0.5,mean_predicted_switches,-33.56190476190476
video_test_0000372,2201,0.5,mean_transition_delay,0.5140725669718549
video_test_0000372,2201,0.5,ptsm,0.005489948657632554
video_test_0000372,2201,0.5,missed_transition_rate,0.027127839945744303
video_test_0000374,909,0.25,accuracy,0.0011494114893132457
video_test_0000374,909,0.25,global_ece,-0.004274952275235416
video_test_0000374,909,0.25,mean_tfi,-0.5391752444958358
video_test_0000374,909,0.25,mean_predicted_switches,-16.780952380952385
video_test_0000374,909,0.25,mean_transition_delay,0.20307224848075656
video_test_0000374,909,0.25,ptsm,0.0011742118945012037
video_test_0000374,909,0.25,missed_transition_rate,0.01012829169480084
video_test_0000374,909,0.5,accuracy,0.0017526274406237663
video_test_0000374,909,0.5,global_ece,-0.008602908896018904
video_test_0000374,909,0.5,mean_tfi,-1.0641799907422855
video_test_0000374,909,0.5,mean_predicted_switches,-33.590476190476195
video_test_0000374,909,0.5,mean_transition_delay,0.5123227548953411
video_test_0000374,909,0.5,ptsm,0.0054833390391138825
video_test_0000374,909,0.5,missed_transition_rate,0.0270087778528022
video_test_0000379,6352,0.25,accuracy,0.0011013787064749758
video_test_0000379,6352,0.25,global_ece,-0.004249237077665363
video_test_0000379,6352,0.25,mean_tfi,-0.5362062903436846
video_test_0000379,6352,0.25,mean_predicted_switches,-16.30952380952381
video_test_0000379,6352,0.25,mean_transition_delay,0.20207694926796105
video_test_0000379,6352,0.25,ptsm,0.0011478334412686475
video_test_0000379,6352,0.25,missed_transition_rate,0.010214504596527063
video_test_0000379,6352,0.5,accuracy,0.0016017280357322194
video_test_0000379,6352,0.5,global_ece,-0.008494060182077934
video_test_0000379,6352,0.5,mean_tfi,-1.059563329251618
video_test_0000379,6352,0.5,mean_predicted_switches,-32.6952380952381
video_test_0000379,6352,0.5,mean_transition_delay,0.5108954715696292
video_test_0000379,6352,0.5,ptsm,0.005392919710836774
video_test_0000379,6352,0.5,missed_transition_rate,0.02706843718079671
video_test_0000392,824,0.25,accuracy,0.0011431177411272975
video_test_0000392,824,0.25,global_ece,-0.004287820656508443
video_test_0000392,824,0.25,mean_tfi,-0.5407182229467056
video_test_0000392,824,0.25,mean_predicted_switches,-16.80000000000001
video_test_0000392,824,0.25,mean_transition_delay,0.20348738784492948
video_test_0000392,824,0.25,ptsm,0.0011896823415198376
video_test_0000392,824,0.25,missed_transition_rate,0.010157440325038125
video_test_0000392,824,0.5,accuracy,0.001746179856525254
video_test_0000392,824,0.5,global_ece,-0.00860858772936661
video_test_0000392,824,0.5,mean_tfi,-1.068666937473931
video_test_0000392,824,0.5,mean_predicted_switches,-33.63809523809525
video_test_0000392,824,0.5,mean_transition_delay,0.5132893177585913
video_test_0000392,824,0.5,ptsm,0.005532573037445504
video_test_0000392,824,0.5,missed_transition_rate,0.027086507533434945
video_test_0000405,1375,0.25,accuracy,0.001151021193215307
video_test_0000405,1375,0.25,global_ece,-0.0042644290416996855
video_test_0000405,1375,0.25,mean_tfi,-0.5390407944186153
video_test_0000405,1375,0.25,mean_predicted_switches,-16.652380952380952
video_test_0000405,1375,0.25,mean_transition_delay,0.20217465171593663
video_test_0000405,1375,0.25,ptsm,0.0011667014586075886
video_test_0000405,1375,0.25,missed_transition_rate,0.01002378525314307
video_test_0000405,1375,0.5,accuracy,0.0017460660920576299
video_test_0000405,1375,0.5,global_ece,-0.008605765612667932
video_test_0000405,1375,0.5,mean_tfi,-1.0644197899409684
video_test_0000405,1375,0.5,mean_predicted_switches,-33.2952380952381
video_test_0000405,1375,0.5,mean_transition_delay,0.5122324159021412
video_test_0000405,1375,0.5,ptsm,0.005457377529031443
video_test_0000405,1375,0.5,missed_transition_rate,0.02701325178389402
video_test_0000412,1552,0.25,accuracy,0.001169675046832075
video_test_0000412,1552,0.25,global_ece,-0.004306644762289119
video_test_0000412,1552,0.25,mean_tfi,-0.5392485676847603
video_test_0000412,1552,0.25,mean_predicted_switches,-16.790476190476184
video_test_0000412,1552,0.25,mean_transition_delay,0.2030037124535946
video_test_0000412,1552,0.25,ptsm,0.0011737302502021207
video_test_0000412,1552,0.25,missed_transition_rate,0.010124873439082027
video_test_0000412,1552,0.5,accuracy,0.0017560160086117493
video_test_0000412,1552,0.5,global_ece,-0.00860916931072818
video_test_0000412,1552,0.5,mean_tfi,-1.0630643152217427
video_test_0000412,1552,0.5,mean_predicted_switches,-33.59047619047619
video_test_0000412,1552,0.5,mean_transition_delay,0.5119811002362473
video_test_0000412,1552,0.5,ptsm,0.005481360971369448
video_test_0000412,1552,0.5,missed_transition_rate,0.026999662504218702
video_test_0000413,317,0.25,accuracy,0.0011533645290977557
video_test_0000413,317,0.25,global_ece,-0.00430219142422722
video_test_0000413,317,0.25,mean_tfi,-0.5412893840112902
video_test_0000413,317,0.25,mean_predicted_switches,-16.81904761904761
video_test_0000413,317,0.25,mean_transition_delay,0.20327813450489973
video_test_0000413,317,0.25,ptsm,0.0011753383246862203
video_test_0000413,317,0.25,missed_transition_rate,0.010138560324433887
video_test_0000413,317,0.5,accuracy,0.0017734851979892552
video_test_0000413,317,0.5,global_ece,-0.008631971605302602
video_test_0000413,317,0.5,mean_tfi,-1.0683444772642479
video_test_0000413,317,0.5,mean_predicted_switches,-33.647619047619045
video_test_0000413,317,0.5,mean_transition_delay,0.5116593443730988
video_test_0000413,317,0.5,ptsm,0.0054883743122129125
video_test_0000413,317,0.5,missed_transition_rate,0.02686718485974987
video_test_0000423,1566,0.25,accuracy,0.0011757382944879158
video_test_0000423,1566,0.25,global_ece,-0.004283150913966971
video_test_0000423,1566,0.25,mean_tfi,-0.5404092437364758
video_test_0000423,1566,0.25,mean_predicted_switches,-16.771428571428572
video_test_0000423,1566,0.25,mean_transition_delay,0.20352184219437852
video_test_0000423,1566,0.25,ptsm,0.0011775278055438376
video_test_0000423,1566,0.25,missed_transition_rate,0.010159160176092086
video_test_0000423,1566,0.5,accuracy,0.0017921739731835418
video_test_0000423,1566,0.5,global_ece,-0.008634762243924066
video_test_0000423,1566,0.5,mean_tfi,-1.067401094616425
video_test_0000423,1566,0.5,mean_predicted_switches,-33.55238095238096
video_test_0000423,1566,0.5,mean_transition_delay,0.5132069082289199
video_test_0000423,1566,0.5,ptsm,0.005491232865547563
video_test_0000423,1566,0.5,missed_transition_rate,0.027091093802912247
video_test_0000426,1144,0.25,accuracy,0.0011292003399613337
video_test_0000426,1144,0.25,global_ece,-0.0042465928568807265
video_test_0000426,1144,0.25,mean_tfi,-0.5348056007165014
video_test_0000426,1144,0.25,mean_predicted_switches,-16.652380952380952
video_test_0000426,1144,0.25,mean_transition_delay,0.20273926276631649
video_test_0000426,1144,0.25,ptsm,0.001204294138602402
video_test_0000426,1144,0.25,missed_transition_rate,0.010145417653026734
video_test_0000426,1144,0.5,accuracy,0.0017088164719095689
video_test_0000426,1144,0.5,global_ece,-0.008590978234374741
video_test_0000426,1144,0.5,mean_tfi,-1.0573146685428618
video_test_0000426,1144,0.5,mean_predicted_switches,-33.32857142857143
video_test_0000426,1144,0.5,mean_transition_delay,0.5098072370645923
video_test_0000426,1144,0.5,ptsm,0.005552132314804142
video_test_0000426,1144,0.5,missed_transition_rate,0.02688535678052084
video_test_0000429,1034,0.25,accuracy,0.0011288274305065737
video_test_0000429,1034,0.25,global_ece,-0.004264919819116794
video_test_0000429,1034,0.25,mean_tfi,-0.5405826042969051
video_test_0000429,1034,0.25,mean_predicted_switches,-16.76190476190476
video_test_0000429,1034,0.25,mean_transition_delay,0.20401224073444446
video_test_0000429,1034,0.25,ptsm,0.0012158393389871125
video_test_0000429,1034,0.25,missed_transition_rate,0.010200612036722179
video_test_0000429,1034,0.5,accuracy,0.0017172587506641968
video_test_0000429,1034,0.5,global_ece,-0.008577380818172761
video_test_0000429,1034,0.5,mean_tfi,-1.0667243460688962
video_test_0000429,1034,0.5,mean_predicted_switches,-33.44285714285714
video_test_0000429,1034,0.5,mean_transition_delay,0.5117307038422307
video_test_0000429,1034,0.5,ptsm,0.0055739774720469926
video_test_0000429,1034,0.5,missed_transition_rate,0.026861611696701815
video_test_0000437,1530,0.25,accuracy,0.0011425375759561707
video_test_0000437,1530,0.25,global_ece,-0.004263757540942464
video_test_0000437,1530,0.25,mean_tfi,-0.540505922363947
video_test_0000437,1530,0.25,mean_predicted_switches,-16.733333333333334
video_test_0000437,1530,0.25,mean_transition_delay,0.1987092391304346
video_test_0000437,1530,0.25,ptsm,0.001162352060153693
video_test_0000437,1530,0.25,missed_transition_rate,0.009850543478260865
video_test_0000437,1530,0.5,accuracy,0.0017829599540579721
video_test_0000437,1530,0.5,global_ece,-0.008605480325487788
video_test_0000437,1530,0.5,mean_tfi,-1.0690128363312157
video_test_0000437,1530,0.5,mean_predicted_switches,-33.590476190476195
video_test_0000437,1530,0.5,mean_transition_delay,0.5078125
video_test_0000437,1530,0.5,ptsm,0.005438735899133573
video_test_0000437,1530,0.5,missed_transition_rate,0.026834239130434756
video_test_0000442,1159,0.25,accuracy,0.001156281159524819
video_test_0000442,1159,0.25,global_ece,-0.004303545918031199
video_test_0000442,1159,0.25,mean_tfi,-0.5401827570932007
video_test_0000442,1159,0.25,mean_predicted_switches,-16.790476190476184
video_test_0000442,1159,0.25,mean_transition_delay,0.20216362407031774
video_test_0000442,1159,0.25,ptsm,0.0011832974078465064
video_test_0000442,1159,0.25,missed_transition_rate,0.010141987829614618
video_test_0000442,1159,0.5,accuracy,0.001768960007688558
video_test_0000442,1159,0.5,global_ece,-0.008651297527725449
video_test_0000442,1159,0.5,mean_tfi,-1.0656392353946575
video_test_0000442,1159,0.5,mean_predicted_switches,-33.576190476190476
video_test_0000442,1159,0.5,mean_transition_delay,0.5082826233941846
video_test_0000442,1159,0.5,ptsm,0.005504299340698626
video_test_0000442,1159,0.5,missed_transition_rate,0.026876267748478677
video_test_0000443,2182,0.25,accuracy,0.001120681084891606
video_test_0000443,2182,0.25,global_ece,-0.004286360070923895
video_test_0000443,2182,0.25,mean_tfi,-0.5356634832167146
video_test_0000443,2182,0.25,mean_predicted_switches,-16.657142857142844
video_test_0000443,2182,0.25,mean_transition_delay,0.20311178758667392
video_test_0000443,2182,0.25,ptsm,0.001175527820205885
video_test_0000443,2182,0.25,missed_transition_rate,0.010147133434804667
video_test_0000443,2182,0.5,accuracy,0.0017081348793912543
video_test_0000443,2182,0.5,global_ece,-0.008616064334785747
video_test_0000443,2182,0.5,mean_tfi,-1.0606888842986186
video_test_0000443,2182,0.5,mean_predicted_switches,-33.41428571428571
video_test_0000443,2182,0.5,mean_transition_delay,0.5115846440047358
video_test_0000443,2182,0.5,ptsm,0.005482757633904961
video_test_0000443,2182,0.5,missed_transition_rate,0.027059022492812446
video_test_0000444,1174,0.25,accuracy,0.0011653436412183416
video_test_0000444,1174,0.25,global_ece,-0.004297421741540727
video_test_0000444,1174,0.25,mean_tfi,-0.538451749762666
video_test_0000444,1174,0.25,mean_predicted_switches,-16.742857142857147
video_test_0000444,1174,0.25,mean_transition_delay,0.2022642784724571
video_test_0000444,1174,0.25,ptsm,0.0011547308958436142
video_test_0000444,1174,0.25,missed_transition_rate,0.010138560324433943
video_test_0000444,1174,0.5,accuracy,0.0017600293137988166
video_test_0000444,1174,0.5,global_ece,-0.008657644330340539
video_test_0000444,1174,0.5,mean_tfi,-1.0659458869343412
video_test_0000444,1174,0.5,mean_predicted_switches,-33.57142857142857
video_test_0000444,1174,0.5,mean_transition_delay,0.511152416356877
video_test_0000444,1174,0.5,ptsm,0.005430914655960184
video_test_0000444,1174,0.5,missed_transition_rate,0.027036160865157144
video_test_0000448,750,0.25,accuracy,0.0011608618574389107
video_test_0000448,750,0.25,global_ece,-0.004287517046820968
video_test_0000448,750,0.25,mean_tfi,-0.5404957332176403
video_test_0000448,750,0.25,mean_predicted_switches,-16.790476190476184
video_test_0000448,750,0.25,mean_transition_delay,0.20307224848075656
video_test_0000448,750,0.25,ptsm,0.001172939445240273
video_test_0000448,750,0.25,missed_transition_rate,0.010128291694800784
video_test_0000448,750,0.5,accuracy,0.001784787610274341
video_test_0000448,750,0.5,global_ece,-0.008626651694130738
video_test_0000448,750,0.5,mean_tfi,-1.0632887107428952
video_test_0000448,750,0.5,mean_predicted_switches,-33.59523809523809
video_test_0000448,750,0.5,mean_transition_delay,0.5119851451721811
video_test_0000448,750,0.5,ptsm,0.00548139694465094
video_test_0000448,750,0.5,missed_transition_rate,0.02683997299122215
video_test_0000450,209,0.25,accuracy,0.0011499967057385652
video_test_0000450,209,0.25,global_ece,-0.00429921266548175
video_test_0000450,209,0.25,mean_tfi,-0.5412893840112907
video_test_0000450,209,0.25,mean_predicted_switches,-16.81904761904761
video_test_0000450,209,0.25,mean_transition_delay,0.20286677908937634
video_test_0000450,209,0.25,ptsm,0.0011705081861869415
video_test_0000450,209,0.25,missed_transition_rate,0.01011804384485665
video_test_0000450,209,0.5,accuracy,0.0017549428894865216
video_test_0000450,209,0.5,global_ece,-0.008632751667240146
video_test_0000450,209,0.5,mean_tfi,-1.0651609896686476
video_test_0000450,209,0.5,mean_predicted_switches,-33.65714285714285
video_test_0000450,209,0.5,mean_transition_delay,0.5112984822934239
video_test_0000450,209,0.5,ptsm,0.005471941586912832
video_test_0000450,209,0.5,missed_transition_rate,0.026981450252951122
video_test_0000461,927,0.25,accuracy,0.0011704822386823244
video_test_0000461,927,0.25,global_ece,-0.004321271932996779
video_test_0000461,927,0.25,mean_tfi,-0.5401889313127395
video_test_0000461,927,0.25,mean_predicted_switches,-16.752380952380946
video_test_0000461,927,0.25,mean_transition_delay,0.19817073170731714
video_test_0000461,927,0.25,ptsm,0.0011600928180739989
video_test_0000461,927,0.25,missed_transition_rate,0.0099932249322493
video_test_0000461,927,0.5,accuracy,0.0018007419056651486
video_test_0000461,927,0.5,global_ece,-0.008642573768878004
video_test_0000461,927,0.5,mean_tfi,-1.0682074401327466
video_test_0000461,927,0.5,mean_predicted_switches,-33.580952380952375
video_test_0000461,927,0.5,mean_transition_delay,0.505081300813008
video_test_0000461,927,0.5,ptsm,0.005430423420697911
video_test_0000461,927,0.5,missed_transition_rate,0.026761517615176145
video_test_0000464,5322,0.25,accuracy,0.0011648383064528645
video_test_0000464,5322,0.25,global_ece,-0.004306419830317543
video_test_0000464,5322,0.25,mean_tfi,-0.5401919090804532
video_test_0000464,5322,0.25,mean_predicted_switches,-16.65714285714286
video_test_0000464,5322,0.25,mean_transition_delay,0.19979508196721252
video_test_0000464,5322,0.25,ptsm,0.0011801238300190586
video_test_0000464,5322,0.25,missed_transition_rate,0.009562841530054655
video_test_0000464,5322,0.5,accuracy,0.0017639849027223375
video_test_0000464,5322,0.5,global_ece,-0.008675400987857074
video_test_0000464,5322,0.5,mean_tfi,-1.0674265851858649
video_test_0000464,5322,0.5,mean_predicted_switches,-33.31428571428571
video_test_0000464,5322,0.5,mean_transition_delay,0.5093920765027322
video_test_0000464,5322,0.5,ptsm,0.005495822150911961
video_test_0000464,5322,0.5,missed_transition_rate,0.0264685792349727
video_test_0000504,542,0.25,accuracy,0.0011601380174529607
video_test_0000504,542,0.25,global_ece,-0.004302601377313975
video_test_0000504,542,0.25,mean_tfi,-0.5413073178501531
video_test_0000504,542,0.25,mean_predicted_switches,-16.819047619047623
video_test_0000504,542,0.25,mean_transition_delay,0.20286677908937545
video_test_0000504,542,0.25,ptsm,0.0011748581281962878
video_test_0000504,542,0.25,missed_transition_rate,0.01011804384485665
video_test_0000504,542,0.5,accuracy,0.0017686858664012206
video_test_0000504,542,0.5,global_ece,-0.008636772684569999
video_test_0000504,542,0.5,mean_tfi,-1.0667103669744373
video_test_0000504,542,0.5,mean_predicted_switches,-33.66666666666667
video_test_0000504,542,0.5,mean_transition_delay,0.5116357504215845
video_test_0000504,542,0.5,ptsm,0.005484395285724947
video_test_0000504,542,0.5,missed_transition_rate,0.026981450252951067
video_test_0000505,1783,0.25,accuracy,0.0011795149545645867
video_test_0000505,1783,0.25,global_ece,-0.004293212075482139
video_test_0000505,1783,0.25,mean_tfi,-0.540282778577593
video_test_0000505,1783,0.25,mean_predicted_switches,-16.76190476190476
video_test_0000505,1783,0.25,mean_transition_delay,0.20071138211382067
video_test_0000505,1783,0.25,ptsm,0.0011625523907726198
video_test_0000505,1783,0.25,missed_transition_rate,0.009823848238482424
video_test_0000505,1783,0.5,accuracy,0.0018053800324967506
video_test_0000505,1783,0.5,global_ece,-0.008585355452566043
video_test_0000505,1783,0.5,mean_tfi,-1.0662790598541056
video_test_0000505,1783,0.5,mean_predicted_switches,-33.49047619047619
video_test_0000505,1783,0.5,mean_transition_delay,0.509823848238482
video_test_0000505,1783,0.5,ptsm,0.0054543798611856875
video_test_0000505,1783,0.5,missed_transition_rate,0.026592140921409213
video_test_0000538,1365,0.25,accuracy,0.0011509866028766025
video_test_0000538,1365,0.25,global_ece,-0.004229469912931411
video_test_0000538,1365,0.25,mean_tfi,-0.5400595633937377
video_test_0000538,1365,0.25,mean_predicted_switches,-16.74761904761904
video_test_0000538,1365,0.25,mean_transition_delay,0.20030503304524672
video_test_0000538,1365,0.25,ptsm,0.0011735845940523126
video_test_0000538,1365,0.25,missed_transition_rate,0.009998305371970884
video_test_0000538,1365,0.5,accuracy,0.0017309876847438899
video_test_0000538,1365,0.5,global_ece,-0.008559537912428819
video_test_0000538,1365,0.5,mean_tfi,-1.066864450129652
video_test_0000538,1365,0.5,mean_predicted_switches,-33.514285714285705
video_test_0000538,1365,0.5,mean_transition_delay,0.5095746483646835
video_test_0000538,1365,0.5,ptsm,0.005484804713825175
video_test_0000538,1365,0.5,missed_transition_rate,0.026944585663446874
video_test_0000541,216,0.25,accuracy,0.001153015660048995
video_test_0000541,216,0.25,global_ece,-0.004286344954108318
video_test_0000541,216,0.25,mean_tfi,-0.5394474164550371
video_test_0000541,216,0.25,mean_predicted_switches,-16.80952380952381
video_test_0000541,216,0.25,mean_transition_delay,0.20276653171390002
video_test_0000541,216,0.25,ptsm,0.0011704063668366016
video_test_0000541,216,0.25,missed_transition_rate,0.010121457489878527
video_test_0000541,216,0.5,accuracy,0.0017759436010625906
video_test_0000541,216,0.5,global_ece,-0.008606926094769124
video_test_0000541,216,0.5,mean_tfi,-1.0680983288271846
video_test_0000541,216,0.5,mean_predicted_switches,-33.67619047619048
video_test_0000541,216,0.5,mean_transition_delay,0.5114709851551957
video_test_0000541,216,0.5,ptsm,0.005472166056062322
video_test_0000541,216,0.5,missed_transition_rate,0.026990553306342757
video_test_0000549,533,0.25,accuracy,0.001148115950717954
video_test_0000549,533,0.25,global_ece,-0.004284028646112631
video_test_0000549,533,0.25,mean_tfi,-0.5405092940328311
video_test_0000549,533,0.25,mean_predicted_switches,-16.80000000000001
video_test_0000549,533,0.25,mean_transition_delay,0.20179144836910634
video_test_0000549,533,0.25,ptsm,0.0011761691143398756
video_test_0000549,533,0.25,missed_transition_rate,0.009971269224269053
video_test_0000549,533,0.5,accuracy,0.0017656404568482387
video_test_0000549,533,0.5,global_ece,-0.008618171325788099
video_test_0000549,533,0.5,mean_tfi,-1.0670682327826784
video_test_0000549,533,0.5,mean_predicted_switches,-33.61428571428572
video_test_0000549,533,0.5,mean_transition_delay,0.5103937806320769
video_test_0000549,533,0.5,ptsm,0.005482393592973839
video_test_0000549,533,0.5,missed_transition_rate,0.026871725536589508
video_test_0000556,504,0.25,accuracy,0.0011570084437636519
video_test_0000556,504,0.25,global_ece,-0.004292526012953685
video_test_0000556,504,0.25,mean_tfi,-0.540861472174941
video_test_0000556,504,0.25,mean_predicted_switches,-16.80952380952381
video_test_0000556,504,0.25,mean_transition_delay,0.2029719689294165
video_test_0000556,504,0.25,ptsm,0.0011733188312832155
video_test_0000556,504,0.25,missed_transition_rate,0.010131712259371817
video_test_0000556,504,0.5,accuracy,0.0017684844088615703
video_test_0000556,504,0.5,global_ece,-0.008631920648622268
video_test_0000556,504,0.5,mean_tfi,-1.0690283992055178
video_test_0000556,504,0.5,mean_predicted_switches,-33.66666666666667
video_test_0000556,504,0.5,mean_transition_delay,0.5119891928402573
video_test_0000556,504,0.5,ptsm,0.005482786891677582
video_test_0000556,504,0.5,missed_transition_rate,0.02701789935832488
video_test_0000558,1503,0.25,accuracy,0.0011695027358546994
video_test_0000558,1503,0.25,global_ece,-0.004309118876660856
video_test_0000558,1503,0.25,mean_tfi,-0.5404760092209528
video_test_0000558,1503,0.25,mean_predicted_switches,-16.761904761904773
video_test_0000558,1503,0.25,mean_transition_delay,0.2030878859857479
video_test_0000558,1503,0.25,ptsm,0.0011685483774860894
video_test_0000558,1503,0.25,missed_transition_rate,0.010179843909060071
video_test_0000558,1503,0.5,accuracy,0.0018068666947267387
video_test_0000558,1503,0.5,global_ece,-0.008674741482639442
video_test_0000558,1503,0.5,mean_tfi,-1.0680961246539364
video_test_0000558,1503,0.5,mean_predicted_switches,-33.55238095238096
video_test_0000558,1503,0.5,mean_transition_delay,0.513064133016627
video_test_0000558,1503,0.5,ptsm,0.0054750368199250055
video_test_0000558,1503,0.5,missed_transition_rate,0.027146250424160134
video_test_0000560,372,0.25,accuracy,0.001150558350387021
video_test_0000560,372,0.25,global_ece,-0.004286805132846586
video_test_0000560,372,0.25,mean_tfi,-0.5385734159036173
video_test_0000560,372,0.25,mean_predicted_switches,-16.780952380952385
video_test_0000560,372,0.25,mean_transition_delay,0.20283496456294348
video_test_0000560,372,0.25,ptsm,0.001167549257764966
video_test_0000560,372,0.25,missed_transition_rate,0.010124873439081972
video_test_0000560,372,0.5,accuracy,0.0017737774568465925
video_test_0000560,372,0.5,global_ece,-0.008629361751089248
video_test_0000560,372,0.5,mean_tfi,-1.06578918294661
video_test_0000560,372,0.5,mean_predicted_switches,-33.62857142857143
video_test_0000560,372,0.5,mean_transition_delay,0.5116436044549451
video_test_0000560,372,0.5,ptsm,0.005461806115529294
video_test_0000560,372,0.5,missed_transition_rate,0.026999662504218702
video_test_0000569,657,0.25,accuracy,0.0011485428799338226
video_test_0000569,657,0.25,global_ece,-0.004285994755577435
video_test_0000569,657,0.25,mean_tfi,-0.537018872776494
video_test_0000569,657,0.25,mean_predicted_switches,-16.752380952380946
video_test_0000569,657,0.25,mean_transition_delay,0.20263424518743633
video_test_0000569,657,0.25,ptsm,0.0011649033958147648
video_test_0000569,657,0.25,missed_transition_rate,0.010131712259371817
video_test_0000569,657,0.5,accuracy,0.0017213149166631636
video_test_0000569,657,0.5,global_ece,-0.008598445955565526
video_test_0000569,657,0.5,mean_tfi,-1.0589724572209647
video_test_0000569,657,0.5,mean_predicted_switches,-33.51428571428571
video_test_0000569,657,0.5,mean_transition_delay,0.5113137453562988
video_test_0000569,657,0.5,ptsm,0.0054574260230780824
video_test_0000569,657,0.5,missed_transition_rate,0.02684903748733536
video_test_0000577,1229,0.25,accuracy,0.0011415045029349313
video_test_0000577,1229,0.25,global_ece,-0.004285557158649117
video_test_0000577,1229,0.25,mean_tfi,-0.538114780836688
video_test_0000577,1229,0.25,mean_predicted_switches,-16.799999999999997
video_test_0000577,1229,0.25,mean_transition_delay,0.20286677908937634
video_test_0000577,1229,0.25,ptsm,0.0011739481782550576
video_test_0000577,1229,0.25,missed_transition_rate,0.01011804384485665
video_test_0000577,1229,0.5,accuracy,0.0017723359387673554
video_test_0000577,1229,0.5,global_ece,-0.00864766655548474
video_test_0000577,1229,0.5,mean_tfi,-1.0555848262510132
video_test_0000577,1229,0.5,mean_predicted_switches,-33.6
video_test_0000577,1229,0.5,mean_transition_delay,0.5116357504215854
video_test_0000577,1229,0.5,ptsm,0.005481991089759997
video_test_0000577,1229,0.5,missed_transition_rate,0.026981450252951067
video_test_0000591,247,0.25,accuracy,0.0011531227162179247
video_test_0000591,247,0.25,global_ece,-0.00428833784841684
video_test_0000591,247,0.25,mean_tfi,-0.5403200634767527
video_test_0000591,247,0.25,mean_predicted_switches,-16.80952380952381
video_test_0000591,247,0.25,mean_transition_delay,0.20293522267206487
video_test_0000591,247,0.25,ptsm,0.0011748986526521898
video_test_0000591,247,0.25,missed_transition_rate,0.010121457489878583
video_test_0000591,247,0.5,accuracy,0.001758137751740163
video_test_0000591,247,0.5,global_ece,-0.008619240204028988
video_test_0000591,247,0.5,mean_tfi,-1.0678564542995963
video_test_0000591,247,0.5,mean_predicted_switches,-33.66666666666667
video_test_0000591,247,0.5,mean_transition_delay,0.5116396761133606
video_test_0000591,247,0.5,ptsm,0.005489289008798054
video_test_0000591,247,0.5,missed_transition_rate,0.026990553306342813
video_test_0000593,417,0.25,accuracy,0.0011746867002691008
video_test_0000593,417,0.25,global_ece,-0.00427658004625904
video_test_0000593,417,0.25,mean_tfi,-0.5381147808366875
video_test_0000593,417,0.25,mean_predicted_switches,-16.799999999999997
video_test_0000593,417,0.25,mean_transition_delay,0.20286677908937634
video_test_0000593,417,0.25,ptsm,0.0011732225444847366
video_test_0000593,417,0.25,missed_transition_rate,0.01011804384485665
video_test_0000593,417,0.5,accuracy,0.0017860032483683064
video_test_0000593,417,0.5,global_ece,-0.00863271496903363
video_test_0000593,417,0.5,mean_tfi,-1.0635178299609716
video_test_0000593,417,0.5,mean_predicted_switches,-33.64761904761905
video_test_0000593,417,0.5,mean_transition_delay,0.5116357504215854
video_test_0000593,417,0.5,ptsm,0.005479509333403493
video_test_0000593,417,0.5,missed_transition_rate,0.026981450252951067
video_test_0000601,3235,0.25,accuracy,0.0011574913565919331
video_test_0000601,3235,0.25,global_ece,-0.004262943782647535
video_test_0000601,3235,0.25,mean_tfi,-0.5388447776118039
video_test_0000601,3235,0.25,mean_predicted_switches,-16.604761904761915
video_test_0000601,3235,0.25,mean_transition_delay,0.20289115646258526
video_test_0000601,3235,0.25,ptsm,0.0011712509100139379
video_test_0000601,3235,0.25,missed_transition_rate,0.010034013605442205
video_test_0000601,3235,0.5,accuracy,0.0017951693624428389
video_test_0000601,3235,0.5,global_ece,-0.008609989279478064
video_test_0000601,3235,0.5,mean_tfi,-1.0672415483710136
video_test_0000601,3235,0.5,mean_predicted_switches,-33.452380952380956
video_test_0000601,3235,0.5,mean_transition_delay,0.5112244897959188
video_test_0000601,3235,0.5,ptsm,0.0054599183353747915
video_test_0000601,3235,0.5,missed_transition_rate,0.027040816326530603
video_test_0000602,1555,0.25,accuracy,0.0011576579827283773
video_test_0000602,1555,0.25,global_ece,-0.004299717904026598
video_test_0000602,1555,0.25,mean_tfi,-0.5408114587491615
video_test_0000602,1555,0.25,mean_predicted_switches,-16.76190476190476
video_test_0000602,1555,0.25,mean_transition_delay,0.20105549880830775
video_test_0000602,1555,0.25,ptsm,0.001192460104541021
video_test_0000602,1555,0.25,missed_transition_rate,0.010044262853251607
video_test_0000602,1555,0.5,accuracy,0.0017981285030430616
video_test_0000602,1555,0.5,global_ece,-0.008636383124541153
video_test_0000602,1555,0.5,mean_tfi,-1.0690662841007117
video_test_0000602,1555,0.5,mean_predicted_switches,-33.59047619047619
video_test_0000602,1555,0.5,mean_transition_delay,0.5124276472591083
video_test_0000602,1555,0.5,ptsm,0.005529142330776615
video_test_0000602,1555,0.5,missed_transition_rate,0.02706843718079671
video_test_0000611,1336,0.25,accuracy,0.0011448764525057165
video_test_0000611,1336,0.25,global_ece,-0.004281503962530284
video_test_0000611,1336,0.25,mean_tfi,-0.5396025854888249
video_test_0000611,1336,0.25,mean_predicted_switches,-16.79523809523809
video_test_0000611,1336,0.25,mean_transition_delay,0.20334120823489688
video_test_0000611,1336,0.25,ptsm,0.0011742367780447904
video_test_0000611,1336,0.25,missed_transition_rate,0.010124873439081972
video_test_0000611,1336,0.5,accuracy,0.0017638910173775058
video_test_0000611,1336,0.5,global_ece,-0.008632064164433878
video_test_0000611,1336,0.5,mean_tfi,-1.0617136969177219
video_test_0000611,1336,0.5,mean_predicted_switches,-33.58571428571428
video_test_0000611,1336,0.5,mean_transition_delay,0.5111373607829908
video_test_0000611,1336,0.5,ptsm,0.005481466783864908
video_test_0000611,1336,0.5,missed_transition_rate,0.026999662504218647
video_test_0000615,1546,0.25,accuracy,0.0011666471223205077
video_test_0000615,1546,0.25,global_ece,-0.004314615711369929
video_test_0000615,1546,0.25,mean_tfi,-0.5369336047565323
video_test_0000615,1546,0.25,mean_predicted_switches,-16.738095238095227
video_test_0000615,1546,0.25,mean_transition_delay,0.20287162162162176
video_test_0000615,1546,0.25,ptsm,0.0011701475668103034
video_test_0000615,1546,0.25,missed_transition_rate,0.010135135135135143
video_test_0000615,1546,0.5,accuracy,0.0017800389082829327
video_test_0000615,1546,0.5,global_ece,-0.008672288163525999
video_test_0000615,1546,0.5,mean_tfi,-1.0622224429854998
video_test_0000615,1546,0.5,mean_predicted_switches,-33.533333333333324
video_test_0000615,1546,0.5,mean_transition_delay,0.5116554054054054
video_test_0000615,1546,0.5,ptsm,0.005474366440471029
video_test_0000615,1546,0.5,missed_transition_rate,0.02702702702702703
video_test_0000617,2448,0.25,accuracy,0.0011487148564106597
video_test_0000617,2448,0.25,global_ece,-0.004298580054961837
video_test_0000617,2448,0.25,mean_tfi,-0.5408356490155164
video_test_0000617,2448,0.25,mean_predicted_switches,-16.790476190476184
video_test_0000617,2448,0.25,mean_transition_delay,0.2069258190460026
video_test_0000617,2448,0.25,ptsm,0.0011807418753164989
video_test_0000617,2448,0.25,missed_transition_rate,0.010354778475640813
video_test_0000617,2448,0.5,accuracy,0.0017517147810356404
video_test_0000617,2448,0.5,global_ece,-0.008648167896070008
video_test_0000617,2448,0.5,mean_tfi,-1.0690195664718696
video_test_0000617,2448,0.5,mean_predicted_switches,-33.62857142857142
video_test_0000617,2448,0.5,mean_transition_delay,0.5172296723815997
video_test_0000617,2448,0.5,ptsm,0.005512936920323924
video_test_0000617,2448,0.5,missed_transition_rate,0.027329825157019205
video_test_0000622,1536,0.25,accuracy,0.00113955145570932
video_test_0000622,1536,0.25,global_ece,-0.00430775678966587
video_test_0000622,1536,0.25,mean_tfi,-0.5399585745176205
video_test_0000622,1536,0.25,mean_predicted_switches,-16.652380952380952
video_test_0000622,1536,0.25,mean_transition_delay,0.2020893988696688
video_test_0000622,1536,0.25,ptsm,0.0011233788130714795
video_test_0000622,1536,0.25,missed_transition_rate,0.010104469943483463
video_test_0000622,1536,0.5,accuracy,0.0017980257797207688
video_test_0000622,1536,0.5,global_ece,-0.00860120309138003
video_test_0000622,1536,0.5,mean_tfi,-1.067959367513553
video_test_0000622,1536,0.5,mean_predicted_switches,-33.42857142857143
video_test_0000622,1536,0.5,mean_transition_delay,0.5074499058057889
video_test_0000622,1536,0.5,ptsm,0.005345012254018761
video_test_0000622,1536,0.5,missed_transition_rate,0.026716903579380002
video_test_0000624,895,0.25,accuracy,0.0011313575089728634
video_test_0000624,895,0.25,global_ece,-0.004319589778998184
video_test_0000624,895,0.25,mean_tfi,-0.5386623307371114
video_test_0000624,895,0.25,mean_predicted_switches,-16.757142857142853
video_test_0000624,895,0.25,mean_transition_delay,0.20314348487409095
video_test_0000624,895,0.25,ptsm,0.0011793456300761562
video_test_0000624,895,0.25,missed_transition_rate,0.01014027378739224
video_test_0000624,895,0.5,accuracy,0.0017285462206056978
video_test_0000624,895,0.5,global_ece,-0.00865920108683682
video_test_0000624,895,0.5,mean_tfi,-1.0658006999720144
video_test_0000624,895,0.5,mean_predicted_switches,-33.58095238095238
video_test_0000624,895,0.5,mean_transition_delay,0.5119148217001852
video_test_0000624,895,0.5,ptsm,0.00548091748439597
video_test_0000624,895,0.5,missed_transition_rate,0.027040730099712695
video_test_0000626,1910,0.25,accuracy,0.0011709355142635047
video_test_0000626,1910,0.25,global_ece,-0.004310060762705986
video_test_0000626,1910,0.25,mean_tfi,-0.5399326604109627
video_test_0000626,1910,0.25,mean_predicted_switches,-16.714285714285708
video_test_0000626,1910,0.25,mean_transition_delay,0.20145836866203215
video_test_0000626,1910,0.25,ptsm,0.0011784511763533734
video_test_0000626,1910,0.25,missed_transition_rate,0.010005087332541962
video_test_0000626,1910,0.5,accuracy,0.0018151005529585262
video_test_0000626,1910,0.5,global_ece,-0.008625345490548691
video_test_0000626,1910,0.5,mean_tfi,-1.0673978782278266
video_test_0000626,1910,0.5,mean_predicted_switches,-33.49523809523809
video_test_0000626,1910,0.5,mean_transition_delay,0.5094115652026456
video_test_0000626,1910,0.5,ptsm,0.005495959901290148
video_test_0000626,1910,0.5,missed_transition_rate,0.02679328472104464
video_test_0000635,233,0.25,accuracy,0.001153074365809026
video_test_0000635,233,0.25,global_ece,-0.004294268454954869
video_test_0000635,233,0.25,mean_tfi,-0.5412893840112907
video_test_0000635,233,0.25,mean_predicted_switches,-16.819047619047623
video_test_0000635,233,0.25,mean_transition_delay,0.20303797468354468
video_test_0000635,233,0.25,ptsm,0.0011731274439263917
video_test_0000635,233,0.25,missed_transition_rate,0.010126582278481011
video_test_0000635,233,0.5,accuracy,0.0017640540297702012
video_test_0000635,233,0.5,global_ece,-0.008633558404685673
video_test_0000635,233,0.5,mean_tfi,-1.069867036310178
video_test_0000635,233,0.5,mean_predicted_switches,-33.68571428571429
video_test_0000635,233,0.5,mean_transition_delay,0.5120675105485235
video_test_0000635,233,0.5,ptsm,0.0054804923138747075
video_test_0000635,233,0.5,missed_transition_rate,0.027004219409282715
video_test_0000664,641,0.25,accuracy,0.0011424904492596255
video_test_0000664,641,0.25,global_ece,-0.004302681102155759
video_test_0000664,641,0.25,mean_tfi,-0.535166935031699
video_test_0000664,641,0.25,mean_predicted_switches,-16.76190476190476
video_test_0000664,641,0.25,mean_transition_delay,0.2030037124535946
video_test_0000664,641,0.25,ptsm,0.0011714651742394944
video_test_0000664,641,0.25,missed_transition_rate,0.010124873439081972
video_test_0000664,641,0.5,accuracy,0.0017512189563454461
video_test_0000664,641,0.5,global_ece,-0.00862138079224177
video_test_0000664,641,0.5,mean_tfi,-1.0584054195746622
video_test_0000664,641,0.5,mean_predicted_switches,-33.561904761904756
video_test_0000664,641,0.5,mean_transition_delay,0.511474856564293
video_test_0000664,641,0.5,ptsm,0.005473937527858491
video_test_0000664,641,0.5,missed_transition_rate,0.026999662504218702
video_test_0000665,2582,0.25,accuracy,0.001182357536473555
video_test_0000665,2582,0.25,global_ece,-0.004293350562954351
video_test_0000665,2582,0.25,mean_tfi,-0.5411389366584749
video_test_0000665,2582,0.25,mean_predicted_switches,-16.785714285714292
video_test_0000665,2582,0.25,mean_transition_delay,0.20300751879699241
video_test_0000665,2582,0.25,ptsm,0.0011567007154870135
video_test_0000665,2582,0.25,missed_transition_rate,0.01025290498974707
video_test_0000665,2582,0.5,accuracy,0.0018579904144584436
video_test_0000665,2582,0.5,global_ece,-0.008679341125555337
video_test_0000665,2582,0.5,mean_tfi,-1.0693823793173196
video_test_0000665,2582,0.5,mean_predicted_switches,-33.60476190476191
video_test_0000665,2582,0.5,mean_transition_delay,0.5105946684894054
video_test_0000665,2582,0.5,ptsm,0.005418491479120324
video_test_0000665,2582,0.5,missed_transition_rate,0.027341079972658944
video_test_0000671,872,0.25,accuracy,0.0011432823907504552
video_test_0000671,872,0.25,global_ece,-0.0042860156312494735
video_test_0000671,872,0.25,mean_tfi,-0.5405689681648567
video_test_0000671,872,0.25,mean_predicted_switches,-16.799999999999997
video_test_0000671,872,0.25,mean_transition_delay,0.20348443843031117
video_test_0000671,872,0.25,ptsm,0.001168566248399311
video_test_0000671,872,0.25,missed_transition_rate,0.010148849797022963
video_test_0000671,872,0.5,accuracy,0.001743430627364928
video_test_0000671,872,0.5,global_ece,-0.008626097512988373
video_test_0000671,872,0.5,mean_tfi,-1.0675660000751055
video_test_0000671,872,0.5,mean_predicted_switches,-33.61904761904761
video_test_0000671,872,0.5,mean_transition_delay,0.5130243572395132
video_test_0000671,872,0.5,ptsm,0.005470942396320622
video_test_0000671,872,0.5,missed_transition_rate,0.027063599458727994
video_test_0000672,303,0.25,accuracy,0.0011563117847941395
video_test_0000672,303,0.25,global_ece,-0.004302543972741074
video_test_0000672,303,0.25,mean_tfi,-0.5412834205869599
video_test_0000672,303,0.25,mean_predicted_switches,-16.814285714285717
video_test_0000672,303,0.25,mean_transition_delay,0.2030037124535946
video_test_0000672,303,0.25,ptsm,0.0011752320339009914
video_test_0000672,303,0.25,missed_transition_rate,0.010124873439082027
video_test_0000672,303,0.5,accuracy,0.0017554370618896309
video_test_0000672,303,0.5,global_ece,-0.0086387250898467
video_test_0000672,303,0.5,mean_tfi,-1.0644067482988697
video_test_0000672,303,0.5,mean_predicted_switches,-33.63333333333333
video_test_0000672,303,0.5,mean_transition_delay,0.5119811002362473
video_test_0000672,303,0.5,ptsm,0.005487633308850326
video_test_0000672,303,0.5,missed_transition_rate,0.026999662504218702
video_test_0000673,1272,0.25,accuracy,0.001168691096015917
video_test_0000673,1272,0.25,global_ece,-0.004305500368061391
video_test_0000673,1272,0.25,mean_tfi,-0.5405331338342831
video_test_0000673,1272,0.25,mean_predicted_switches,-16.771428571428572
video_test_0000673,1272,0.25,mean_transition_delay,0.20247373771602817
video_test_0000673,1272,0.25,ptsm,0.0011559286209859299
video_test_0000673,1272,0.25,missed_transition_rate,0.010166045408336155
video_test_0000673,1272,0.5,accuracy,0.0018026083743176713
video_test_0000673,1272,0.5,global_ece,-0.008649822386224151
video_test_0000673,1272,0.5,mean_tfi,-1.0688839824286993
video_test_0000673,1272,0.5,mean_predicted_switches,-33.61904761904761
video_test_0000673,1272,0.5,mean_transition_delay,0.5111826499491698
video_test_0000673,1272,0.5,ptsm,0.0054327929276350995
video_test_0000673,1272,0.5,missed_transition_rate,0.02710945442222973
video_test_0000689,971,0.25,accuracy,0.0011466237633271925
video_test_0000689,971,0.25,global_ece,-0.00431370029218224
video_test_0000689,971,0.25,mean_tfi,-0.5368761341786858
video_test_0000689,971,0.25,mean_predicted_switches,-16.771428571428572
video_test_0000689,971,0.25,mean_transition_delay,0.20259784075573606
video_test_0000689,971,0.25,ptsm,0.0011719001548524122
video_test_0000689,971,0.25,missed_transition_rate,0.010121457489878527
video_test_0000689,971,0.5,accuracy,0.0017649601383151747
video_test_0000689,971,0.5,global_ece,-0.008662558730631348
video_test_0000689,971,0.5,mean_tfi,-1.0657077547315412
video_test_0000689,971,0.5,mean_predicted_switches,-33.63809523809524
video_test_0000689,971,0.5,mean_transition_delay,0.5114709851551957
video_test_0000689,971,0.5,ptsm,0.00547297385199183
video_test_0000689,971,0.5,missed_transition_rate,0.026990553306342757
video_test_0000691,1324,0.25,accuracy,0.0011268062704515858
video_test_0000691,1324,0.25,global_ece,-0.004291618412746112
video_test_0000691,1324,0.25,mean_tfi,-0.5375430224023181
video_test_0000691,1324,0.25,mean_predicted_switches,-16.75238095238096
video_test_0000691,1324,0.25,mean_transition_delay,0.20290344361917612
video_test_0000691,1324,0.25,ptsm,0.0011749586085870456
video_test_0000691,1324,0.25,missed_transition_rate,0.010128291694800784
video_test_0000691,1324,0.5,accuracy,0.0017247647979711234
video_test_0000691,1324,0.5,global_ece,-0.008565048639300077
video_test_0000691,1324,0.5,mean_tfi,-1.0613775470695892
video_test_0000691,1324,0.5,mean_predicted_switches,-33.53333333333333
video_test_0000691,1324,0.5,mean_transition_delay,0.5113099257258602
video_test_0000691,1324,0.5,ptsm,0.005482347030230511
video_test_0000691,1324,0.5,missed_transition_rate,0.027008777852802146
video_test_0000698,124,0.25,accuracy,0.0011526980619701588
video_test_0000698,124,0.25,global_ece,-0.004292751844877346
video_test_0000698,124,0.25,mean_tfi,-0.5412893840112907
video_test_0000698,124,0.25,mean_predicted_switches,-16.819047619047623
video_test_0000698,124,0.25,mean_transition_delay,0.20286677908937634
video_test_0000698,124,0.25,ptsm,0.0011725893707258683
video_test_0000698,124,0.25,missed_transition_rate,0.01011804384485665
video_test_0000698,124,0.5,accuracy,0.0017634783337674431
video_test_0000698,124,0.5,global_ece,-0.008630292224915542
video_test_0000698,124,0.5,mean_tfi,-1.069867036310178
video_test_0000698,124,0.5,mean_predicted_switches,-33.68571428571429
video_test_0000698,124,0.5,mean_transition_delay,0.5116357504215854
video_test_0000698,124,0.5,ptsm,0.0054787582555873016
video_test_0000698,124,0.5,missed_transition_rate,0.026981450252951067
video_test_0000701,481,0.25,accuracy,0.0011509342348984264
video_test_0000701,481,0.25,global_ece,-0.004290905228660158
video_test_0000701,481,0.25,mean_tfi,-0.5412781832944451
video_test_0000701,481,0.25,mean_predicted_switches,-16.819047619047623
video_test_0000701,481,0.25,mean_transition_delay,0.20307224848075656
video_test_0000701,481,0.25,ptsm,0.0011749694841222957
video_test_0000701,481,0.25,missed_transition_rate,0.010128291694800784
video_test_0000701,481,0.5,accuracy,0.0017683624963283906
video_test_0000701,481,0.5,global_ece,-0.008619444282933889
video_test_0000701,481,0.5,mean_tfi,-1.0698807791810638
video_test_0000701,481,0.5,mean_predicted_switches,-33.68571428571429
video_test_0000701,481,0.5,mean_transition_delay,0.5118163403106006
video_test_0000701,481,0.5,ptsm,0.005486061418847832
video_test_0000701,481,0.5,missed_transition_rate,0.027008777852802146
video_test_0000714,1342,0.25,accuracy,0.0011569170114880123
video_test_0000714,1342,0.25,global_ece,-0.004299887215980028
video_test_0000714,1342,0.25,mean_tfi,-0.5391528532298793
video_test_0000714,1342,0.25,mean_predicted_switches,-16.77619047619048
video_test_0000714,1342,0.25,mean_transition_delay,0.20256583389601612
video_test_0000714,1342,0.25,ptsm,0.0011731298651144473
video_test_0000714,1342,0.25,missed_transition_rate,0.010128291694800784
video_test_0000714,1342,0.5,accuracy,0.0017549078823609898
video_test_0000714,1342,0.5,global_ece,-0.008619874473618061
video_test_0000714,1342,0.5,mean_tfi,-1.0637630524959096
video_test_0000714,1342,0.5,mean_predicted_switches,-33.576190476190476
video_test_0000714,1342,0.5,mean_transition_delay,0.5116475354490211
video_test_0000714,1342,0.5,ptsm,0.005481359055911128
video_test_0000714,1342,0.5,missed_transition_rate,0.027008777852802146
video_test_0000716,5022,0.25,accuracy,0.0012002394401718908
video_test_0000716,5022,0.25,global_ece,-0.004317961797645278
video_test_0000716,5022,0.25,mean_tfi,-0.541110543722831
video_test_0000716,5022,0.25,mean_predicted_switches,-16.647619047619045
video_test_0000716,5022,0.25,mean_transition_delay,0.19872958257713247
video_test_0000716,5022,0.25,ptsm,0.0012665391273588567
video_test_0000716,5022,0.25,missed_transition_rate,0.009618874773139774
video_test_0000716,5022,0.5,accuracy,0.0018960744573854882
video_test_0000716,5022,0.5,global_ece,-0.008681058946143447
video_test_0000716,5022,0.5,mean_tfi,-1.0694946060369586
video_test_0000716,5022,0.5,mean_predicted_switches,-33.30476190476191
video_test_0000716,5022,0.5,mean_transition_delay,0.5036297640653364
video_test_0000716,5022,0.5,ptsm,0.005701720246913983
video_test_0000716,5022,0.5,missed_transition_rate,0.025952813067150637
video_test_0000718,301,0.25,accuracy,0.001144322423327404
video_test_0000718,301,0.25,global_ece,-0.004281999505304307
video_test_0000718,301,0.25,mean_tfi,-0.5412750042756564
video_test_0000718,301,0.25,mean_predicted_switches,-16.819047619047623
video_test_0000718,301,0.25,mean_transition_delay,0.20293522267206487
video_test_0000718,301,0.25,ptsm,0.001171190125180438
video_test_0000718,301,0.25,missed_transition_rate,0.010121457489878527
video_test_0000718,301,0.5,accuracy,0.0017404485024953287
video_test_0000718,301,0.5,global_ece,-0.008600937182189072
video_test_0000718,301,0.5,mean_tfi,-1.0651008358462521
video_test_0000718,301,0.5,mean_predicted_switches,-33.63809523809524
video_test_0000718,301,0.5,mean_transition_delay,0.5118083670715246
video_test_0000718,301,0.5,ptsm,0.005476878440144717
video_test_0000718,301,0.5,missed_transition_rate,0.026990553306342757
video_test_0000723,1693,0.25,accuracy,0.0011400896429323293
video_test_0000723,1693,0.25,global_ece,-0.0043005128937758375
video_test_0000723,1693,0.25,mean_tfi,-0.5388197198057001
video_test_0000723,1693,0.25,mean_predicted_switches,-16.685714285714283
video_test_0000723,1693,0.25,mean_transition_delay,0.20291822192059694
video_test_0000723,1693,0.25,ptsm,0.0011694085742625926
video_test_0000723,1693,0.25,missed_transition_rate,0.010010179843909062
video_test_0000723,1693,0.5,accuracy,0.0017447282134585018
video_test_0000723,1693,0.5,global_ece,-0.008644815621409424
video_test_0000723,1693,0.5,mean_tfi,-1.0648037288009018
video_test_0000723,1693,0.5,mean_predicted_switches,-33.423809523809524
video_test_0000723,1693,0.5,mean_transition_delay,0.513233797081778
video_test_0000723,1693,0.5,ptsm,0.00547794479292027
video_test_0000723,1693,0.5,missed_transition_rate,0.02697658635900918
video_test_0000724,1084,0.25,accuracy,0.0011440101609720976
video_test_0000724,1084,0.25,global_ece,-0.00427740208747486
video_test_0000724,1084,0.25,mean_tfi,-0.540336231139293
video_test_0000724,1084,0.25,mean_predicted_switches,-16.72380952380952
video_test_0000724,1084,0.25,mean_transition_delay,0.20418225093505615
video_test_0000724,1084,0.25,ptsm,0.001210291026519511
video_test_0000724,1084,0.25,missed_transition_rate,0.010200612036722179
video_test_0000724,1084,0.5,accuracy,0.00175054573188127
video_test_0000724,1084,0.5,global_ece,-0.00857768581532499
video_test_0000724,1084,0.5,mean_tfi,-1.0683907442532314
video_test_0000724,1084,0.5,mean_predicted_switches,-33.53333333333333
video_test_0000724,1084,0.5,mean_transition_delay,0.5122407344440667
video_test_0000724,1084,0.5,ptsm,0.005553820073887772
video_test_0000724,1084,0.5,missed_transition_rate,0.027201632097925865
video_test_0000730,794,0.25,accuracy,0.0011550150151952154
video_test_0000730,794,0.25,global_ece,-0.004291310843443419
video_test_0000730,794,0.25,mean_tfi,-0.5402387323581457
video_test_0000730,794,0.25,mean_predicted_switches,-16.771428571428572
video_test_0000730,794,0.25,mean_transition_delay,0.202368866328257
video_test_0000730,794,0.25,ptsm,0.0011676742646853921
video_test_0000730,794,0.25,missed_transition_rate,0.010152284263959366
video_test_0000730,794,0.5,accuracy,0.0017610228932976035
video_test_0000730,794,0.5,global_ece,-0.008612151742799196
video_test_0000730,794,0.5,mean_tfi,-1.0681532841921206
video_test_0000730,794,0.5,mean_predicted_switches,-33.60952380952381
video_test_0000730,794,0.5,mean_transition_delay,0.5138747884940775
video_test_0000730,794,0.5,ptsm,0.005453518136303348
video_test_0000730,794,0.5,missed_transition_rate,0.027241962774957718
video_test_0000737,1104,0.25,accuracy,0.0011620958563925976
video_test_0000737,1104,0.25,global_ece,-0.004304855221604759
video_test_0000737,1104,0.25,mean_tfi,-0.5413041562718428
video_test_0000737,1104,0.25,mean_predicted_switches,-16.819047619047623
video_test_0000737,1104,0.25,mean_transition_delay,0.20266621667229145
video_test_0000737,1104,0.25,ptsm,0.0011677793377517787
video_test_0000737,1104,0.25,missed_transition_rate,0.010124873439082027
video_test_0000737,1104,0.5,accuracy,0.0017746735171266792
video_test_0000737,1104,0.5,global_ece,-0.008647940193202766
video_test_0000737,1104,0.5,mean_tfi,-1.0678371512963005
video_test_0000737,1104,0.5,mean_predicted_switches,-33.66666666666667
video_test_0000737,1104,0.5,mean_transition_delay,0.511306108673641
video_test_0000737,1104,0.5,ptsm,0.005460978804898098
video_test_0000737,1104,0.5,missed_transition_rate,0.026999662504218702
video_test_0000740,3082,0.25,accuracy,0.0011781018061206572
video_test_0000740,3082,0.25,global_ece,-0.004331334492949465
video_test_0000740,3082,0.25,mean_tfi,-0.5381976609923798
video_test_0000740,3082,0.25,mean_predicted_switches,-16.75238095238096
video_test_0000740,3082,0.25,mean_transition_delay,0.20300624894443509
video_test_0000740,3082,0.25,ptsm,0.0011873540631365254
video_test_0000740,3082,0.25,missed_transition_rate,0.010133423408208109
video_test_0000740,3082,0.5,accuracy,0.0018034019955232017
video_test_0000740,3082,0.5,global_ece,-0.008684030767875661
video_test_0000740,3082,0.5,mean_tfi,-1.0631541906432798
video_test_0000740,3082,0.5,mean_predicted_switches,-33.54285714285715
video_test_0000740,3082,0.5,mean_transition_delay,0.5122445532849182
video_test_0000740,3082,0.5,ptsm,0.0055225128236509324
video_test_0000740,3082,0.5,missed_transition_rate,0.027022462421888216
video_test_0000756,266,0.25,accuracy,0.001153188341116107
video_test_0000756,266,0.25,global_ece,-0.004286565973972131
video_test_0000756,266,0.25,mean_tfi,-0.5401787280613735
video_test_0000756,266,0.25,mean_predicted_switches,-16.799999999999997
video_test_0000756,266,0.25,mean_transition_delay,0.20334685598377256
video_test_0000756,266,0.25,ptsm,0.0011690192545416034
video_test_0000756,266,0.25,missed_transition_rate,0.010141987829614618
video_test_0000756,266,0.5,accuracy,0.001755242514010491
video_test_0000756,266,0.5,global_ece,-0.00865961932207511
video_test_0000756,266,0.5,mean_tfi,-1.067391852314353
video_test_0000756,266,0.5,mean_predicted_switches,-33.63333333333333
video_test_0000756,266,0.5,mean_transition_delay,0.5131845841784992
video_test_0000756,266,0.5,ptsm,0.005475257620295548
video_test_0000756,266,0.5,missed_transition_rate,0.027045300878972278
video_test_0000762,994,0.25,accuracy,0.00113769740851144
video_test_0000762,994,0.25,global_ece,-0.004295072714406781
video_test_0000762,994,0.25,mean_tfi,-0.5398993752542349
video_test_0000762,994,0.25,mean_predicted_switches,-16.77619047619048
video_test_0000762,994,0.25,mean_transition_delay,0.20280784844384314
video_test_0000762,994,0.25,ptsm,0.0011777992331502563
video_test_0000762,994,0.25,missed_transition_rate,0.010148849797023018
video_test_0000762,994,0.5,accuracy,0.0017440691143670861
video_test_0000762,994,0.5,global_ece,-0.008627422813050636
video_test_0000762,994,0.5,mean_tfi,-1.0670859897876481
video_test_0000762,994,0.5,mean_predicted_switches,-33.58571428571429
video_test_0000762,994,0.5,mean_transition_delay,0.5113328822733427
video_test_0000762,994,0.5,ptsm,0.005480554402304522
video_test_0000762,994,0.5,missed_transition_rate,0.027063599458727994
video_test_0000765,875,0.25,accuracy,0.0011162857691568995
video_test_0000765,875,0.25,global_ece,-0.004306054519698982
video_test_0000765,875,0.25,mean_tfi,-0.5358776294602059
video_test_0000765,875,0.25,mean_predicted_switches,-16.67619047619047
video_test_0000765,875,0.25,mean_transition_delay,0.20327813450490062
video_test_0000765,875,0.25,ptsm,0.0011847776162632329
video_test_0000765,875,0.25,missed_transition_rate,0.010138560324433943
video_test_0000765,875,0.5,accuracy,0.001686431726522053
video_test_0000765,875,0.5,global_ece,-0.008640731462314075
video_test_0000765,875,0.5,mean_tfi,-1.0612272975595527
video_test_0000765,875,0.5,mean_predicted_switches,-33.45238095238095
video_test_0000765,875,0.5,mean_transition_delay,0.5123352483947281
video_test_0000765,875,0.5,ptsm,0.005511321785375223
video_test_0000765,875,0.5,missed_transition_rate,0.027036160865157144
video_test_0000767,576,0.25,accuracy,0.0011542601192635615
video_test_0000767,576,0.25,global_ece,-0.004285444471540334
video_test_0000767,576,0.25,mean_tfi,-0.536470419388404
video_test_0000767,576,0.25,mean_predicted_switches,-16.7904761904762
video_test_0000767,576,0.25,mean_transition_delay,0.20286677908937634
video_test_0000767,576,0.25,ptsm,0.0011756532983175083
video_test_0000767,576,0.25,missed_transition_rate,0.01011804384485665
video_test_0000767,576,0.5,accuracy,0.001747879609170555
video_test_0000767,576,0.5,global_ece,-0.008615568269012885
video_test_0000767,576,0.5,mean_tfi,-1.0602861669253867
video_test_0000767,576,0.5,mean_predicted_switches,-33.62857142857143
video_test_0000767,576,0.5,mean_transition_delay,0.5116357504215854
video_test_0000767,576,0.5,ptsm,0.00548355032143813
video_test_0000767,576,0.5,missed_transition_rate,0.026981450252951122
video_test_0000771,1670,0.25,accuracy,0.001158058432319753
video_test_0000771,1670,0.25,global_ece,-0.004327225733282022
video_test_0000771,1670,0.25,mean_tfi,-0.5402598510140031
video_test_0000771,1670,0.25,mean_predicted_switches,-16.771428571428572
video_test_0000771,1670,0.25,mean_transition_delay,0.20355329949238588
video_test_0000771,1670,0.25,ptsm,0.0011694121641358524
video_test_0000771,1670,0.25,missed_transition_rate,0.010152284263959421
video_test_0000771,1670,0.5,accuracy,0.0017716790042501263
video_test_0000771,1670,0.5,global_ece,-0.008669453619845974
video_test_0000771,1670,0.5,mean_tfi,-1.0678022475285578
video_test_0000771,1670,0.5,mean_predicted_switches,-33.590476190476195
video_test_0000771,1670,0.5,mean_transition_delay,0.5133671742808792
video_test_0000771,1670,0.5,ptsm,0.005474520010850997
video_test_0000771,1670,0.5,missed_transition_rate,0.02707275803722503
video_test_0000785,655,0.25,accuracy,0.001118548106564865
video_test_0000785,655,0.25,global_ece,-0.004249100962257668
video_test_0000785,655,0.25,mean_tfi,-0.5337134714469354
video_test_0000785,655,0.25,mean_predicted_switches,-16.752380952380946
video_test_0000785,655,0.25,mean_transition_delay,0.20276653171390002
video_test_0000785,655,0.25,ptsm,0.0011678174169117983
video_test_0000785,655,0.25,missed_transition_rate,0.010121457489878583
video_test_0000785,655,0.5,accuracy,0.0017332997469021727
video_test_0000785,655,0.5,global_ece,-0.008587864099472181
video_test_0000785,655,0.5,mean_tfi,-1.0586287373412164
video_test_0000785,655,0.5,mean_predicted_switches,-33.580952380952375
video_test_0000785,655,0.5,mean_transition_delay,0.511133603238866
video_test_0000785,655,0.5,ptsm,0.005463501788392583
video_test_0000785,655,0.5,missed_transition_rate,0.026990553306342813
video_test_0000786,732,0.25,accuracy,0.001163798662831339
video_test_0000786,732,0.25,global_ece,-0.004278938799668119
video_test_0000786,732,0.25,mean_tfi,-0.5375514339141878
video_test_0000786,732,0.25,mean_predicted_switches,-16.719047619047615
video_test_0000786,732,0.25,mean_transition_delay,0.20290589626626065
video_test_0000786,732,0.25,ptsm,0.0011714038475346966
video_test_0000786,732,0.25,missed_transition_rate,0.010136847440446017
video_test_0000786,732,0.5,accuracy,0.001763694880785649
video_test_0000786,732,0.5,global_ece,-0.008602730979470258
video_test_0000786,732,0.5,mean_tfi,-1.0612792305347365
video_test_0000786,732,0.5,mean_predicted_switches,-33.48571428571428
video_test_0000786,732,0.5,mean_transition_delay,0.5105592160837977
video_test_0000786,732,0.5,ptsm,0.0054690017906173505
video_test_0000786,732,0.5,missed_transition_rate,0.026693698259841192
video_test_0000793,12534,0.25,accuracy,0.001103893478943574
video_test_0000793,12534,0.25,global_ece,-0.004255817692021477
video_test_0000793,12534,0.25,mean_tfi,-0.5384926112687012
video_test_0000793,12534,0.25,mean_predicted_switches,-16.109523809523807
video_test_0000793,12534,0.25,mean_transition_delay,0.19581749049429664
video_test_0000793,12534,0.25,ptsm,0.0011275771381468458
video_test_0000793,12534,0.25,missed_transition_rate,0.009332872450743213
video_test_0000793,12534,0.5,accuracy,0.001691600148014949
video_test_0000793,12534,0.5,global_ece,-0.008354531041068813
video_test_0000793,12534,0.5,mean_tfi,-1.0646968649471689
video_test_0000793,12534,0.5,mean_predicted_switches,-32.35714285714286
video_test_0000793,12534,0.5,mean_transition_delay,0.5046664362253708
video_test_0000793,12534,0.5,ptsm,0.005387523325707855
video_test_0000793,12534,0.5,missed_transition_rate,0.02592464569650882
video_test_0000796,951,0.25,accuracy,0.0011645636488060163
video_test_0000796,951,0.25,global_ece,-0.004300234460119137
video_test_0000796,951,0.25,mean_tfi,-0.5384551364562982
video_test_0000796,951,0.25,mean_predicted_switches,-16.695238095238096
video_test_0000796,951,0.25,mean_transition_delay,0.20179752416482977
video_test_0000796,951,0.25,ptsm,0.0011797896173046107
video_test_0000796,951,0.25,missed_transition_rate,0.010005087332541962
video_test_0000796,951,0.5,accuracy,0.001785864358349487
video_test_0000796,951,0.5,global_ece,-0.008650271594792716
video_test_0000796,951,0.5,mean_tfi,-1.0667691092946663
video_test_0000796,951,0.5,mean_predicted_switches,-33.542857142857144
video_test_0000796,951,0.5,mean_transition_delay,0.5097507207054432
video_test_0000796,951,0.5,ptsm,0.005487925641950858
video_test_0000796,951,0.5,missed_transition_rate,0.026793284721044586
video_test_0000798,812,0.25,accuracy,0.0011400763851177054
video_test_0000798,812,0.25,global_ece,-0.004278070278809637
video_test_0000798,812,0.25,mean_tfi,-0.5393006534821199
video_test_0000798,812,0.25,mean_predicted_switches,-16.77619047619048
video_test_0000798,812,0.25,mean_transition_delay,0.20317513933457132
video_test_0000798,812,0.25,ptsm,0.0011795357646859073
video_test_0000798,812,0.25,missed_transition_rate,0.010133423408208053
video_test_0000798,812,0.5,accuracy,0.0017311159847709368
video_test_0000798,812,0.5,global_ece,-0.008607409114404788
video_test_0000798,812,0.5,mean_tfi,-1.0670594337449375
video_test_0000798,812,0.5,mean_predicted_switches,-33.62380952380952
video_test_0000798,812,0.5,mean_transition_delay,0.5124134436750545
video_test_0000798,812,0.5,ptsm,0.005504372128628976
video_test_0000798,812,0.5,missed_transition_rate,0.02702246242188816
video_test_0000807,1191,0.25,accuracy,0.001156392296324693
video_test_0000807,1191,0.25,global_ece,-0.00429270363774821
video_test_0000807,1191,0.25,mean_tfi,-0.5406740186347774
video_test_0000807,1191,0.25,mean_predicted_switches,-16.780952380952385
video_test_0000807,1191,0.25,mean_transition_delay,0.2029820399864457
video_test_0000807,1191,0.25,ptsm,0.0011902448085540362
video_test_0000807,1191,0.25,missed_transition_rate,0.010166045408336155
video_test_0000807,1191,0.5,accuracy,0.0017781408816214261
video_test_0000807,1191,0.5,global_ece,-0.008623916491825867
video_test_0000807,1191,0.5,mean_tfi,-1.0677935759863588
video_test_0000807,1191,0.5,mean_predicted_switches,-33.56666666666667
video_test_0000807,1191,0.5,mean_transition_delay,0.5115215181294479
video_test_0000807,1191,0.5,ptsm,0.005528220690066199
video_test_0000807,1191,0.5,missed_transition_rate,0.027109454422229784
video_test_0000814,1355,0.25,accuracy,0.0011509520146167906
video_test_0000814,1355,0.25,global_ece,-0.004308939631841632
video_test_0000814,1355,0.25,mean_tfi,-0.5396153333551865
video_test_0000814,1355,0.25,mean_predicted_switches,-16.77619047619048
video_test_0000814,1355,0.25,mean_transition_delay,0.20300878972278547
video_test_0000814,1355,0.25,ptsm,0.0011668258544500765
video_test_0000814,1355,0.25,missed_transition_rate,0.010141987829614618
video_test_0000814,1355,0.5,accuracy,0.0017730070199057923
video_test_0000814,1355,0.5,global_ece,-0.008612656303879737
video_test_0000814,1355,0.5,mean_tfi,-1.0673664381877725
video_test_0000814,1355,0.5,mean_predicted_switches,-33.609523809523814
video_test_0000814,1355,0.5,mean_transition_delay,0.5111561866125758
video_test_0000814,1355,0.5,ptsm,0.005460634497297806
video_test_0000814,1355,0.5,missed_transition_rate,0.027045300878972278
video_test_0000839,2867,0.25,accuracy,0.00118639360494599
video_test_0000839,2867,0.25,global_ece,-0.0042544530276706904
video_test_0000839,2867,0.25,mean_tfi,-0.5404186130189244
video_test_0000839,2867,0.25,mean_predicted_switches,-16.714285714285722
video_test_0000839,2867,0.25,mean_transition_delay,0.20051194539249195
video_test_0000839,2867,0.25,ptsm,0.0011615519786216943
video_test_0000839,2867,0.25,missed_transition_rate,0.010238907849829337
video_test_0000839,2867,0.5,accuracy,0.0018354384524356115
video_test_0000839,2867,0.5,global_ece,-0.008686403567023465
video_test_0000839,2867,0.5,mean_tfi,-1.0675628534920045
video_test_0000839,2867,0.5,mean_predicted_switches,-33.40476190476191
video_test_0000839,2867,0.5,mean_transition_delay,0.5040955631399315
video_test_0000839,2867,0.5,ptsm,0.005443453556666311
video_test_0000839,2867,0.5,missed_transition_rate,0.026962457337883994
video_test_0000844,1267,0.25,accuracy,0.00115365202970652
video_test_0000844,1267,0.25,global_ece,-0.004304907334584218
video_test_0000844,1267,0.25,mean_tfi,-0.5322946750165811
video_test_0000844,1267,0.25,mean_predicted_switches,-16.65714285714286
video_test_0000844,1267,0.25,mean_transition_delay,0.20307224848075656
video_test_0000844,1267,0.25,ptsm,0.0011752917228528836
video_test_0000844,1267,0.25,missed_transition_rate,0.01012829169480084
video_test_0000844,1267,0.5,accuracy,0.0017995769942557027
video_test_0000844,1267,0.5,global_ece,-0.008665604838945323
video_test_0000844,1267,0.5,mean_tfi,-1.0552919267718706
video_test_0000844,1267,0.5,mean_predicted_switches,-33.41904761904762
video_test_0000844,1267,0.5,mean_transition_delay,0.5113099257258611
video_test_0000844,1267,0.5,ptsm,0.005488095249208319
video_test_0000844,1267,0.5,missed_transition_rate,0.0270087778528022
video_test_0000846,200,0.25,accuracy,0.0011559551154008973
video_test_0000846,200,0.25,global_ece,-0.0042947850134885945
video_test_0000846,200,0.25,mean_tfi,-0.5393005682293719
video_test_0000846,200,0.25,mean_predicted_switches,-16.799999999999997
video_test_0000846,200,0.25,mean_transition_delay,0.2028349645629426
video_test_0000846,200,0.25,ptsm,0.0011727183597984026
video_test_0000846,200,0.25,missed_transition_rate,0.010124873439081972
video_test_0000846,200,0.5,accuracy,0.0017578902920732942
video_test_0000846,200,0.5,global_ece,-0.008625669884318093
video_test_0000846,200,0.5,mean_tfi,-1.06521466622049
video_test_0000846,200,0.5,mean_predicted_switches,-33.63809523809524
video_test_0000846,200,0.5,mean_transition_delay,0.5116436044549442
video_test_0000846,200,0.5,ptsm,0.005477998798616018
video_test_0000846,200,0.5,missed_transition_rate,0.026999662504218647
video_test_0000847,1766,0.25,accuracy,0.0011463576816496124
video_test_0000847,1766,0.25,global_ece,-0.0043276031065603016
video_test_0000847,1766,0.25,mean_tfi,-0.538399812865713
video_test_0000847,1766,0.25,mean_predicted_switches,-16.7904761904762
video_test_0000847,1766,0.25,mean_transition_delay,0.20293522267206487
video_test_0000847,1766,0.25,ptsm,0.001173877487588848
video_test_0000847,1766,0.25,missed_transition_rate,0.010121457489878527
video_test_0000847,1766,0.5,accuracy,0.0017902436235734953
video_test_0000847,1766,0.5,global_ece,-0.008682783225773733
video_test_0000847,1766,0.5,mean_tfi,-1.055549760253024
video_test_0000847,1766,0.5,mean_predicted_switches,-33.542857142857144
video_test_0000847,1766,0.5,mean_transition_delay,0.5118083670715254
video_test_0000847,1766,0.5,ptsm,0.005482190443130391
video_test_0000847,1766,0.5,missed_transition_rate,0.026990553306342757
video_test_0000854,1700,0.25,accuracy,0.0011280807886336897
video_test_0000854,1700,0.25,global_ece,-0.004295843395335869
video_test_0000854,1700,0.25,mean_tfi,-0.5397518662522809
video_test_0000854,1700,0.25,mean_predicted_switches,-16.714285714285708
video_test_0000854,1700,0.25,mean_transition_delay,0.20352781546811372
video_test_0000854,1700,0.25,ptsm,0.0011895962203102017
video_test_0000854,1700,0.25,missed_transition_rate,0.010176390773405652
video_test_0000854,1700,0.5,accuracy,0.0017447649530868414
video_test_0000854,1700,0.5,global_ece,-0.008616801678010447
video_test_0000854,1700,0.5,mean_tfi,-1.0673576277547376
video_test_0000854,1700,0.5,mean_predicted_switches,-33.5
video_test_0000854,1700,0.5,mean_transition_delay,0.5118724559023065
video_test_0000854,1700,0.5,ptsm,0.0055254738610223675
video_test_0000854,1700,0.5,missed_transition_rate,0.026967435549525076
video_test_0000864,1462,0.25,accuracy,0.00116034040660018
video_test_0000864,1462,0.25,global_ece,-0.00427507811768571
video_test_0000864,1462,0.25,mean_tfi,-0.537762234720049
video_test_0000864,1462,0.25,mean_predicted_switches,-16.70476190476191
video_test_0000864,1462,0.25,mean_transition_delay,0.20267072346179926
video_test_0000864,1462,0.25,ptsm,0.0011742044175535038
video_test_0000864,1462,0.25,missed_transition_rate,0.010141987829614618
video_test_0000864,1462,0.5,accuracy,0.0017585469892773542
video_test_0000864,1462,0.5,global_ece,-0.008594951282512392
video_test_0000864,1462,0.5,mean_tfi,-1.064306765044189
video_test_0000864,1462,0.5,mean_predicted_switches,-33.50476190476191
video_test_0000864,1462,0.5,mean_transition_delay,0.5101419878296145
video_test_0000864,1462,0.5,ptsm,0.005478097205546928
video_test_0000864,1462,0.5,missed_transition_rate,0.02670723461798513
video_test_0000873,257,0.25,accuracy,0.0011381811864640268
video_test_0000873,257,0.25,global_ece,-0.004263639028146943
video_test_0000873,257,0.25,mean_tfi,-0.5324156122803752
video_test_0000873,257,0.25,mean_predicted_switches,-16.771428571428572
video_test_0000873,257,0.25,mean_transition_delay,0.20286677908937545
video_test_0000873,257,0.25,ptsm,0.0011778239562034443
video_test_0000873,257,0.25,missed_transition_rate,0.01011804384485665
video_test_0000873,257,0.5,accuracy,0.001737223916181918
video_test_0000873,257,0.5,global_ece,-0.00858044804139782
video_test_0000873,257,0.5,mean_tfi,-1.0578337785626342
video_test_0000873,257,0.5,mean_predicted_switches,-33.61904761904761
video_test_0000873,257,0.5,mean_transition_delay,0.5114671163575037
video_test_0000873,257,0.5,ptsm,0.005488350632463307
video_test_0000873,257,0.5,missed_transition_rate,0.026981450252951122
video_test_0000882,1859,0.25,accuracy,0.001161726819637332
video_test_0000882,1859,0.25,global_ece,-0.004304062282194168
video_test_0000882,1859,0.25,mean_tfi,-0.5401127691154359
video_test_0000882,1859,0.25,mean_predicted_switches,-16.738095238095227
video_test_0000882,1859,0.25,mean_transition_delay,0.20247793618465781
video_test_0000882,1859,0.25,ptsm,0.0011382671683158319
video_test_0000882,1859,0.25,missed_transition_rate,0.010183299389002032
video_test_0000882,1859,0.5,accuracy,0.0017847253990802558
video_test_0000882,1859,0.5,global_ece,-0.008646083053513984
video_test_0000882,1859,0.5,mean_tfi,-1.0670860373537105
video_test_0000882,1859,0.5,mean_predicted_switches,-33.528571428571425
video_test_0000882,1859,0.5,mean_transition_delay,0.5117107942973531
video_test_0000882,1859,0.5,ptsm,0.005386717121330903
video_test_0000882,1859,0.5,missed_transition_rate,0.02715546503733879
video_test_0000887,2894,0.25,accuracy,0.0011019566523462476
video_test_0000887,2894,0.25,global_ece,-0.004335249125026752
video_test_0000887,2894,0.25,mean_tfi,-0.5372297728602926
video_test_0000887,2894,0.25,mean_predicted_switches,-16.64761904761906
video_test_0000887,2894,0.25,mean_transition_delay,0.20345294515910606
video_test_0000887,2894,0.25,ptsm,0.001177311399281955
video_test_0000887,2894,0.25,missed_transition_rate,0.010155721056195
video_test_0000887,2894,0.5,accuracy,0.001720863813253093
video_test_0000887,2894,0.5,global_ece,-0.00868679708587039
video_test_0000887,2894,0.5,mean_tfi,-1.0618217562455878
video_test_0000887,2894,0.5,mean_predicted_switches,-33.36190476190477
video_test_0000887,2894,0.5,mean_transition_delay,0.5128639133378465
video_test_0000887,2894,0.5,ptsm,0.005490909691849705
video_test_0000887,2894,0.5,missed_transition_rate,0.02708192281652
video_test_0000896,1696,0.25,accuracy,0.0011761980825865104
video_test_0000896,1696,0.25,global_ece,-0.00430470214503581
video_test_0000896,1696,0.25,mean_tfi,-0.5381965955771042
video_test_0000896,1696,0.25,mean_predicted_switches,-16.742857142857147
video_test_0000896,1696,0.25,mean_transition_delay,0.2026022304832722
video_test_0000896,1696,0.25,ptsm,0.0011729648717143104
video_test_0000896,1696,0.25,missed_transition_rate,0.010138560324433887
video_test_0000896,1696,0.5,accuracy,0.001795883005893062
video_test_0000896,1696,0.5,global_ece,-0.008656323588195486
video_test_0000896,1696,0.5,mean_tfi,-1.0649332199884944
video_test_0000896,1696,0.5,mean_predicted_switches,-33.55238095238096
video_test_0000896,1696,0.5,mean_transition_delay,0.5106454883406562
video_test_0000896,1696,0.5,ptsm,0.005469264327954776
video_test_0000896,1696,0.5,missed_transition_rate,0.02686718485974987
video_test_0000897,897,0.25,accuracy,0.0011313642993043826
video_test_0000897,897,0.25,global_ece,-0.004284972906251322
video_test_0000897,897,0.25,mean_tfi,-0.538427919238575
video_test_0000897,897,0.25,mean_predicted_switches,-16.74761904761904
video_test_0000897,897,0.25,mean_transition_delay,0.20327813450490062
video_test_0000897,897,0.25,ptsm,0.0011721920581621859
video_test_0000897,897,0.25,missed_transition_rate,0.010138560324433943
video_test_0000897,897,0.5,accuracy,0.0017315575615348688
video_test_0000897,897,0.5,global_ece,-0.008634143719583612
video_test_0000897,897,0.5,mean_tfi,-1.0663591737063538
video_test_0000897,897,0.5,mean_predicted_switches,-33.599999999999994
video_test_0000897,897,0.5,mean_transition_delay,0.5123352483947281
video_test_0000897,897,0.5,ptsm,0.005479877212817508
video_test_0000897,897,0.5,missed_transition_rate,0.027036160865157144
video_test_0000903,2360,0.25,accuracy,0.0011966373585963197
video_test_0000903,2360,0.25,global_ece,-0.004320876586754424
video_test_0000903,2360,0.25,mean_tfi,-0.5409855678503139
video_test_0000903,2360,0.25,mean_predicted_switches,-16.742857142857133
video_test_0000903,2360,0.25,mean_transition_delay,0.2024179620034543
video_test_0000903,2360,0.25,ptsm,0.0012175130220007657
video_test_0000903,2360,0.25,missed_transition_rate,0.010189982728842806
video_test_0000903,2360,0.5,accuracy,0.001802491537633788
video_test_0000903,2360,0.5,global_ece,-0.00864427124792047
video_test_0000903,2360,0.5,mean_tfi,-1.0691045908023367
video_test_0000903,2360,0.5,mean_predicted_switches,-33.48571428571428
video_test_0000903,2360,0.5,mean_transition_delay,0.5126079447322978
video_test_0000903,2360,0.5,ptsm,0.005561686753419143
video_test_0000903,2360,0.5,missed_transition_rate,0.027288428324697744
video_test_0000940,695,0.25,accuracy,0.0011426754801635575
video_test_0000940,695,0.25,global_ece,-0.004278838393234535
video_test_0000940,695,0.25,mean_tfi,-0.5395444622162038
video_test_0000940,695,0.25,mean_predicted_switches,-16.785714285714292
video_test_0000940,695,0.25,mean_transition_delay,0.2029719689294156
video_test_0000940,695,0.25,ptsm,0.0011746719394385707
video_test_0000940,695,0.25,missed_transition_rate,0.010131712259371817
video_test_0000940,695,0.5,accuracy,0.0017455042767853257
video_test_0000940,695,0.5,global_ece,-0.00863111815480487
video_test_0000940,695,0.5,mean_tfi,-1.06373187492887
video_test_0000940,695,0.5,mean_predicted_switches,-33.56190476190476
video_test_0000940,695,0.5,mean_transition_delay,0.5099628503883826
video_test_0000940,695,0.5,ptsm,0.005486292950678651
video_test_0000940,695,0.5,missed_transition_rate,0.02684903748733536
video_test_0000946,205,0.25,accuracy,0.0011529776771542766
video_test_0000946,205,0.25,global_ece,-0.004291363359261738
video_test_0000946,205,0.25,mean_tfi,-0.5412893840112907
video_test_0000946,205,0.25,mean_predicted_switches,-16.814285714285717
video_test_0000946,205,0.25,mean_transition_delay,0.2020917678812415
video_test_0000946,205,0.25,ptsm,0.0011710620681555095
video_test_0000946,205,0.25,missed_transition_rate,0.010121457489878527
video_test_0000946,205,0.5,accuracy,0.001766900855898812
video_test_0000946,205,0.5,global_ece,-0.008630277326154526
video_test_0000946,205,0.5,mean_tfi,-1.0698745059647061
video_test_0000946,205,0.5,mean_predicted_switches,-33.680952380952384
video_test_0000946,205,0.5,mean_transition_delay,0.5109649122807021
video_test_0000946,205,0.5,ptsm,0.00547464575851056
video_test_0000946,205,0.5,missed_transition_rate,0.026990553306342757
video_test_0000950,8217,0.25,accuracy,0.001104612986566722
video_test_0000950,8217,0.25,global_ece,-0.004172568659201847
video_test_0000950,8217,0.25,mean_tfi,-0.5379140796821131
video_test_0000950,8217,0.25,mean_predicted_switches,-16.376190476190473
video_test_0000950,8217,0.25,mean_transition_delay,0.20095693779904344
video_test_0000950,8217,0.25,ptsm,0.001139696046621147
video_test_0000950,8217,0.25,missed_transition_rate,0.010082023239918025
video_test_0000950,8217,0.5,accuracy,0.0016477143716285836
video_test_0000950,8217,0.5,global_ece,-0.00842977545374235
video_test_0000950,8217,0.5,mean_tfi,-1.0622143062241858
video_test_0000950,8217,0.5,mean_predicted_switches,-32.69047619047619
video_test_0000950,8217,0.5,mean_transition_delay,0.5056390977443614
video_test_0000950,8217,0.5,ptsm,0.005364975415028367
video_test_0000950,8217,0.5,missed_transition_rate,0.02665755297334249
video_test_0000964,471,0.25,accuracy,0.0011389112008920454
video_test_0000964,471,0.25,global_ece,-0.004276867801084036
video_test_0000964,471,0.25,mean_tfi,-0.5385484362165438
video_test_0000964,471,0.25,mean_predicted_switches,-16.78095238095237
video_test_0000964,471,0.25,mean_transition_delay,0.2030037124535946
video_test_0000964,471,0.25,ptsm,0.0011791604911863263
video_test_0000964,471,0.25,missed_transition_rate,0.010124873439081972
video_test_0000964,471,0.5,accuracy,0.0017503266876865986
video_test_0000964,471,0.5,global_ece,-0.00863418426711994
video_test_0000964,471,0.5,mean_tfi,-1.0664399802934947
video_test_0000964,471,0.5,mean_predicted_switches,-33.647619047619045
video_test_0000964,471,0.5,mean_transition_delay,0.5116436044549442
video_test_0000964,471,0.5,ptsm,0.0054964351805196765
video_test_0000964,471,0.5,missed_transition_rate,0.026999662504218647
video_test_0000981,206,0.25,accuracy,0.0011410021053136488
video_test_0000981,206,0.25,global_ece,-0.004290055413787325
video_test_0000981,206,0.25,mean_tfi,-0.5373800869591361
video_test_0000981,206,0.25,mean_predicted_switches,-16.799999999999997
video_test_0000981,206,0.25,mean_transition_delay,0.20293522267206487
video_test_0000981,206,0.25,ptsm,0.001176020449747045
video_test_0000981,206,0.25,missed_transition_rate,0.010121457489878527
video_test_0000981,206,0.5,accuracy,0.0017399533416987412
video_test_0000981,206,0.5,global_ece,-0.008639989367863282
video_test_0000981,206,0.5,mean_tfi,-1.0630966281469125
video_test_0000981,206,0.5,mean_predicted_switches,-33.65238095238096
video_test_0000981,206,0.5,mean_transition_delay,0.5118083670715246
video_test_0000981,206,0.5,ptsm,0.005489691822528203
video_test_0000981,206,0.5,missed_transition_rate,0.026990553306342757
video_test_0000987,1382,0.25,accuracy,0.001154050748179536
video_test_0000987,1382,0.25,global_ece,-0.004274452135136095
video_test_0000987,1382,0.25,mean_tfi,-0.5383364573441893
video_test_0000987,1382,0.25,mean_predicted_switches,-16.76190476190476
video_test_0000987,1382,0.25,mean_transition_delay,0.20118243243243228
video_test_0000987,1382,0.25,ptsm,0.0011691134115422719
video_test_0000987,1382,0.25,missed_transition_rate,0.010135135135135143
video_test_0000987,1382,0.5,accuracy,0.0017370868032494657
video_test_0000987,1382,0.5,global_ece,-0.008622843681965656
video_test_0000987,1382,0.5,mean_tfi,-1.0606633160132686
video_test_0000987,1382,0.5,mean_predicted_switches,-33.52857142857143
video_test_0000987,1382,0.5,mean_transition_delay,0.5108108108108107
video_test_0000987,1382,0.5,ptsm,0.0054674803974204544
video_test_0000987,1382,0.5,missed_transition_rate,0.02702702702702703
video_test_0000989,1448,0.25,accuracy,0.0011602915758622823
video_test_0000989,1448,0.25,global_ece,-0.0043028004274261455
video_test_0000989,1448,0.25,mean_tfi,-0.541188559475299
video_test_0000989,1448,0.25,mean_predicted_switches,-16.80952380952381
video_test_0000989,1448,0.25,mean_transition_delay,0.20397418478260843
video_test_0000989,1448,0.25,ptsm,0.0011752446262749405
video_test_0000989,1448,0.25,missed_transition_rate,0.01019021739130438
video_test_0000989,1448,0.5,accuracy,0.0017765086044938538
video_test_0000989,1448,0.5,global_ece,-0.008646016707136467
video_test_0000989,1448,0.5,mean_tfi,-1.0689036320517786
video_test_0000989,1448,0.5,mean_predicted_switches,-33.58095238095238
video_test_0000989,1448,0.5,mean_transition_delay,0.5100203804347823
video_test_0000989,1448,0.5,ptsm,0.005486096140250113
video_test_0000989,1448,0.5,missed_transition_rate,0.026494565217391353
video_test_0000991,613,0.25,accuracy,0.0011483913525831557
video_test_0000991,613,0.25,global_ece,-0.00428643535305695
video_test_0000991,613,0.25,mean_tfi,-0.5390401033096288
video_test_0000991,613,0.25,mean_predicted_switches,-16.75238095238096
video_test_0000991,613,0.25,mean_transition_delay,0.20433017591339642
video_test_0000991,613,0.25,ptsm,0.0011740173130119214
video_test_0000991,613,0.25,missed_transition_rate,0.010148849797023018
video_test_0000991,613,0.5,accuracy,0.0017510719318760692
video_test_0000991,613,0.5,global_ece,-0.008625608302465892
video_test_0000991,613,0.5,mean_tfi,-1.0651168194540184
video_test_0000991,613,0.5,mean_predicted_switches,-33.53333333333334
video_test_0000991,613,0.5,mean_transition_delay,0.5142083897158329
video_test_0000991,613,0.5,ptsm,0.005489479780272616
video_test_0000991,613,0.5,missed_transition_rate,0.027063599458727994
video_test_0001008,743,0.25,accuracy,0.0011698362229288772
video_test_0001008,743,0.25,global_ece,-0.0043016312568401605
video_test_0001008,743,0.25,mean_tfi,-0.539393279360084
video_test_0001008,743,0.25,mean_predicted_switches,-16.747619047619054
video_test_0001008,743,0.25,mean_transition_delay,0.20162381596752343
video_test_0001008,743,0.25,ptsm,0.0011858388479495663
video_test_0001008,743,0.25,missed_transition_rate,0.009979702300405957
video_test_0001008,743,0.5,accuracy,0.0017997480352750506
video_test_0001008,743,0.5,global_ece,-0.008638310788178394
video_test_0001008,743,0.5,mean_tfi,-1.0679965208173232
video_test_0001008,743,0.5,mean_predicted_switches,-33.61428571428572
video_test_0001008,743,0.5,mean_transition_delay,0.5106562922868747
video_test_0001008,743,0.5,ptsm,0.005499717255464526
video_test_0001008,743,0.5,missed_transition_rate,0.026725304465493926
video_test_0001038,905,0.25,accuracy,0.0011584008066790608
video_test_0001038,905,0.25,global_ece,-0.00430371593849499
video_test_0001038,905,0.25,mean_tfi,-0.5403370030589101
video_test_0001038,905,0.25,mean_predicted_switches,-16.80952380952381
video_test_0001038,905,0.25,mean_transition_delay,0.20276653171390002
video_test_0001038,905,0.25,ptsm,0.0011710301415784052
video_test_0001038,905,0.25,missed_transition_rate,0.009952766531713897
video_test_0001038,905,0.5,accuracy,0.00177361367032991
video_test_0001038,905,0.5,global_ece,-0.008626021159772485
video_test_0001038,905,0.5,mean_tfi,-1.0654226643881264
video_test_0001038,905,0.5,mean_predicted_switches,-33.65238095238095
video_test_0001038,905,0.5,mean_transition_delay,0.5114709851551957
video_test_0001038,905,0.5,ptsm,0.005471210469263743
video_test_0001038,905,0.5,missed_transition_rate,0.026821862348178127
video_test_0001039,1757,0.25,accuracy,0.0011523441025856895
video_test_0001039,1757,0.25,global_ece,-0.004250284814518737
video_test_0001039,1757,0.25,mean_tfi,-0.5394963739587246
video_test_0001039,1757,0.25,mean_predicted_switches,-16.67619047619047
video_test_0001039,1757,0.25,mean_transition_delay,0.20282216933015995
video_test_0001039,1757,0.25,ptsm,0.001197266910601319
video_test_0001039,1757,0.25,missed_transition_rate,0.010200612036722179
video_test_0001039,1757,0.5,accuracy,0.00179621260899121
video_test_0001039,1757,0.5,global_ece,-0.008576524086794074
video_test_0001039,1757,0.5,mean_tfi,-1.066225791970466
video_test_0001039,1757,0.5,mean_predicted_switches,-33.38095238095238
video_test_0001039,1757,0.5,mean_transition_delay,0.5090105406324383
video_test_0001039,1757,0.5,ptsm,0.005513063366709425
video_test_0001039,1757,0.5,missed_transition_rate,0.027201632097925865
video_test_0001040,1323,0.25,accuracy,0.0011087740384615463
video_test_0001040,1323,0.25,global_ece,-0.004267856834296729
video_test_0001040,1323,0.25,mean_tfi,-0.5393352941074929
video_test_0001040,1323,0.25,mean_predicted_switches,-16.695238095238096
video_test_0001040,1323,0.25,mean_transition_delay,0.2015254237288131
video_test_0001040,1323,0.25,ptsm,0.0011608775449609143
video_test_0001040,1323,0.25,missed_transition_rate,0.010000000000000009
video_test_0001040,1323,0.5,accuracy,0.0017277644230768718
video_test_0001040,1323,0.5,global_ece,-0.008554341242834385
video_test_0001040,1323,0.5,mean_tfi,-1.0661997265277605
video_test_0001040,1323,0.5,mean_predicted_switches,-33.45238095238095
video_test_0001040,1323,0.5,mean_transition_delay,0.5089830508474575
video_test_0001040,1323,0.5,ptsm,0.005438364498035364
video_test_0001040,1323,0.5,missed_transition_rate,0.026949152542372845
video_test_0001058,6033,0.25,accuracy,0.0010820201773903415
video_test_0001058,6033,0.25,global_ece,-0.004282896022656232
video_test_0001058,6033,0.25,mean_tfi,-0.5383646471108321
video_test_0001058,6033,0.25,mean_predicted_switches,-16.47619047619048
video_test_0001058,6033,0.25,mean_transition_delay,0.20372904550119753
video_test_0001058,6033,0.25,ptsm,0.0011318554764141453
video_test_0001058,6033,0.25,missed_transition_rate,0.010263427984946949
video_test_0001058,6033,0.5,accuracy,0.001603218629034675
video_test_0001058,6033,0.5,global_ece,-0.00860548114348493
video_test_0001058,6033,0.5,mean_tfi,-1.0637484365233885
video_test_0001058,6033,0.5,mean_predicted_switches,-32.96666666666667
video_test_0001058,6033,0.5,mean_transition_delay,0.5130003421142657
video_test_0001058,6033,0.5,ptsm,0.005378921309667245
video_test_0001058,6033,0.5,missed_transition_rate,0.027369141293191956
video_test_0001064,2065,0.25,accuracy,0.0011564244800607026
video_test_0001064,2065,0.25,global_ece,-0.004297612472313778
video_test_0001064,2065,0.25,mean_tfi,-0.5410197020014889
video_test_0001064,2065,0.25,mean_predicted_switches,-16.75238095238096
video_test_0001064,2065,0.25,mean_transition_delay,0.20171526586620914
video_test_0001064,2065,0.25,ptsm,0.001173892501715651
video_test_0001064,2065,0.25,missed_transition_rate,0.009948542024013685
video_test_0001064,2065,0.5,accuracy,0.0018129362942618243
video_test_0001064,2065,0.5,global_ece,-0.008635025620881143
video_test_0001064,2065,0.5,mean_tfi,-1.0689625208472195
video_test_0001064,2065,0.5,mean_predicted_switches,-33.50476190476191
video_test_0001064,2065,0.5,mean_transition_delay,0.5108061749571187
video_test_0001064,2065,0.5,ptsm,0.005491910924458887
video_test_0001064,2065,0.5,missed_transition_rate,0.02658662092624353
video_test_0001066,1139,0.25,accuracy,0.0011351896787833438
video_test_0001066,1139,0.25,global_ece,-0.00422126084660325
video_test_0001066,1139,0.25,mean_tfi,-0.5330715761780986
video_test_0001066,1139,0.25,mean_predicted_switches,-16.66190476190475
video_test_0001066,1139,0.25,mean_transition_delay,0.20304054054054088
video_test_0001066,1139,0.25,ptsm,0.001177488131473975
video_test_0001066,1139,0.25,missed_transition_rate,0.010135135135135143
video_test_0001066,1139,0.5,accuracy,0.0017208034019652318
video_test_0001066,1139,0.5,global_ece,-0.008549036679265362
video_test_0001066,1139,0.5,mean_tfi,-1.0551403675888533
video_test_0001066,1139,0.5,mean_predicted_switches,-33.4047619047619
video_test_0001066,1139,0.5,mean_transition_delay,0.5079391891891891
video_test_0001066,1139,0.5,ptsm,0.005491906166473354
video_test_0001066,1139,0.5,missed_transition_rate,0.026858108108108125
video_test_0001072,2133,0.25,accuracy,0.0011446127895419211
video_test_0001072,2133,0.25,global_ece,-0.0043037241518908
video_test_0001072,2133,0.25,mean_tfi,-0.5357042321635808
video_test_0001072,2133,0.25,mean_predicted_switches,-16.671428571428564
video_test_0001072,2133,0.25,mean_transition_delay,0.20283975659229192
video_test_0001072,2133,0.25,ptsm,0.0011591195320768133
video_test_0001072,2133,0.25,missed_transition_rate,0.010141987829614618
video_test_0001072,2133,0.5,accuracy,0.0017108949064731371
video_test_0001072,2133,0.5,global_ece,-0.008658074365021876
video_test_0001072,2133,0.5,mean_tfi,-1.0614901313173548
video_test_0001072,2133,0.5,mean_predicted_switches,-33.46666666666667
video_test_0001072,2133,0.5,mean_transition_delay,0.5116632860040564
video_test_0001072,2133,0.5,ptsm,0.0054416325799354626
video_test_0001072,2133,0.5,missed_transition_rate,0.027045300878972278
video_test_0001075,1581,0.25,accuracy,0.0011667699117705599
video_test_0001075,1581,0.25,global_ece,-0.004327226379645735
video_test_0001075,1581,0.25,mean_tfi,-0.5410394116783661
video_test_0001075,1581,0.25,mean_predicted_switches,-16.780952380952385
video_test_0001075,1581,0.25,mean_transition_delay,0.2054911323328783
video_test_0001075,1581,0.25,ptsm,0.0011620206298255942
video_test_0001075,1581,0.25,missed_transition_rate,0.010061391541609788
video_test_0001075,1581,0.5,accuracy,0.0017982690908215915
video_test_0001075,1581,0.5,global_ece,-0.00868878999358648
video_test_0001075,1581,0.5,mean_tfi,-1.0695189665444829
video_test_0001075,1581,0.5,mean_predicted_switches,-33.62857142857143
video_test_0001075,1581,0.5,mean_transition_delay,0.5170532060027284
video_test_0001075,1581,0.5,ptsm,0.0054809860393864596
video_test_0001075,1581,0.5,missed_transition_rate,0.027114597544338315
video_test_0001076,481,0.25,accuracy,0.001147937010328448
video_test_0001076,481,0.25,global_ece,-0.004279659356793017
video_test_0001076,481,0.25,mean_tfi,-0.5401253628472693
video_test_0001076,481,0.25,mean_predicted_switches,-16.7904761904762
video_test_0001076,481,0.25,mean_transition_delay,0.20327813450490062
video_test_0001076,481,0.25,ptsm,0.0011948751894988174
video_test_0001076,481,0.25,missed_transition_rate,0.010138560324433943
video_test_0001076,481,0.5,accuracy,0.001762368047188323
video_test_0001076,481,0.5,global_ece,-0.008607730899475308
video_test_0001076,481,0.5,mean_tfi,-1.067747661799499
video_test_0001076,481,0.5,mean_predicted_switches,-33.61904761904762
video_test_0001076,481,0.5,mean_transition_delay,0.5123352483947281
video_test_0001076,481,0.5,ptsm,0.005525956361160517
video_test_0001076,481,0.5,missed_transition_rate,0.026867184859749926
video_test_0001078,727,0.25,accuracy,0.001148784028602634
video_test_0001078,727,0.25,global_ece,-0.004299064615202991
video_test_0001078,727,0.25,mean_tfi,-0.5378110189028109
video_test_0001078,727,0.25,mean_predicted_switches,-16.71904761904763
video_test_0001078,727,0.25,mean_transition_delay,0.20297699594045948
video_test_0001078,727,0.25,ptsm,0.0011829934581290835
video_test_0001078,727,0.25,missed_transition_rate,0.010148849797023018
video_test_0001078,727,0.5,accuracy,0.0017546701220171323
video_test_0001078,727,0.5,global_ece,-0.008592679368215977
video_test_0001078,727,0.5,mean_tfi,-1.0637789008324718
video_test_0001078,727,0.5,mean_predicted_switches,-33.52857142857143
video_test_0001078,727,0.5,mean_transition_delay,0.5099797023004058
video_test_0001078,727,0.5,ptsm,0.005510374504839044
video_test_0001078,727,0.5,missed_transition_rate,0.026894451962110932
video_test_0001079,3677,0.25,accuracy,0.001156013387966559
video_test_0001079,3677,0.25,global_ece,-0.004342006026573031
video_test_0001079,3677,0.25,mean_tfi,-0.5347670174889241
video_test_0001079,3677,0.25,mean_predicted_switches,-16.685714285714283
video_test_0001079,3677,0.25,mean_transition_delay,0.20344711051030817
video_test_0001079,3677,0.25,ptsm,0.0011780643622866793
video_test_0001079,3677,0.25,missed_transition_rate,0.010138560324433943
video_test_0001079,3677,0.5,accuracy,0.0017552035733523486
video_test_0001079,3677,0.5,global_ece,-0.008694838800444471
video_test_0001079,3677,0.5,mean_tfi,-1.056224710980094
video_test_0001079,3677,0.5,mean_predicted_switches,-33.39047619047619
video_test_0001079,3677,0.5,mean_transition_delay,0.5125042244001357
video_test_0001079,3677,0.5,ptsm,0.0054960087460312335
video_test_0001079,3677,0.5,missed_transition_rate,0.027036160865157144
video_test_0001080,515,0.25,accuracy,0.0011540490635716383
video_test_0001080,515,0.25,global_ece,-0.0042980130301897845
video_test_0001080,515,0.25,mean_tfi,-0.5412893840112907
video_test_0001080,515,0.25,mean_predicted_switches,-16.819047619047623
video_test_0001080,515,0.25,mean_transition_delay,0.2028325746079913
video_test_0001080,515,0.25,ptsm,0.0011737720831359877
video_test_0001080,515,0.25,missed_transition_rate,0.01011633788568539
video_test_0001080,515,0.5,accuracy,0.001765545190762774
video_test_0001080,515,0.5,global_ece,-0.008641177628255947
video_test_0001080,515,0.5,mean_tfi,-1.0698670363101779
video_test_0001080,515,0.5,mean_predicted_switches,-33.68571428571429
video_test_0001080,515,0.5,mean_transition_delay,0.5115494857528242
video_test_0001080,515,0.5,ptsm,0.005481218348981354
video_test_0001080,515,0.5,missed_transition_rate,0.026976901028494316
video_test_0001081,875,0.25,accuracy,0.001158296523910085
video_test_0001081,875,0.25,global_ece,-0.0042862478852190855
video_test_0001081,875,0.25,mean_tfi,-0.5399052572835443
video_test_0001081,875,0.25,mean_predicted_switches,-16.804761904761904
video_test_0001081,875,0.25,mean_transition_delay,0.20215997300033717
video_test_0001081,875,0.25,ptsm,0.001166919290282925
video_test_0001081,875,0.25,missed_transition_rate,0.010124873439081972
video_test_0001081,875,0.5,accuracy,0.0017764547724217206
video_test_0001081,875,0.5,global_ece,-0.008628113901110776
video_test_0001081,875,0.5,mean_tfi,-1.0672178722243084
video_test_0001081,875,0.5,mean_predicted_switches,-33.65238095238095
video_test_0001081,875,0.5,mean_transition_delay,0.5106311171110365
video_test_0001081,875,0.5,ptsm,0.005458441140829856
video_test_0001081,875,0.5,missed_transition_rate,0.026999662504218702
video_test_0001098,1243,0.25,accuracy,0.0011595770247536663
video_test_0001098,1243,0.25,global_ece,-0.004273345557966948
video_test_0001098,1243,0.25,mean_tfi,-0.5391246943503489
video_test_0001098,1243,0.25,mean_predicted_switches,-16.714285714285708
video_test_0001098,1243,0.25,mean_transition_delay,0.20613143631436248
video_test_0001098,1243,0.25,ptsm,0.0011722260427361464
video_test_0001098,1243,0.25,missed_transition_rate,0.010331978319783164
video_test_0001098,1243,0.5,accuracy,0.0017543859649122862
video_test_0001098,1243,0.5,global_ece,-0.008627362604511343
video_test_0001098,1243,0.5,mean_tfi,-1.0659422214368777
video_test_0001098,1243,0.5,mean_predicted_switches,-33.49523809523809
video_test_0001098,1243,0.5,mean_transition_delay,0.5135501355013545
video_test_0001098,1243,0.5,ptsm,0.005484048185981721
video_test_0001098,1243,0.5,missed_transition_rate,0.027100271002710008
video_test_0001114,360,0.25,accuracy,0.001159505397542504
video_test_0001114,360,0.25,global_ece,-0.004302741681645267
video_test_0001114,360,0.25,mean_tfi,-0.5394914042133108
video_test_0001114,360,0.25,mean_predicted_switches,-16.799999999999997
video_test_0001114,360,0.25,mean_transition_delay,0.20276653171390002
video_test_0001114,360,0.25,ptsm,0.001170088733623148
video_test_0001114,360,0.25,missed_transition_rate,0.010121457489878527
video_test_0001114,360,0.5,accuracy,0.0017797059590187736
video_test_0001114,360,0.5,global_ece,-0.008634603411663083
video_test_0001114,360,0.5,mean_tfi,-1.067177900049613
video_test_0001114,360,0.5,mean_predicted_switches,-33.65714285714286
video_test_0001114,360,0.5,mean_transition_delay,0.5113022941970309
video_test_0001114,360,0.5,ptsm,0.005473180798550498
video_test_0001114,360,0.5,missed_transition_rate,0.026990553306342757
video_test_0001118,524,0.25,accuracy,0.0011540801980821636
video_test_0001118,524,0.25,global_ece,-0.004284648480208902
video_test_0001118,524,0.25,mean_tfi,-0.5336632120803144
video_test_0001118,524,0.25,mean_predicted_switches,-16.76190476190476
video_test_0001118,524,0.25,mean_transition_delay,0.20293522267206487
video_test_0001118,524,0.25,ptsm,0.0011744440815747437
video_test_0001118,524,0.25,missed_transition_rate,0.010121457489878527
video_test_0001118,524,0.5,accuracy,0.0017685904334245883
video_test_0001118,524,0.5,global_ece,-0.00864406370841661
video_test_0001118,524,0.5,mean_tfi,-1.0574789596172969
video_test_0001118,524,0.5,mean_predicted_switches,-33.595238095238095
video_test_0001118,524,0.5,mean_transition_delay,0.5118083670715246
video_test_0001118,524,0.5,ptsm,0.005483565611942021
video_test_0001118,524,0.5,missed_transition_rate,0.026990553306342757
video_test_0001123,1923,0.25,accuracy,0.0011499096929560304
video_test_0001123,1923,0.25,global_ece,-0.0042941392731245115
video_test_0001123,1923,0.25,mean_tfi,-0.5404249904580887
video_test_0001123,1923,0.25,mean_predicted_switches,-16.766666666666666
video_test_0001123,1923,0.25,mean_transition_delay,0.20400203493301738
video_test_0001123,1923,0.25,ptsm,0.0011757498610088513
video_test_0001123,1923,0.25,missed_transition_rate,0.010174665083940992
video_test_0001123,1923,0.5,accuracy,0.0017399157134255772
video_test_0001123,1923,0.5,global_ece,-0.008613596529756545
video_test_0001123,1923,0.5,mean_tfi,-1.068740382119028
video_test_0001123,1923,0.5,mean_predicted_switches,-33.614285714285714
video_test_0001123,1923,0.5,mean_transition_delay,0.5143293199932168
video_test_0001123,1923,0.5,ptsm,0.005490491149432564
video_test_0001123,1923,0.5,missed_transition_rate,0.027132440223842647
video_test_0001127,1353,0.25,accuracy,0.001150945097214362
video_test_0001127,1353,0.25,global_ece,-0.004320289295549382
video_test_0001127,1353,0.25,mean_tfi,-0.5378882238773226
video_test_0001127,1353,0.25,mean_predicted_switches,-16.771428571428572
video_test_0001127,1353,0.25,mean_transition_delay,0.2030037124535946
video_test_0001127,1353,0.25,ptsm,0.0011745975092675442
video_test_0001127,1353,0.25,missed_transition_rate,0.010124873439082027
video_test_0001127,1353,0.5,accuracy,0.0017760014424377246
video_test_0001127,1353,0.5,global_ece,-0.008674629965651465
video_test_0001127,1353,0.5,mean_tfi,-1.0637451874790116
video_test_0001127,1353,0.5,mean_predicted_switches,-33.6
video_test_0001127,1353,0.5,mean_transition_delay,0.5119811002362473
video_test_0001127,1353,0.5,ptsm,0.005485081610648618
video_test_0001127,1353,0.5,missed_transition_rate,0.026999662504218702
video_test_0001129,504,0.25,accuracy,0.0011510135813608269
video_test_0001129,504,0.25,global_ece,-0.004289000000646637
video_test_0001129,504,0.25,mean_tfi,-0.5412843273395671
video_test_0001129,504,0.25,mean_predicted_switches,-16.819047619047623
video_test_0001129,504,0.25,mean_transition_delay,0.20320945945945912
video_test_0001129,504,0.25,ptsm,0.0011721563597617835
video_test_0001129,504,0.25,missed_transition_rate,0.010135135135135087
video_test_0001129,504,0.5,accuracy,0.0017564946840558093
video_test_0001129,504,0.5,global_ece,-0.008599314363029159
video_test_0001129,504,0.5,mean_tfi,-1.0687468701086635
video_test_0001129,504,0.5,mean_predicted_switches,-33.64761904761905
video_test_0001129,504,0.5,mean_transition_delay,0.512331081081081
video_test_0001129,504,0.5,ptsm,0.005481229492160095
video_test_0001129,504,0.5,missed_transition_rate,0.02702702702702703
video_test_0001134,1375,0.25,accuracy,0.001163042302282813
video_test_0001134,1375,0.25,global_ece,-0.004321388104791837
video_test_0001134,1375,0.25,mean_tfi,-0.5406170285849181
video_test_0001134,1375,0.25,mean_predicted_switches,-16.79523809523809
video_test_0001134,1375,0.25,mean_transition_delay,0.20003381805884324
video_test_0001134,1375,0.25,ptsm,0.001167981557204295
video_test_0001134,1375,0.25,missed_transition_rate,0.0099763273588096
video_test_0001134,1375,0.5,accuracy,0.0017791241419934378
video_test_0001134,1375,0.5,global_ece,-0.008651899312519223
video_test_0001134,1375,0.5,mean_tfi,-1.067877212551323
video_test_0001134,1375,0.5,mean_predicted_switches,-33.614285714285714
video_test_0001134,1375,0.5,mean_transition_delay,0.5072708826513352
video_test_0001134,1375,0.5,ptsm,0.005457222477862844
video_test_0001134,1375,0.5,missed_transition_rate,0.026716266486303653
video_test_0001135,354,0.25,accuracy,0.0011594845536883058
video_test_0001135,354,0.25,global_ece,-0.004296691767052829
video_test_0001135,354,0.25,mean_tfi,-0.540357527573458
video_test_0001135,354,0.25,mean_predicted_switches,-16.799999999999997
video_test_0001135,354,0.25,mean_transition_delay,0.2023287208909892
video_test_0001135,354,0.25,ptsm,0.0011759204459387551
video_test_0001135,354,0.25,missed_transition_rate,0.009956125548430672
video_test_0001135,354,0.5,accuracy,0.0017706857137720355
video_test_0001135,354,0.5,global_ece,-0.008639863263857073
video_test_0001135,354,0.5,mean_tfi,-1.0682591528578604
video_test_0001135,354,0.5,mean_predicted_switches,-33.65714285714285
video_test_0001135,354,0.5,mean_transition_delay,0.5113061086736419
video_test_0001135,354,0.5,ptsm,0.005485682088493954
video_test_0001135,354,0.5,missed_transition_rate,0.026830914613567347
video_test_0001146,1626,0.25,accuracy,0.001151890092241481
video_test_0001146,1626,0.25,global_ece,-0.0043094252266950295
video_test_0001146,1626,0.25,mean_tfi,-0.5409722266539703
video_test_0001146,1626,0.25,mean_predicted_switches,-16.799999999999997
video_test_0001146,1626,0.25,mean_transition_delay,0.20431385869565233
video_test_0001146,1626,0.25,ptsm,0.0011623259482962944
video_test_0001146,1626,0.25,missed_transition_rate,0.010190217391304324
video_test_0001146,1626,0.5,accuracy,0.001798512467781621
video_test_0001146,1626,0.5,global_ece,-0.008664089318759588
video_test_0001146,1626,0.5,mean_tfi,-1.0690615162758668
video_test_0001146,1626,0.5,mean_predicted_switches,-33.61904761904761
video_test_0001146,1626,0.5,mean_transition_delay,0.5123980978260869
video_test_0001146,1626,0.5,ptsm,0.005460106273482868
video_test_0001146,1626,0.5,missed_transition_rate,0.026664402173913027
video_test_0001153,959,0.25,accuracy,0.001158588562990004
video_test_0001153,959,0.25,global_ece,-0.00427981958981144
video_test_0001153,959,0.25,mean_tfi,-0.5340479094280681
video_test_0001153,959,0.25,mean_predicted_switches,-16.73809523809524
video_test_0001153,959,0.25,mean_transition_delay,0.20283496456294348
video_test_0001153,959,0.25,ptsm,0.0011703201303669142
video_test_0001153,959,0.25,missed_transition_rate,0.010124873439082027
video_test_0001153,959,0.5,accuracy,0.0017678980922308796
video_test_0001153,959,0.5,global_ece,-0.00861432561441064
video_test_0001153,959,0.5,mean_tfi,-1.057186508056707
video_test_0001153,959,0.5,mean_predicted_switches,-33.54761904761905
video_test_0001153,959,0.5,mean_transition_delay,0.5116436044549442
video_test_0001153,959,0.5,ptsm,0.00547201695544372
video_test_0001153,959,0.5,missed_transition_rate,0.026999662504218702
video_test_0001159,4524,0.25,accuracy,0.001152916119284364
video_test_0001159,4524,0.25,global_ece,-0.004294506920685309
video_test_0001159,4524,0.25,mean_tfi,-0.5355081373335264
video_test_0001159,4524,0.25,mean_predicted_switches,-16.571428571428584
video_test_0001159,4524,0.25,mean_transition_delay,0.20203045685279175
video_test_0001159,4524,0.25,ptsm,0.001171004734766945
video_test_0001159,4524,0.25,missed_transition_rate,0.010152284263959366
video_test_0001159,4524,0.5,accuracy,0.0017627480665899364
video_test_0001159,4524,0.5,global_ece,-0.008609810788406308
video_test_0001159,4524,0.5,mean_tfi,-1.0595186348187746
video_test_0001159,4524,0.5,mean_predicted_switches,-33.23333333333334
video_test_0001159,4524,0.5,mean_transition_delay,0.5089678510998308
video_test_0001159,4524,0.5,ptsm,0.005463770821307917
video_test_0001159,4524,0.5,missed_transition_rate,0.02707275803722503
video_test_0001162,902,0.25,accuracy,0.001152388354875633
video_test_0001162,902,0.25,global_ece,-0.00429692076219175
video_test_0001162,902,0.25,mean_tfi,-0.5402459783143274
video_test_0001162,902,0.25,mean_predicted_switches,-16.780952380952385
video_test_0001162,902,0.25,mean_transition_delay,0.20307744335475153
video_test_0001162,902,0.25,ptsm,0.0011656137435776814
video_test_0001162,902,0.25,missed_transition_rate,0.010145417653026734
video_test_0001162,902,0.5,accuracy,0.001776598713766564
video_test_0001162,902,0.5,global_ece,-0.008607180701594469
video_test_0001162,902,0.5,mean_tfi,-1.0670877257052993
video_test_0001162,902,0.5,mean_predicted_switches,-33.58571428571429
video_test_0001162,902,0.5,mean_transition_delay,0.5111599594183289
video_test_0001162,902,0.5,ptsm,0.005458897486896708
video_test_0001162,902,0.5,missed_transition_rate,0.02705444707473792
video_test_0001163,752,0.25,accuracy,0.0011548694997465248
video_test_0001163,752,0.25,global_ece,-0.004288798221604065
video_test_0001163,752,0.25,mean_tfi,-0.5412893840112902
video_test_0001163,752,0.25,mean_predicted_switches,-16.819047619047623
video_test_0001163,752,0.25,mean_transition_delay,0.2031408308004048
video_test_0001163,752,0.25,ptsm,0.0011738655754603422
video_test_0001163,752,0.25,missed_transition_rate,0.010131712259371872
video_test_0001163,752,0.5,accuracy,0.0017578013684452776
video_test_0001163,752,0.5,global_ece,-0.008645062808958187
video_test_0001163,752,0.5,mean_tfi,-1.0694333446248132
video_test_0001163,752,0.5,mean_predicted_switches,-33.67619047619048
video_test_0001163,752,0.5,mean_transition_delay,0.5123269165822357
video_test_0001163,752,0.5,ptsm,0.005485154411973919
video_test_0001163,752,0.5,missed_transition_rate,0.027017899358324937
video_test_0001164,6337,0.25,accuracy,0.0011440390986803273
video_test_0001164,6337,0.25,global_ece,-0.004293354346409567
video_test_0001164,6337,0.25,mean_tfi,-0.5387944758322405
video_test_0001164,6337,0.25,mean_predicted_switches,-16.438095238095244
video_test_0001164,6337,0.25,mean_transition_delay,0.2047945205479449
video_test_0001164,6337,0.25,ptsm,0.0011539687383503305
video_test_0001164,6337,0.25,missed_transition_rate,0.010273972602739767
video_test_0001164,6337,0.5,accuracy,0.0017358886590641553
video_test_0001164,6337,0.5,global_ece,-0.008547226947500222
video_test_0001164,6337,0.5,mean_tfi,-1.0644105908134474
video_test_0001164,6337,0.5,mean_predicted_switches,-32.87619047619048
video_test_0001164,6337,0.5,mean_transition_delay,0.511130136986301
video_test_0001164,6337,0.5,ptsm,0.00541457219173197
video_test_0001164,6337,0.5,missed_transition_rate,0.0273972602739726
video_test_0001168,819,0.25,accuracy,0.00115810191296839
video_test_0001168,819,0.25,global_ece,-0.004303541302752734
video_test_0001168,819,0.25,mean_tfi,-0.5406091569909051
video_test_0001168,819,0.25,mean_predicted_switches,-16.804761904761904
video_test_0001168,819,0.25,mean_transition_delay,0.2030037124535946
video_test_0001168,819,0.25,ptsm,0.0011742189749784637
video_test_0001168,819,0.25,missed_transition_rate,0.010124873439082027
video_test_0001168,819,0.5,accuracy,0.001773156037731316
video_test_0001168,819,0.5,global_ece,-0.008646122254865024
video_test_0001168,819,0.5,mean_tfi,-1.0671453812724834
video_test_0001168,819,0.5,mean_predicted_switches,-33.65238095238096
video_test_0001168,819,0.5,mean_transition_delay,0.5119811002362473
video_test_0001168,819,0.5,ptsm,0.005483699352473226
video_test_0001168,819,0.5,missed_transition_rate,0.026999662504218702
video_test_0001174,1751,0.25,accuracy,0.0011372799152756796
video_test_0001174,1751,0.25,global_ece,-0.004260101166643743
video_test_0001174,1751,0.25,mean_tfi,-0.5378861331290481
video_test_0001174,1751,0.25,mean_predicted_switches,-16.64285714285714
video_test_0001174,1751,0.25,mean_transition_delay,0.20318860244233328
video_test_0001174,1751,0.25,ptsm,0.0011609123886375805
video_test_0001174,1751,0.25,missed_transition_rate,0.010176390773405708
video_test_0001174,1751,0.5,accuracy,0.001732997966134353
video_test_0001174,1751,0.5,global_ece,-0.008606316426251648
video_test_0001174,1751,0.5,mean_tfi,-1.0626159382230342
video_test_0001174,1751,0.5,mean_predicted_switches,-33.319047619047616
video_test_0001174,1751,0.5,mean_transition_delay,0.5159430122116682
video_test_0001174,1751,0.5,ptsm,0.005448401552516469
video_test_0001174,1751,0.5,missed_transition_rate,0.027306648575305292
video_test_0001182,892,0.25,accuracy,0.00115235377260825
video_test_0001182,892,0.25,global_ece,-0.004299401093596333
video_test_0001182,892,0.25,mean_tfi,-0.5385682955759163
video_test_0001182,892,0.25,mean_predicted_switches,-16.790476190476184
video_test_0001182,892,0.25,mean_transition_delay,0.2030037124535946
video_test_0001182,892,0.25,ptsm,0.0011748040706885399
video_test_0001182,892,0.25,missed_transition_rate,0.010124873439082027
video_test_0001182,892,0.5,accuracy,0.001761540793023486
video_test_0001182,892,0.5,global_ece,-0.00866963792826013
video_test_0001182,892,0.5,mean_tfi,-1.0623895314676755
video_test_0001182,892,0.5,mean_predicted_switches,-33.6047619047619
video_test_0001182,892,0.5,mean_transition_delay,0.5119811002362473
video_test_0001182,892,0.5,ptsm,0.005486329946824131
video_test_0001182,892,0.5,missed_transition_rate,0.026999662504218702
video_test_0001194,964,0.25,accuracy,0.0011465996716282234
video_test_0001194,964,0.25,global_ece,-0.004302590804920903
video_test_0001194,964,0.25,mean_tfi,-0.539839426073276
video_test_0001194,964,0.25,mean_predicted_switches,-16.69999999999999
video_test_0001194,964,0.25,mean_transition_delay,0.20153061224489832
video_test_0001194,964,0.25,ptsm,0.001183531845867336
video_test_0001194,964,0.25,missed_transition_rate,0.010034013605442205
video_test_0001194,964,0.5,accuracy,0.001752916775473512
video_test_0001194,964,0.5,global_ece,-0.008662638357832292
video_test_0001194,964,0.5,mean_tfi,-1.0662566742309956
video_test_0001194,964,0.5,mean_predicted_switches,-33.41904761904761
video_test_0001194,964,0.5,mean_transition_delay,0.509183673469388
video_test_0001194,964,0.5,ptsm,0.0054881682996626435
video_test_0001194,964,0.5,missed_transition_rate,0.026870748299319736
video_test_0001195,5618,0.25,accuracy,0.0011689319797263398
video_test_0001195,5618,0.25,global_ece,-0.004304249483765232
video_test_0001195,5618,0.25,mean_tfi,-0.540145313294202
video_test_0001195,5618,0.25,mean_predicted_switches,-16.685714285714283
video_test_0001195,5618,0.25,mean_transition_delay,0.2015662240381344
video_test_0001195,5618,0.25,ptsm,0.00113948925712834
video_test_0001195,5618,0.25,missed_transition_rate,0.010214504596527063
video_test_0001195,5618,0.5,accuracy,0.0018051475624419888
video_test_0001195,5618,0.5,global_ece,-0.008670613536412325
video_test_0001195,5618,0.5,mean_tfi,-1.0674946087498398
video_test_0001195,5618,0.5,mean_predicted_switches,-33.42380952380952
video_test_0001195,5618,0.5,mean_transition_delay,0.5088525706503235
video_test_0001195,5618,0.5,ptsm,0.005380947060286606
video_test_0001195,5618,0.5,missed_transition_rate,0.027238678924072224
video_test_0001201,3093,0.25,accuracy,0.0011690783312691133
video_test_0001201,3093,0.25,global_ece,-0.004278558204447086
video_test_0001201,3093,0.25,mean_tfi,-0.5408190735586746
video_test_0001201,3093,0.25,mean_predicted_switches,-16.780952380952385
video_test_0001201,3093,0.25,mean_transition_delay,0.20193285859613486
video_test_0001201,3093,0.25,ptsm,0.0011690069806576109
video_test_0001201,3093,0.25,missed_transition_rate,0.010003390979993254
video_test_0001201,3093,0.5,accuracy,0.001715856568891061
video_test_0001201,3093,0.5,global_ece,-0.008538440054554425
video_test_0001201,3093,0.5,mean_tfi,-1.067285473247972
video_test_0001201,3093,0.5,mean_predicted_switches,-33.51904761904762
video_test_0001201,3093,0.5,mean_transition_delay,0.5111902339776195
video_test_0001201,3093,0.5,ptsm,0.005461122021218873
video_test_0001201,3093,0.5,missed_transition_rate,0.02695829094608343
video_test_0001202,340,0.25,accuracy,0.001141460170230424
video_test_0001202,340,0.25,global_ece,-0.004295258000560395
video_test_0001202,340,0.25,mean_tfi,-0.5365274792493859
video_test_0001202,340,0.25,mean_predicted_switches,-16.7904761904762
video_test_0001202,340,0.25,mean_transition_delay,0.20286677908937545
video_test_0001202,340,0.25,ptsm,0.0011711100869339353
video_test_0001202,340,0.25,missed_transition_rate,0.01011804384485665
video_test_0001202,340,0.5,accuracy,0.001749639735996178
video_test_0001202,340,0.5,global_ece,-0.00862304234048307
video_test_0001202,340,0.5,mean_tfi,-1.0618740630998131
video_test_0001202,340,0.5,mean_predicted_switches,-33.642857142857146
video_test_0001202,340,0.5,mean_transition_delay,0.5116357504215845
video_test_0001202,340,0.5,ptsm,0.005475279717710446
video_test_0001202,340,0.5,missed_transition_rate,0.026981450252951122
video_test_0001207,6618,0.25,accuracy,0.0011358605212133943
video_test_0001207,6618,0.25,global_ece,-0.004164123796270444
video_test_0001207,6618,0.25,mean_tfi,-0.5373438483427906
video_test_0001207,6618,0.25,mean_predicted_switches,-16.15714285714286
video_test_0001207,6618,0.25,mean_transition_delay,0.20452985586822248
video_test_0001207,6618,0.25,ptsm,0.0011550590555595708
video_test_0001207,6618,0.25,missed_transition_rate,0.01012354152367878
video_test_0001207,6618,0.5,accuracy,0.0016885238393307134
video_test_0001207,6618,0.5,global_ece,-0.008416714836255543
video_test_0001207,6618,0.5,mean_tfi,-1.06230635265084
video_test_0001207,6618,0.5,mean_predicted_switches,-32.41428571428571
video_test_0001207,6618,0.5,mean_transition_delay,0.5120109814687721
video_test_0001207,6618,0.5,ptsm,0.005444586628315817
video_test_0001207,6618,0.5,missed_transition_rate,0.026595744680851074
video_test_0001209,2629,0.25,accuracy,0.001134258840280622
video_test_0001209,2629,0.25,global_ece,-0.004291401521780064
video_test_0001209,2629,0.25,mean_tfi,-0.5372059537307199
video_test_0001209,2629,0.25,mean_predicted_switches,-16.70476190476191
video_test_0001209,2629,0.25,mean_transition_delay,0.20273926276631737
video_test_0001209,2629,0.25,ptsm,0.0011709045522542705
video_test_0001209,2629,0.25,missed_transition_rate,0.0099763273588096
video_test_0001209,2629,0.5,accuracy,0.001737588010642721
video_test_0001209,2629,0.5,global_ece,-0.008620238192036223
video_test_0001209,2629,0.5,mean_tfi,-1.0603193987547965
video_test_0001209,2629,0.5,mean_predicted_switches,-33.40952380952381
video_test_0001209,2629,0.5,mean_transition_delay,0.5111599594183298
video_test_0001209,2629,0.5,ptsm,0.005477400725036385
video_test_0001209,2629,0.5,missed_transition_rate,0.02688535678052084
video_test_0001219,1146,0.25,accuracy,0.0011532328058695418
video_test_0001219,1146,0.25,global_ece,-0.004286986094148182
video_test_0001219,1146,0.25,mean_tfi,-0.5389805817024884
video_test_0001219,1146,0.25,mean_predicted_switches,-16.785714285714292
video_test_0001219,1146,0.25,mean_transition_delay,0.2028349645629426
video_test_0001219,1146,0.25,ptsm,0.0011677970964039108
video_test_0001219,1146,0.25,missed_transition_rate,0.010124873439082027
video_test_0001219,1146,0.5,accuracy,0.001744865260964068
video_test_0001219,1146,0.5,global_ece,-0.008641853103660724
video_test_0001219,1146,0.5,mean_tfi,-1.0593816812031398
video_test_0001219,1146,0.5,mean_predicted_switches,-33.57142857142858
video_test_0001219,1146,0.5,mean_transition_delay,0.5118123523455953
video_test_0001219,1146,0.5,ptsm,0.005466572695905669
video_test_0001219,1146,0.5,missed_transition_rate,0.026999662504218702
video_test_0001223,867,0.25,accuracy,0.00115826871834257
video_test_0001223,867,0.25,global_ece,-0.004277191640808489
video_test_0001223,867,0.25,mean_tfi,-0.5344982349126592
video_test_0001223,867,0.25,mean_predicted_switches,-16.757142857142853
video_test_0001223,867,0.25,mean_transition_delay,0.20266621667229145
video_test_0001223,867,0.25,ptsm,0.001165206965395016
video_test_0001223,867,0.25,missed_transition_rate,0.009956125548430617
video_test_0001223,867,0.5,accuracy,0.0017434044698370066
video_test_0001223,867,0.5,global_ece,-0.008634869737323636
video_test_0001223,867,0.5,mean_tfi,-1.0535666607581264
video_test_0001223,867,0.5,mean_predicted_switches,-33.52380952380952
video_test_0001223,867,0.5,mean_transition_delay,0.511306108673641
video_test_0001223,867,0.5,ptsm,0.005451917572875997
video_test_0001223,867,0.5,missed_transition_rate,0.02683091461356729
video_test_0001229,1798,0.25,accuracy,0.0011585044760399343
video_test_0001229,1798,0.25,global_ece,-0.004280965438556092
video_test_0001229,1798,0.25,mean_tfi,-0.5409469794195596
video_test_0001229,1798,0.25,mean_predicted_switches,-16.7904761904762
video_test_0001229,1798,0.25,mean_transition_delay,0.2034962661235573
video_test_0001229,1798,0.25,ptsm,0.0011553706844598943
video_test_0001229,1798,0.25,missed_transition_rate,0.010183299389002032
video_test_0001229,1798,0.5,accuracy,0.001781388700819897
video_test_0001229,1798,0.5,global_ece,-0.008662745659849008
video_test_0001229,1798,0.5,mean_tfi,-1.0683730318785627
video_test_0001229,1798,0.5,mean_predicted_switches,-33.58571428571429
video_test_0001229,1798,0.5,mean_transition_delay,0.5122199592668029
video_test_0001229,1798,0.5,ptsm,0.0054275363638212615
video_test_0001229,1798,0.5,missed_transition_rate,0.027155465037338733
video_test_0001235,6293,0.25,accuracy,0.001183540249519499
video_test_0001235,6293,0.25,global_ece,-0.004362637795636559
video_test_0001235,6293,0.25,mean_tfi,-0.5412200756941838
video_test_0001235,6293,0.25,mean_predicted_switches,-16.7904761904762
video_test_0001235,6293,0.25,mean_transition_delay,0.20607754104086684
video_test_0001235,6293,0.25,ptsm,0.0011978882125908696
video_test_0001235,6293,0.25,missed_transition_rate,0.010303877052043275
video_test_0001235,6293,0.5,accuracy,0.0018363176036360063
video_test_0001235,6293,0.5,global_ece,-0.008763845989173208
video_test_0001235,6293,0.5,mean_tfi,-1.06973345659649
video_test_0001235,6293,0.5,mean_predicted_switches,-33.62857142857143
video_test_0001235,6293,0.5,mean_transition_delay,0.5228780998952152
video_test_0001235,6293,0.5,ptsm,0.005587307233042765
video_test_0001235,6293,0.5,missed_transition_rate,0.027768075445337048
video_test_0001247,696,0.25,accuracy,0.0011396797499901856
video_test_0001247,696,0.25,global_ece,-0.004286390507557553
video_test_0001247,696,0.25,mean_tfi,-0.5381212666592998
video_test_0001247,696,0.25,mean_predicted_switches,-16.799999999999997
video_test_0001247,696,0.25,mean_transition_delay,0.20286677908937634
video_test_0001247,696,0.25,ptsm,0.0011713331740870747
video_test_0001247,696,0.25,missed_transition_rate,0.01011804384485665
video_test_0001247,696,0.5,accuracy,0.0017485086690639529
video_test_0001247,696,0.5,global_ece,-0.00861848512593319
video_test_0001247,696,0.5,mean_tfi,-1.0667053447268868
video_test_0001247,696,0.5,mean_predicted_switches,-33.666666666666664
video_test_0001247,696,0.5,mean_transition_delay,0.5116357504215854
video_test_0001247,696,0.5,ptsm,0.00547374081084151
video_test_0001247,696,0.5,missed_transition_rate,0.026981450252951067
video_test_0001255,7890,0.25,accuracy,0.0010820487197800155
video_test_0001255,7890,0.25,global_ece,-0.00435379087571322
video_test_0001255,7890,0.25,mean_tfi,-0.5383013885803432
video_test_0001255,7890,0.25,mean_predicted_switches,-16.447619047619057
video_test_0001255,7890,0.25,mean_transition_delay,0.2023545470056307
video_test_0001255,7890,0.25,ptsm,0.001168833298896027
video_test_0001255,7890,0.25,missed_transition_rate,0.01006654154581127
video_test_0001255,7890,0.5,accuracy,0.0016613892524668383
video_test_0001255,7890,0.5,global_ece,-0.008680886485388312
video_test_0001255,7890,0.5,mean_tfi,-1.06369719230228
video_test_0001255,7890,0.5,mean_predicted_switches,-32.900000000000006
video_test_0001255,7890,0.5,mean_transition_delay,0.5101518512199288
video_test_0001255,7890,0.5,ptsm,0.005448505715688168
video_test_0001255,7890,0.5,missed_transition_rate,0.027128476369220278
video_test_0001257,1854,0.25,accuracy,0.0011526805088647452
video_test_0001257,1854,0.25,global_ece,-0.004276867876704782
video_test_0001257,1854,0.25,mean_tfi,-0.5410684215971533
video_test_0001257,1854,0.25,mean_predicted_switches,-16.771428571428572
video_test_0001257,1854,0.25,mean_transition_delay,0.20559945036070104
video_test_0001257,1854,0.25,ptsm,0.0012004807755483515
video_test_0001257,1854,0.25,missed_transition_rate,0.010305736860185488
video_test_0001257,1854,0.5,accuracy,0.0017786793230785136
video_test_0001257,1854,0.5,global_ece,-0.008602423986324909
video_test_0001257,1854,0.5,mean_tfi,-1.069312156849078
video_test_0001257,1854,0.5,mean_predicted_switches,-33.56190476190477
video_test_0001257,1854,0.5,mean_transition_delay,0.517863277224321
video_test_0001257,1854,0.5,ptsm,0.005539536791345057
video_test_0001257,1854,0.5,missed_transition_rate,0.027481964960494654
video_test_0001267,941,0.25,accuracy,0.0011555246081721426
video_test_0001267,941,0.25,global_ece,-0.004290966512955768
video_test_0001267,941,0.25,mean_tfi,-0.5404093237531398
video_test_0001267,941,0.25,mean_predicted_switches,-16.799999999999997
video_test_0001267,941,0.25,mean_transition_delay,0.20280310705842552
video_test_0001267,941,0.25,ptsm,0.0011761443375098435
video_test_0001267,941,0.25,missed_transition_rate,0.010131712259371817
video_test_0001267,941,0.5,accuracy,0.0017648012197537533
video_test_0001267,941,0.5,global_ece,-0.008634302186826343
video_test_0001267,941,0.5,mean_tfi,-1.0689857321590426
video_test_0001267,941,0.5,mean_predicted_switches,-33.666666666666664
video_test_0001267,941,0.5,mean_transition_delay,0.5119891928402565
video_test_0001267,941,0.5,ptsm,0.005485612712902349
video_test_0001267,941,0.5,missed_transition_rate,0.02701789935832488
video_test_0001268,706,0.25,accuracy,0.0011457124261810003
video_test_0001268,706,0.25,global_ece,-0.0042882623634138695
video_test_0001268,706,0.25,mean_tfi,-0.540202315662031
video_test_0001268,706,0.25,mean_predicted_switches,-16.78095238095237
video_test_0001268,706,0.25,mean_transition_delay,0.20300878972278547
video_test_0001268,706,0.25,ptsm,0.0011706149390464382
video_test_0001268,706,0.25,missed_transition_rate,0.010141987829614618
video_test_0001268,706,0.5,accuracy,0.0017635573471058708
video_test_0001268,706,0.5,global_ece,-0.00861630371895658
video_test_0001268,706,0.5,mean_tfi,-1.0682358518020612
video_test_0001268,706,0.5,mean_predicted_switches,-33.628571428571426
video_test_0001268,706,0.5,mean_transition_delay,0.5116632860040564
video_test_0001268,706,0.5,ptsm,0.005467857922701436
video_test_0001268,706,0.5,missed_transition_rate,0.027045300878972278
video_test_0001270,1983,0.25,accuracy,0.0011531281989521913
video_test_0001270,1983,0.25,global_ece,-0.004302359940391631
video_test_0001270,1983,0.25,mean_tfi,-0.5409920891722688
video_test_0001270,1983,0.25,mean_predicted_switches,-16.78095238095237
video_test_0001270,1983,0.25,mean_transition_delay,0.20292566763054953
video_test_0001270,1983,0.25,ptsm,0.0011867538394293442
video_test_0001270,1983,0.25,missed_transition_rate,0.010035720360605571
video_test_0001270,1983,0.5,accuracy,0.0017522731378334377
video_test_0001270,1983,0.5,global_ece,-0.008651118654130235
video_test_0001270,1983,0.5,mean_tfi,-1.0693616230606744
video_test_0001270,1983,0.5,mean_predicted_switches,-33.62857142857142
video_test_0001270,1983,0.5,mean_transition_delay,0.5143731927198507
video_test_0001270,1983,0.5,ptsm,0.005530088991877763
video_test_0001270,1983,0.5,missed_transition_rate,0.027045415887055668
video_test_0001276,463,0.25,accuracy,0.0011538692081759505
video_test_0001276,463,0.25,global_ece,-0.004288046363638151
video_test_0001276,463,0.25,mean_tfi,-0.5408525256233396
video_test_0001276,463,0.25,mean_predicted_switches,-16.80952380952381
video_test_0001276,463,0.25,mean_transition_delay,0.20334685598377256
video_test_0001276,463,0.25,ptsm,0.0011781407172762048
video_test_0001276,463,0.25,missed_transition_rate,0.010141987829614563
video_test_0001276,463,0.5,accuracy,0.001762272972486989
video_test_0001276,463,0.5,global_ece,-0.008630224204521697
video_test_0001276,463,0.5,mean_tfi,-1.0691483085001636
video_test_0001276,463,0.5,mean_predicted_switches,-33.671428571428564
video_test_0001276,463,0.5,mean_transition_delay,0.5128465179175121
video_test_0001276,463,0.5,ptsm,0.005499821987034775
video_test_0001276,463,0.5,missed_transition_rate,0.027045300878972278
video_test_0001281,524,0.25,accuracy,0.0011480849762738332
video_test_0001281,524,0.25,global_ece,-0.004304053161663851
video_test_0001281,524,0.25,mean_tfi,-0.5385779350592399
video_test_0001281,524,0.25,mean_predicted_switches,-16.79523809523809
video_test_0001281,524,0.25,mean_transition_delay,0.2030037124535946
video_test_0001281,524,0.25,ptsm,0.0011709083914835106
video_test_0001281,524,0.25,missed_transition_rate,0.010124873439082027
video_test_0001281,524,0.5,accuracy,0.0017326191025751614
video_test_0001281,524,0.5,global_ece,-0.008691264789494252
video_test_0001281,524,0.5,mean_tfi,-1.0616324924982978
video_test_0001281,524,0.5,mean_predicted_switches,-33.599999999999994
video_test_0001281,524,0.5,mean_transition_delay,0.5097873776577799
video_test_0001281,524,0.5,ptsm,0.005471512157859848
video_test_0001281,524,0.5,missed_transition_rate,0.026830914613567347
video_test_0001307,1531,0.25,accuracy,0.0011665945061817284
video_test_0001307,1531,0.25,global_ece,-0.004312547199800648
video_test_0001307,1531,0.25,mean_tfi,-0.5396059170454937
video_test_0001307,1531,0.25,mean_predicted_switches,-16.780952380952385
video_test_0001307,1531,0.25,mean_transition_delay,0.20304054054054088
video_test_0001307,1531,0.25,ptsm,0.0011673762195507087
video_test_0001307,1531,0.25,missed_transition_rate,0.010135135135135143
video_test_0001307,1531,0.5,accuracy,0.0017889786886033932
video_test_0001307,1531,0.5,global_ece,-0.00866758140983978
video_test_0001307,1531,0.5,mean_tfi,-1.0662800562738255
video_test_0001307,1531,0.5,mean_predicted_switches,-33.59047619047619
video_test_0001307,1531,0.5,mean_transition_delay,0.5113175675675681
video_test_0001307,1531,0.5,ptsm,0.005462539869626609
video_test_0001307,1531,0.5,missed_transition_rate,0.026689189189189222
video_test_0001309,633,0.25,accuracy,0.001160454586344395
video_test_0001309,633,0.25,global_ece,-0.004302599827180009
video_test_0001309,633,0.25,mean_tfi,-0.5399777666548067
video_test_0001309,633,0.25,mean_predicted_switches,-16.799999999999997
video_test_0001309,633,0.25,mean_transition_delay,0.20128335021952015
video_test_0001309,633,0.25,ptsm,0.0011792110119400734
video_test_0001309,633,0.25,missed_transition_rate,0.009962850388382294
video_test_0001309,633,0.5,accuracy,0.001781162853458862
video_test_0001309,633,0.5,global_ece,-0.00865039989434116
video_test_0001309,633,0.5,mean_tfi,-1.0685592764823042
video_test_0001309,633,0.5,mean_predicted_switches,-33.66666666666667
video_test_0001309,633,0.5,mean_transition_delay,0.5103005741303619
video_test_0001309,633,0.5,ptsm,0.00549923883006706
video_test_0001309,633,0.5,missed_transition_rate,0.02684903748733536
video_test_0001313,1301,0.25,accuracy,0.0011507652739302099
video_test_0001313,1301,0.25,global_ece,-0.004287007990003006
video_test_0001313,1301,0.25,mean_tfi,-0.5397828049596547
video_test_0001313,1301,0.25,mean_predicted_switches,-16.747619047619054
video_test_0001313,1301,0.25,mean_transition_delay,0.20271416454622582
video_test_0001313,1301,0.25,ptsm,0.0011824524229796518
video_test_0001313,1301,0.25,missed_transition_rate,0.010008481764206989
video_test_0001313,1301,0.5,accuracy,0.001781733178696121
video_test_0001313,1301,0.5,global_ece,-0.008597001438130608
video_test_0001313,1301,0.5,mean_tfi,-1.0673006037261032
video_test_0001313,1301,0.5,mean_predicted_switches,-33.54285714285715
video_test_0001313,1301,0.5,mean_transition_delay,0.5128074639525027
video_test_0001313,1301,0.5,ptsm,0.005510328724611296
video_test_0001313,1301,0.5,missed_transition_rate,0.026972010178117067
video_test_0001314,2582,0.25,accuracy,0.0011431466998048645
video_test_0001314,2582,0.25,global_ece,-0.0043315861852539495
video_test_0001314,2582,0.25,mean_tfi,-0.5400436934094235
video_test_0001314,2582,0.25,mean_predicted_switches,-16.723809523809535
video_test_0001314,2582,0.25,mean_transition_delay,0.20403663500678437
video_test_0001314,2582,0.25,ptsm,0.0011702059356371308
video_test_0001314,2582,0.25,missed_transition_rate,0.010176390773405708
video_test_0001314,2582,0.5,accuracy,0.0017614714318892055
video_test_0001314,2582,0.5,global_ece,-0.008673094886513882
video_test_0001314,2582,0.5,mean_tfi,-1.0666298587901735
video_test_0001314,2582,0.5,mean_predicted_switches,-33.47619047619048
video_test_0001314,2582,0.5,mean_transition_delay,0.5142469470827677
video_test_0001314,2582,0.5,ptsm,0.00547975400490322
video_test_0001314,2582,0.5,missed_transition_rate,0.027137042062415184
video_test_0001319,413,0.25,accuracy,0.0011387132540229272
video_test_0001319,413,0.25,global_ece,-0.004290036584295567
video_test_0001319,413,0.25,mean_tfi,-0.537903880625787
video_test_0001319,413,0.25,mean_predicted_switches,-16.757142857142867
video_test_0001319,413,0.25,mean_transition_delay,0.20304054054054088
video_test_0001319,413,0.25,ptsm,0.0011817016218094167
video_test_0001319,413,0.25,missed_transition_rate,0.010135135135135143
video_test_0001319,413,0.5,accuracy,0.0017470258607773514
video_test_0001319,413,0.5,global_ece,-0.008627648037031949
video_test_0001319,413,0.5,mean_tfi,-1.0623237594811863
video_test_0001319,413,0.5,mean_predicted_switches,-33.54285714285715
video_test_0001319,413,0.5,mean_transition_delay,0.511148648648649
video_test_0001319,413,0.5,ptsm,0.005497209426416905
video_test_0001319,413,0.5,missed_transition_rate,0.026858108108108125
video_test_0001324,1225,0.25,accuracy,0.0011655221719565345
video_test_0001324,1225,0.25,global_ece,-0.004287005451287018
video_test_0001324,1225,0.25,mean_tfi,-0.5386530236206175
video_test_0001324,1225,0.25,mean_predicted_switches,-16.69999999999999
video_test_0001324,1225,0.25,mean_transition_delay,0.20338983050847403
video_test_0001324,1225,0.25,ptsm,0.0011856893233025967
video_test_0001324,1225,0.25,missed_transition_rate,0.010169491525423735
video_test_0001324,1225,0.5,accuracy,0.0017903381816651853
video_test_0001324,1225,0.5,global_ece,-0.008635607886726238
video_test_0001324,1225,0.5,mean_tfi,-1.0649345728022865
video_test_0001324,1225,0.5,mean_predicted_switches,-33.442857142857136
video_test_0001324,1225,0.5,mean_transition_delay,0.5123728813559323
video_test_0001324,1225,0.5,ptsm,0.005508707913215755
video_test_0001324,1225,0.5,missed_transition_rate,0.0269491525423729
video_test_0001325,1310,0.25,accuracy,0.0011207494899538872
video_test_0001325,1310,0.25,global_ece,-0.004291998353787713
video_test_0001325,1310,0.25,mean_tfi,-0.5349285858454333
video_test_0001325,1310,0.25,mean_predicted_switches,-16.71904761904763
video_test_0001325,1310,0.25,mean_transition_delay,0.20307224848075656
video_test_0001325,1310,0.25,ptsm,0.0011777402297933337
video_test_0001325,1310,0.25,missed_transition_rate,0.01012829169480084
video_test_0001325,1310,0.5,accuracy,0.0017096687929858412
video_test_0001325,1310,0.5,global_ece,-0.008608032314616251
video_test_0001325,1310,0.5,mean_tfi,-1.0586489700492745
video_test_0001325,1310,0.5,mean_predicted_switches,-33.50952380952381
video_test_0001325,1310,0.5,mean_transition_delay,0.5123227548953411
video_test_0001325,1310,0.5,ptsm,0.005494519196232617
video_test_0001325,1310,0.5,missed_transition_rate,0.0270087778528022
video_test_0001339,1168,0.25,accuracy,0.0011743328678049947
video_test_0001339,1168,0.25,global_ece,-0.004310019703205575
video_test_0001339,1168,0.25,mean_tfi,-0.5411287894298913
video_test_0001339,1168,0.25,mean_predicted_switches,-16.790476190476184
video_test_0001339,1168,0.25,mean_transition_delay,0.203476482617587
video_test_0001339,1168,0.25,ptsm,0.0011763506661720546
video_test_0001339,1168,0.25,missed_transition_rate,0.010054533060668058
video_test_0001339,1168,0.5,accuracy,0.0018230691835232626
video_test_0001339,1168,0.5,global_ece,-0.008670639305297656
video_test_0001339,1168,0.5,mean_tfi,-1.0695542040823531
video_test_0001339,1168,0.5,mean_predicted_switches,-33.62857142857142
video_test_0001339,1168,0.5,mean_transition_delay,0.5088616223585554
video_test_0001339,1168,0.5,ptsm,0.005485986049686031
video_test_0001339,1168,0.5,missed_transition_rate,0.026755282890252197
video_test_0001343,3117,0.25,accuracy,0.001160099816921778
video_test_0001343,3117,0.25,global_ece,-0.004300075796943775
video_test_0001343,3117,0.25,mean_tfi,-0.5377364642391633
video_test_0001343,3117,0.25,mean_predicted_switches,-16.685714285714297
video_test_0001343,3117,0.25,mean_transition_delay,0.20179296346414066
video_test_0001343,3117,0.25,ptsm,0.0011811908387505954
video_test_0001343,3117,0.25,missed_transition_rate,0.010148849797023018
video_test_0001343,3117,0.5,accuracy,0.0017824450312079465
video_test_0001343,3117,0.5,global_ece,-0.008655606586107895
video_test_0001343,3117,0.5,mean_tfi,-1.0652698764412436
video_test_0001343,3117,0.5,mean_predicted_switches,-33.51428571428572
video_test_0001343,3117,0.5,mean_transition_delay,0.5109945872801083
video_test_0001343,3117,0.5,ptsm,0.005497805003055273
video_test_0001343,3117,0.5,missed_transition_rate,0.02706359945872805
video_test_0001358,1642,0.25,accuracy,0.0011639762873667525
video_test_0001358,1642,0.25,global_ece,-0.0042770446144976965
video_test_0001358,1642,0.25,mean_tfi,-0.5352823592052198
video_test_0001358,1642,0.25,mean_predicted_switches,-16.633333333333326
video_test_0001358,1642,0.25,mean_transition_delay,0.20331529093369394
video_test_0001358,1642,0.25,ptsm,0.001170951528450176
video_test_0001358,1642,0.25,missed_transition_rate,0.010148849797022963
video_test_0001358,1642,0.5,accuracy,0.0017474682763826133
video_test_0001358,1642,0.5,global_ece,-0.008580259475188562
video_test_0001358,1642,0.5,mean_tfi,-1.061010113103361
video_test_0001358,1642,0.5,mean_predicted_switches,-33.390476190476186
video_test_0001358,1642,0.5,mean_transition_delay,0.512178619756428
video_test_0001358,1642,0.5,ptsm,0.00548546646846923
video_test_0001358,1642,0.5,missed_transition_rate,0.027063599458727994
video_test_0001369,4317,0.25,accuracy,0.001155224586575132
video_test_0001369,4317,0.25,global_ece,-0.0043042472883294824
video_test_0001369,4317,0.25,mean_tfi,-0.5395038417025191
video_test_0001369,4317,0.25,mean_predicted_switches,-16.671428571428564
video_test_0001369,4317,0.25,mean_transition_delay,0.2039115646258507
video_test_0001369,4317,0.25,ptsm,0.0011311986859334766
video_test_0001369,4317,0.25,missed_transition_rate,0.010204081632653073
video_test_0001369,4317,0.5,accuracy,0.0017798342055632688
video_test_0001369,4317,0.5,global_ece,-0.008656983375288557
video_test_0001369,4317,0.5,mean_tfi,-1.066225854835955
video_test_0001369,4317,0.5,mean_predicted_switches,-33.37619047619047
video_test_0001369,4317,0.5,mean_transition_delay,0.5102040816326534
video_test_0001369,4317,0.5,ptsm,0.00535613715507352
video_test_0001369,4317,0.5,missed_transition_rate,0.026870748299319736
video_test_0001389,1058,0.25,accuracy,0.0011529281071261943
video_test_0001389,1058,0.25,global_ece,-0.004301528123142717
video_test_0001389,1058,0.25,mean_tfi,-0.5412893840112907
video_test_0001389,1058,0.25,mean_predicted_switches,-16.81904761904761
video_test_0001389,1058,0.25,mean_transition_delay,0.20396744659206512
video_test_0001389,1058,0.25,ptsm,0.001175675151822847
video_test_0001389,1058,0.25,missed_transition_rate,0.010172939979654072
video_test_0001389,1058,0.5,accuracy,0.0017714259979283442
video_test_0001389,1058,0.5,global_ece,-0.008651646359629422
video_test_0001389,1058,0.5,mean_tfi,-1.0693363176983943
video_test_0001389,1058,0.5,mean_predicted_switches,-33.652380952380945
video_test_0001389,1058,0.5,mean_transition_delay,0.5144116649711767
video_test_0001389,1058,0.5,ptsm,0.005498266387743422
video_test_0001389,1058,0.5,missed_transition_rate,0.027127839945744303
video_test_0001391,2322,0.25,accuracy,0.001148278636893818
video_test_0001391,2322,0.25,global_ece,-0.004328372592412713
video_test_0001391,2322,0.25,mean_tfi,-0.5390325703609378
video_test_0001391,2322,0.25,mean_predicted_switches,-16.661904761904765
video_test_0001391,2322,0.25,mean_transition_delay,0.20240922972514408
video_test_0001391,2322,0.25,ptsm,0.0011712430496733095
video_test_0001391,2322,0.25,missed_transition_rate,0.010179843909060071
video_test_0001391,2322,0.5,accuracy,0.0017872158311759145
video_test_0001391,2322,0.5,global_ece,-0.008644722807584368
video_test_0001391,2322,0.5,mean_tfi,-1.066388459561537
video_test_0001391,2322,0.5,mean_predicted_switches,-33.44761904761905
video_test_0001391,2322,0.5,mean_transition_delay,0.5086528673227013
video_test_0001391,2322,0.5,ptsm,0.00546857442923529
video_test_0001391,2322,0.5,missed_transition_rate,0.02697658635900918
video_test_0001409,1291,0.25,accuracy,0.0011447216613786892
video_test_0001409,1291,0.25,global_ece,-0.0042892608481262945
video_test_0001409,1291,0.25,mean_tfi,-0.5400104213524939
video_test_0001409,1291,0.25,mean_predicted_switches,-16.785714285714292
video_test_0001409,1291,0.25,mean_transition_delay,0.2026022304832713
video_test_0001409,1291,0.25,ptsm,0.001160560622915613
video_test_0001409,1291,0.25,missed_transition_rate,0.010138560324433943
video_test_0001409,1291,0.5,accuracy,0.0017546389770214388
video_test_0001409,1291,0.5,global_ece,-0.008650522632243793
video_test_0001409,1291,0.5,mean_tfi,-1.0670230544803527
video_test_0001409,1291,0.5,mean_predicted_switches,-33.61428571428572
video_test_0001409,1291,0.5,mean_transition_delay,0.5114903683676921
video_test_0001409,1291,0.5,ptsm,0.00544574712102644
video_test_0001409,1291,0.5,missed_transition_rate,0.027036160865157144
video_test_0001431,2684,0.25,accuracy,0.001155567087759768
video_test_0001431,2684,0.25,global_ece,-0.004297093795757864
video_test_0001431,2684,0.25,mean_tfi,-0.5349477196783434
video_test_0001431,2684,0.25,mean_predicted_switches,-16.538095238095238
video_test_0001431,2684,0.25,mean_transition_delay,0.20335252285811034
video_test_0001431,2684,0.25,ptsm,0.0011635602736651263
video_test_0001431,2684,0.25,missed_transition_rate,0.010159160176092141
video_test_0001431,2684,0.5,accuracy,0.0017197734726450697
video_test_0001431,2684,0.5,global_ece,-0.00868172468757758
video_test_0001431,2684,0.5,mean_tfi,-1.0571942496189977
video_test_0001431,2684,0.5,mean_predicted_switches,-33.14761904761905
video_test_0001431,2684,0.5,mean_transition_delay,0.5118523535387745
video_test_0001431,2684,0.5,ptsm,0.005464210283788018
video_test_0001431,2684,0.5,missed_transition_rate,0.027091093802912303
video_test_0001433,143,0.25,accuracy,0.001158752021079068
video_test_0001433,143,0.25,global_ece,-0.004287718309276489
video_test_0001433,143,0.25,mean_tfi,-0.5334380818742739
video_test_0001433,143,0.25,mean_predicted_switches,-16.790476190476184
video_test_0001433,143,0.25,mean_transition_delay,0.2026981450252947
video_test_0001433,143,0.25,ptsm,0.0011766645817883337
video_test_0001433,143,0.25,missed_transition_rate,0.01011804384485665
video_test_0001433,143,0.5,accuracy,0.0017695670399424657
video_test_0001433,143,0.5,global_ece,-0.008623184844179344
video_test_0001433,143,0.5,mean_tfi,-1.062015734173161
video_test_0001433,143,0.5,mean_predicted_switches,-33.65714285714285
video_test_0001433,143,0.5,mean_transition_delay,0.5114671163575037
video_test_0001433,143,0.5,ptsm,0.005487457760456338
video_test_0001433,143,0.5,missed_transition_rate,0.026981450252951122
video_test_0001446,2138,0.25,accuracy,0.0011717396870341013
video_test_0001446,2138,0.25,global_ece,-0.004283643231480422
video_test_0001446,2138,0.25,mean_tfi,-0.5406054427018603
video_test_0001446,2138,0.25,mean_predicted_switches,-16.771428571428572
video_test_0001446,2138,0.25,mean_transition_delay,0.20268433571185795
video_test_0001446,2138,0.25,ptsm,0.0011505696541810884
video_test_0001446,2138,0.25,missed_transition_rate,0.010193679918450549
video_test_0001446,2138,0.5,accuracy,0.0017741765441210422
video_test_0001446,2138,0.5,global_ece,-0.008617280226729807
video_test_0001446,2138,0.5,mean_tfi,-1.0684113786325211
video_test_0001446,2138,0.5,mean_predicted_switches,-33.56190476190477
video_test_0001446,2138,0.5,mean_transition_delay,0.5120625212368326
video_test_0001446,2138,0.5,ptsm,0.005420352772002507
video_test_0001446,2138,0.5,missed_transition_rate,0.02701325178389402
video_test_0001447,1720,0.25,accuracy,0.0011612410236970794
video_test_0001447,1720,0.25,global_ece,-0.004282388139875498
video_test_0001447,1720,0.25,mean_tfi,-0.5365516957736025
video_test_0001447,1720,0.25,mean_predicted_switches,-16.790476190476184
video_test_0001447,1720,0.25,mean_transition_delay,0.20286677908937634
video_test_0001447,1720,0.25,ptsm,0.001172902586985991
video_test_0001447,1720,0.25,missed_transition_rate,0.01011804384485665
video_test_0001447,1720,0.5,accuracy,0.0017599119141523678
video_test_0001447,1720,0.5,global_ece,-0.0086488707015413
video_test_0001447,1720,0.5,mean_tfi,-1.0541030965462381
video_test_0001447,1720,0.5,mean_predicted_switches,-33.595238095238095
video_test_0001447,1720,0.5,mean_transition_delay,0.5114671163575037
video_test_0001447,1720,0.5,ptsm,0.005478578311085919
video_test_0001447,1720,0.5,missed_transition_rate,0.026981450252951067
video_test_0001452,542,0.25,accuracy,0.0011541424721431826
video_test_0001452,542,0.25,global_ece,-0.004306850602125378
video_test_0001452,542,0.25,mean_tfi,-0.5397020824239886
video_test_0001452,542,0.25,mean_predicted_switches,-16.799999999999997
video_test_0001452,542,0.25,mean_transition_delay,0.20256583389601612
video_test_0001452,542,0.25,ptsm,0.0011769410612429698
video_test_0001452,542,0.25,missed_transition_rate,0.010128291694800784
video_test_0001452,542,0.5,accuracy,0.001750699230471775
video_test_0001452,542,0.5,global_ece,-0.00862368561138098
video_test_0001452,542,0.5,mean_tfi,-1.0671176032036014
video_test_0001452,542,0.5,mean_predicted_switches,-33.647619047619045
video_test_0001452,542,0.5,mean_transition_delay,0.5114787305874406
video_test_0001452,542,0.5,ptsm,0.005493802524290298
video_test_0001452,542,0.5,missed_transition_rate,0.027008777852802146
video_test_0001459,5089,0.25,accuracy,0.0011396998486478127
video_test_0001459,5089,0.25,global_ece,-0.004247612557084113
video_test_0001459,5089,0.25,mean_tfi,-0.5388157903586337
video_test_0001459,5089,0.25,mean_predicted_switches,-16.519047619047612
video_test_0001459,5089,0.25,mean_transition_delay,0.20020463847203285
video_test_0001459,5089,0.25,ptsm,0.0011652630704480638
video_test_0001459,5089,0.25,missed_transition_rate,0.010061391541609843
video_test_0001459,5089,0.5,accuracy,0.0017323437699447997
video_test_0001459,5089,0.5,global_ece,-0.00859862864692676
video_test_0001459,5089,0.5,mean_tfi,-1.0649852029178082
video_test_0001459,5089,0.5,mean_predicted_switches,-33.1047619047619
video_test_0001459,5089,0.5,mean_transition_delay,0.5086971350613911
video_test_0001459,5089,0.5,ptsm,0.0054495646888442495
video_test_0001459,5089,0.5,missed_transition_rate,0.02711459754433837
video_test_0001460,214,0.25,accuracy,0.0011500139259499331
video_test_0001460,214,0.25,global_ece,-0.004297185571265738
video_test_0001460,214,0.25,mean_tfi,-0.5395830348049415
video_test_0001460,214,0.25,mean_predicted_switches,-16.80952380952381
video_test_0001460,214,0.25,mean_transition_delay,0.20296946178505149
video_test_0001460,214,0.25,ptsm,0.0011703616697963382
video_test_0001460,214,0.25,missed_transition_rate,0.010123165176311788
video_test_0001460,214,0.5,accuracy,0.00176395365204296
video_test_0001460,214,0.5,global_ece,-0.008636162296361924
video_test_0001460,214,0.5,mean_tfi,-1.0673924312368888
video_test_0001460,214,0.5,mean_predicted_switches,-33.66666666666667
video_test_0001460,214,0.5,mean_transition_delay,0.5117259996625618
video_test_0001460,214,0.5,ptsm,0.005472659215622094
video_test_0001460,214,0.5,missed_transition_rate,0.026995107136831453
video_test_0001463,796,0.25,accuracy,0.0011280214324072002
video_test_0001463,796,0.25,global_ece,-0.004260428064927171
video_test_0001463,796,0.25,mean_tfi,-0.5394712042319623
video_test_0001463,796,0.25,mean_predicted_switches,-16.73809523809524
video_test_0001463,796,0.25,mean_transition_delay,0.20305084745762692
video_test_0001463,796,0.25,ptsm,0.0011887193710845845
video_test_0001463,796,0.25,missed_transition_rate,0.01016949152542368
video_test_0001463,796,0.5,accuracy,0.0017070324336162512
video_test_0001463,796,0.5,global_ece,-0.00858167738586002
video_test_0001463,796,0.5,mean_tfi,-1.0664427524925313
video_test_0001463,796,0.5,mean_predicted_switches,-33.53333333333333
video_test_0001463,796,0.5,mean_transition_delay,0.5125423728813558
video_test_0001463,796,0.5,ptsm,0.005517174894374088
video_test_0001463,796,0.5,missed_transition_rate,0.026949152542372845
video_test_0001468,1381,0.25,accuracy,0.0011570526113324764
video_test_0001468,1381,0.25,global_ece,-0.004311929786927279
video_test_0001468,1381,0.25,mean_tfi,-0.5403303183410735
video_test_0001468,1381,0.25,mean_predicted_switches,-16.76190476190476
video_test_0001468,1381,0.25,mean_transition_delay,0.20288379983036453
video_test_0001468,1381,0.25,ptsm,0.0011813933844973257
video_test_0001468,1381,0.25,missed_transition_rate,0.010178117048346091
video_test_0001468,1381,0.5,accuracy,0.0017551135714757304
video_test_0001468,1381,0.5,global_ece,-0.008628831028712605
video_test_0001468,1381,0.5,mean_tfi,-1.0666595870608022
video_test_0001468,1381,0.5,mean_predicted_switches,-33.49047619047619
video_test_0001468,1381,0.5,mean_transition_delay,0.5116200169635281
video_test_0001468,1381,0.5,ptsm,0.005510337674899418
video_test_0001468,1381,0.5,missed_transition_rate,0.026972010178117067
video_test_0001483,308,0.25,accuracy,0.0011503377619340727
video_test_0001483,308,0.25,global_ece,-0.004289890890366299
video_test_0001483,308,0.25,mean_tfi,-0.5403370788414263
video_test_0001483,308,0.25,mean_predicted_switches,-16.80952380952381
video_test_0001483,308,0.25,mean_transition_delay,0.2027665317139009
video_test_0001483,308,0.25,ptsm,0.0011718024727090104
video_test_0001483,308,0.25,missed_transition_rate,0.010121457489878583
video_test_0001483,308,0.5,accuracy,0.0017584590267064604
video_test_0001483,308,0.5,global_ece,-0.00862337719745035
video_test_0001483,308,0.5,mean_tfi,-1.067962350187933
video_test_0001483,308,0.5,mean_predicted_switches,-33.666666666666664
video_test_0001483,308,0.5,mean_transition_delay,0.5114709851551957
video_test_0001483,308,0.5,ptsm,0.005476031025215211
video_test_0001483,308,0.5,missed_transition_rate,0.026990553306342813
video_test_0001484,1534,0.25,accuracy,0.0011515714590680792
video_test_0001484,1534,0.25,global_ece,-0.004304818326817006
video_test_0001484,1534,0.25,mean_tfi,-0.5410823446738164
video_test_0001484,1534,0.25,mean_predicted_switches,-16.80952380952381
video_test_0001484,1534,0.25,mean_transition_delay,0.20355329949238588
video_test_0001484,1534,0.25,ptsm,0.0011766777647954363
video_test_0001484,1534,0.25,missed_transition_rate,0.010152284263959366
video_test_0001484,1534,0.5,accuracy,0.0017739612554834583
video_test_0001484,1534,0.5,global_ece,-0.00866493888555675
video_test_0001484,1534,0.5,mean_tfi,-1.0696608113632267
video_test_0001484,1534,0.5,mean_predicted_switches,-33.676190476190484
video_test_0001484,1534,0.5,mean_transition_delay,0.5130287648054139
video_test_0001484,1534,0.5,ptsm,0.005492779104070561
video_test_0001484,1534,0.5,missed_transition_rate,0.02707275803722503
video_test_0001495,3957,0.25,accuracy,0.0011872815492812716
video_test_0001495,3957,0.25,global_ece,-0.004323206580508249
video_test_0001495,3957,0.25,mean_tfi,-0.5398934612184494
video_test_0001495,3957,0.25,mean_predicted_switches,-16.671428571428578
video_test_0001495,3957,0.25,mean_transition_delay,0.2035111641384013
video_test_0001495,3957,0.25,ptsm,0.001148282945826723
video_test_0001495,3957,0.25,missed_transition_rate,0.010226691665246312
video_test_0001495,3957,0.5,accuracy,0.0018324115747835323
video_test_0001495,3957,0.5,global_ece,-0.008679154805700792
video_test_0001495,3957,0.5,mean_tfi,-1.0676209338179221
video_test_0001495,3957,0.5,mean_predicted_switches,-33.44285714285714
video_test_0001495,3957,0.5,mean_transition_delay,0.5128685870121013
video_test_0001495,3957,0.5,ptsm,0.005416429907127707
video_test_0001495,3957,0.5,missed_transition_rate,0.026930288051815243
video_test_0001496,1129,0.25,accuracy,0.0011591800452860346
video_test_0001496,1129,0.25,global_ece,-0.00428900083292065
video_test_0001496,1129,0.25,mean_tfi,-0.5411750279240284
video_test_0001496,1129,0.25,mean_predicted_switches,-16.80952380952381
video_test_0001496,1129,0.25,mean_transition_delay,0.20379789759240463
video_test_0001496,1129,0.25,ptsm,0.0011711024996798047
video_test_0001496,1129,0.25,missed_transition_rate,0.010172939979654128
video_test_0001496,1129,0.5,accuracy,0.001756788410602006
video_test_0001496,1129,0.5,global_ece,-0.008630790648519127
video_test_0001496,1129,0.5,mean_tfi,-1.06866137955083
video_test_0001496,1129,0.5,mean_predicted_switches,-33.599999999999994
video_test_0001496,1129,0.5,mean_transition_delay,0.5116988809766019
video_test_0001496,1129,0.5,ptsm,0.005480475320791406
video_test_0001496,1129,0.5,missed_transition_rate,0.02695829094608343
video_test_0001508,1395,0.25,accuracy,0.0011721285855113006
video_test_0001508,1395,0.25,global_ece,-0.004290279611611242
video_test_0001508,1395,0.25,mean_tfi,-0.540526503748954
video_test_0001508,1395,0.25,mean_predicted_switches,-16.742857142857147
video_test_0001508,1395,0.25,mean_transition_delay,0.20394289598912252
video_test_0001508,1395,0.25,ptsm,0.0012032714072840733
video_test_0001508,1395,0.25,missed_transition_rate,0.01019714479945616
video_test_0001508,1395,0.5,accuracy,0.0018002692890288774
video_test_0001508,1395,0.5,global_ece,-0.008647683582635651
video_test_0001508,1395,0.5,mean_tfi,-1.068805495448919
video_test_0001508,1395,0.5,mean_predicted_switches,-33.58095238095239
video_test_0001508,1395,0.5,mean_transition_delay,0.5124065261726711
video_test_0001508,1395,0.5,ptsm,0.00557087597162173
video_test_0001508,1395,0.5,missed_transition_rate,0.027022433718558836
video_test_0001512,392,0.25,accuracy,0.001153623726893871
video_test_0001512,392,0.25,global_ece,-0.004295116193426762
video_test_0001512,392,0.25,mean_tfi,-0.534682361404268
video_test_0001512,392,0.25,mean_predicted_switches,-16.771428571428572
video_test_0001512,392,0.25,mean_transition_delay,0.20259784075573517
video_test_0001512,392,0.25,ptsm,0.0011725283513721874
video_test_0001512,392,0.25,missed_transition_rate,0.010121457489878583
video_test_0001512,392,0.5,accuracy,0.0017618980556196595
video_test_0001512,392,0.5,global_ece,-0.008619724118658634
video_test_0001512,392,0.5,mean_tfi,-1.0575884630316048
video_test_0001512,392,0.5,mean_predicted_switches,-33.59047619047619
video_test_0001512,392,0.5,mean_transition_delay,0.5114709851551957
video_test_0001512,392,0.5,ptsm,0.005476445154759313
video_test_0001512,392,0.5,missed_transition_rate,0.026990553306342813
video_test_0001522,344,0.25,accuracy,0.0011534578268854734
video_test_0001522,344,0.25,global_ece,-0.004294191644619763
video_test_0001522,344,0.25,mean_tfi,-0.5412893840112907
video_test_0001522,344,0.25,mean_predicted_switches,-16.819047619047623
video_test_0001522,344,0.25,mean_transition_delay,0.20362220717670976
video_test_0001522,344,0.25,ptsm,0.0011775055930841605
video_test_0001522,344,0.25,missed_transition_rate,0.010155721056195
video_test_0001522,344,0.5,accuracy,0.0017646406754169286
video_test_0001522,344,0.5,global_ece,-0.008631706820408785
video_test_0001522,344,0.5,mean_tfi,-1.0698670363101779
video_test_0001522,344,0.5,mean_predicted_switches,-33.68571428571428
video_test_0001522,344,0.5,mean_transition_delay,0.5135409614082604
video_test_0001522,344,0.5,ptsm,0.0054982689768307835
video_test_0001522,344,0.5,missed_transition_rate,0.027081922816519943
video_test_0001527,1591,0.25,accuracy,0.0011487616229416409
video_test_0001527,1591,0.25,global_ece,-0.004305835680074643
video_test_0001527,1591,0.25,mean_tfi,-0.5369270796489869
video_test_0001527,1591,0.25,mean_predicted_switches,-16.742857142857133
video_test_0001527,1591,0.25,mean_transition_delay,0.20219594594594525
video_test_0001527,1591,0.25,ptsm,0.001168499470741352
video_test_0001527,1591,0.25,missed_transition_rate,0.010135135135135087
video_test_0001527,1591,0.5,accuracy,0.0017261496637918095
video_test_0001527,1591,0.5,global_ece,-0.008630775211559388
video_test_0001527,1591,0.5,mean_tfi,-1.0623806869853
video_test_0001527,1591,0.5,mean_predicted_switches,-33.528571428571425
video_test_0001527,1591,0.5,mean_transition_delay,0.5106418918918916
video_test_0001527,1591,0.5,ptsm,0.005464350445695293
video_test_0001527,1591,0.5,missed_transition_rate,0.02702702702702703
video_test_0001531,1625,0.25,accuracy,0.001145871554114608
video_test_0001531,1625,0.25,global_ece,-0.004306738721807674
video_test_0001531,1625,0.25,mean_tfi,-0.5409121160173198
video_test_0001531,1625,0.25,mean_predicted_switches,-16.7904761904762
video_test_0001531,1625,0.25,mean_transition_delay,0.20442176870748252
video_test_0001531,1625,0.25,ptsm,0.0011855723449046562
video_test_0001531,1625,0.25,missed_transition_rate,0.010204081632653073
video_test_0001531,1625,0.5,accuracy,0.00177444676358951
video_test_0001531,1625,0.5,global_ece,-0.008648149372687736
video_test_0001531,1625,0.5,mean_tfi,-1.0692814289831944
video_test_0001531,1625,0.5,mean_predicted_switches,-33.63809523809524
video_test_0001531,1625,0.5,mean_transition_delay,0.5156462585034012
video_test_0001531,1625,0.5,ptsm,0.00552217597803184
video_test_0001531,1625,0.5,missed_transition_rate,0.027210884353741527
video_test_0001532,1787,0.25,accuracy,0.0011674931394732857
video_test_0001532,1787,0.25,global_ece,-0.004260709901188875
video_test_0001532,1787,0.25,mean_tfi,-0.5385240524322015
video_test_0001532,1787,0.25,mean_predicted_switches,-16.74761904761904
video_test_0001532,1787,0.25,mean_transition_delay,0.20277120648867886
video_test_0001532,1787,0.25,ptsm,0.001167664484191755
video_test_0001532,1787,0.25,missed_transition_rate,0.010138560324433943
video_test_0001532,1787,0.5,accuracy,0.0017572577150835045
video_test_0001532,1787,0.5,global_ece,-0.008592473522126165
video_test_0001532,1787,0.5,mean_tfi,-1.0652451104663483
video_test_0001532,1787,0.5,mean_predicted_switches,-33.561904761904756
video_test_0001532,1787,0.5,mean_transition_delay,0.5099695843190268
video_test_0001532,1787,0.5,ptsm,0.005470827768306485
video_test_0001532,1787,0.5,missed_transition_rate,0.026867184859749926
video_test_0001549,858,0.25,accuracy,0.0011552368235488997
video_test_0001549,858,0.25,global_ece,-0.004284067679769202
video_test_0001549,858,0.25,mean_tfi,-0.5401021278065952
video_test_0001549,858,0.25,mean_predicted_switches,-16.790476190476184
video_test_0001549,858,0.25,mean_transition_delay,0.2028031070584264
video_test_0001549,858,0.25,ptsm,0.0011720540203193353
video_test_0001549,858,0.25,missed_transition_rate,0.009962850388382294
video_test_0001549,858,0.5,accuracy,0.0017793647697778026
video_test_0001549,858,0.5,global_ece,-0.008628208596394488
video_test_0001549,858,0.5,mean_tfi,-1.067827246112741
video_test_0001549,858,0.5,mean_predicted_switches,-33.64761904761904
video_test_0001549,858,0.5,mean_transition_delay,0.5118203309692673
video_test_0001549,858,0.5,ptsm,0.0054779593004790905
video_test_0001549,858,0.5,missed_transition_rate,0.02684903748733536
video_test_0001556,770,0.25,accuracy,0.0011519320360098284
video_test_0001556,770,0.25,global_ece,-0.004281533705340998
video_test_0001556,770,0.25,mean_tfi,-0.5254887713685723
video_test_0001556,770,0.25,mean_predicted_switches,-16.714285714285722
video_test_0001556,770,0.25,mean_transition_delay,0.20293522267206487
video_test_0001556,770,0.25,ptsm,0.001178420621674392
video_test_0001556,770,0.25,missed_transition_rate,0.010121457489878527
video_test_0001556,770,0.5,accuracy,0.0017608961071295948
video_test_0001556,770,0.5,global_ece,-0.00860661043420373
video_test_0001556,770,0.5,mean_tfi,-1.0455186535608516
video_test_0001556,770,0.5,mean_predicted_switches,-33.519047619047626
video_test_0001556,770,0.5,mean_transition_delay,0.5116396761133597
video_test_0001556,770,0.5,ptsm,0.005493501439209736
video_test_0001556,770,0.5,missed_transition_rate,0.026990553306342757
video_test_0001558,1067,0.25,accuracy,0.0011709742505764398
video_test_0001558,1067,0.25,global_ece,-0.004303329668934319
video_test_0001558,1067,0.25,mean_tfi,-0.5365578790061876
video_test_0001558,1067,0.25,mean_predicted_switches,-16.761904761904773
video_test_0001558,1067,0.25,mean_transition_delay,0.20566897249873417
video_test_0001558,1067,0.25,ptsm,0.001173331611937889
video_test_0001558,1067,0.25,missed_transition_rate,0.010291884595917011
video_test_0001558,1067,0.5,accuracy,0.0017984963489623418
video_test_0001558,1067,0.5,global_ece,-0.008665803692757601
video_test_0001558,1067,0.5,mean_tfi,-1.0564190807390603
video_test_0001558,1067,0.5,mean_predicted_switches,-33.523809523809526
video_test_0001558,1067,0.5,mean_transition_delay,0.5145942297958488
video_test_0001558,1067,0.5,ptsm,0.005482246857331313
video_test_0001558,1067,0.5,missed_transition_rate,0.027163826556436677
